side,placebo_c,jump,rob_ci_lo,rob_ci_hi
below,49,0.0509590510458553,-2.770503431586431,3.032851724727366
below,51,-1.950139028271269,-5.175776223446432,1.1387361808448948
below,53,-1.6111235698640636,-4.4758412009548305,1.5849133913185174
above(z),60,0.27593654813078317,-2.517755322916144,3.547923481825012
above(x),60,-0.1915031600471645,-0.6278519421292575,0.1488399313482216
above(z),63,0.24300091887313613,-1.6093057828107873,2.492449483075981
above(x),63,0.0200136963028974,-0.1850595028102097,0.2754273177684209
above(z),66,-0.8127364654330975,-3.5740549013960456,1.3099263148071603
above(x),66,0.027738221024255882,-0.2571982132002262,0.2704075171574284
above(z),69,0.1431275959229481,-2.140180506817793,2.66193290649655
above(x),69,-0.17761319188575703,-0.5253660502797708,0.17310989117646747
