start_score_bin,x,n,mean_gain,mean_start_score
"(-0.001, 10.0]",0,0,,
"(-0.001, 10.0]",1,0,,
"(10.0, 20.0]",0,0,,
"(10.0, 20.0]",1,0,,
"(20.0, 30.0]",0,0,,
"(20.0, 30.0]",1,0,,
"(30.0, 40.0]",0,0,,
"(30.0, 40.0]",1,0,,
"(40.0, 50.0]",0,364,6.683560146525049,47.495481537588105
"(40.0, 50.0]",1,0,,
"(50.0, 60.0]",0,558,8.452771121783636,54.31096162465775
"(50.0, 60.0]",1,134,12.425649936534944,57.62682794807947
"(60.0, 70.0]",0,335,10.03017096372923,64.72129557834101
"(60.0, 70.0]",1,285,14.05178049436065,65.16011340073825
"(70.0, 80.0]",0,143,11.866969584657218,72.49773074605908
"(70.0, 80.0]",1,181,15.495254382878485,72.55208822840297
"(80.0, 90.0]",0,0,,
"(80.0, 90.0]",1,0,,
"(90.0, 100.0]",0,0,,
"(90.0, 100.0]",1,0,,
