y_bin,x,n,mean_z
"[0, 5)",0,0,
"[0, 5)",1,0,
"[5, 10)",0,0,
"[5, 10)",1,0,
"[10, 15)",0,0,
"[10, 15)",1,0,
"[15, 20)",0,0,
"[15, 20)",1,0,
"[20, 25)",0,0,
"[20, 25)",1,0,
"[25, 30)",0,0,
"[25, 30)",1,0,
"[30, 35)",0,0,
"[30, 35)",1,0,
"[35, 40)",0,0,
"[35, 40)",1,0,
"[40, 45)",0,0,
"[40, 45)",1,0,
"[45, 50)",0,322,6.951328271312772
"[45, 50)",1,0,
"[50, 55)",0,332,8.076450762852213
"[50, 55)",1,0,
"[55, 60)",0,265,9.991207171940367
"[55, 60)",1,72,10.82412361464806
"[60, 65)",0,184,10.640789920006094
"[60, 65)",1,151,11.504302091436
"[65, 70)",0,155,11.708985399951908
"[65, 70)",1,187,12.922398188128914
"[70, 75)",0,142,12.587259688017161
"[70, 75)",1,190,14.53921834514515
"[75, 80)",0,0,
"[75, 80)",1,0,
"[80, 85)",0,0,
"[80, 85)",1,0,
"[85, 90)",0,0,
"[85, 90)",1,0,
"[90, 95)",0,0,
"[90, 95)",1,0,
"[95, 100)",0,0,
"[95, 100)",1,0,
