candidate,world,condition,applicable,passed,failed,reasons
K1,A,GEN-1,1000,1000,0,{}
K1,A,GEN-2,1000,1000,0,{}
K1,A,GEN-3,0,0,0,{}
K1,A,GEN-4,1000,959,41,"{""interval_misses_truth"": 41, ""lower_interval_not_positive"": 4}"
K1,A,GEN-5,0,0,0,{}
K1,A,GEN-6,0,0,0,{}
K1,A,GEN-7,1000,1000,0,{}
K1,B,GEN-1,1000,1000,0,{}
K1,B,GEN-2,1000,1000,0,{}
K1,B,GEN-3,1000,1000,0,{}
K1,B,GEN-4,1000,944,56,"{""interval_misses_truth"": 56}"
K1,B,GEN-5,1000,1000,0,{}
K1,B,GEN-6,0,0,0,{}
K1,B,GEN-7,1000,1000,0,{}
K1,C,GEN-1,1000,1000,0,{}
K1,C,GEN-2,1000,1000,0,{}
K1,C,GEN-3,1000,1000,0,{}
K1,C,GEN-4,0,0,0,{}
K1,C,GEN-5,0,0,0,{}
K1,C,GEN-6,1000,1000,0,{}
K1,C,GEN-7,1000,1000,0,{}
K2,A,GEN-1,1000,1000,0,{}
K2,A,GEN-2,1000,1000,0,{}
K2,A,GEN-3,0,0,0,{}
K2,A,GEN-4,1000,959,41,"{""interval_misses_truth"": 41, ""lower_interval_not_positive"": 4}"
K2,A,GEN-5,0,0,0,{}
K2,A,GEN-6,0,0,0,{}
K2,A,GEN-7,1000,1000,0,{}
K2,B,GEN-1,1000,1000,0,{}
K2,B,GEN-2,1000,1000,0,{}
K2,B,GEN-3,1000,1000,0,{}
K2,B,GEN-4,1000,948,52,"{""interval_misses_truth"": 52}"
K2,B,GEN-5,1000,1000,0,{}
K2,B,GEN-6,0,0,0,{}
K2,B,GEN-7,1000,1000,0,{}
K2,C,GEN-1,1000,1000,0,{}
K2,C,GEN-2,1000,1000,0,{}
K2,C,GEN-3,1000,1000,0,{}
K2,C,GEN-4,0,0,0,{}
K2,C,GEN-5,0,0,0,{}
K2,C,GEN-6,1000,1000,0,{}
K2,C,GEN-7,1000,1000,0,{}
K3,A,GEN-1,1000,1000,0,{}
K3,A,GEN-2,1000,1000,0,{}
K3,A,GEN-3,0,0,0,{}
K3,A,GEN-4,1000,959,41,"{""interval_misses_truth"": 41, ""lower_interval_not_positive"": 4}"
K3,A,GEN-5,0,0,0,{}
K3,A,GEN-6,0,0,0,{}
K3,A,GEN-7,1000,1000,0,{}
K3,B,GEN-1,1000,1000,0,{}
K3,B,GEN-2,1000,1000,0,{}
K3,B,GEN-3,1000,1000,0,{}
K3,B,GEN-4,1000,946,54,"{""interval_misses_truth"": 54}"
K3,B,GEN-5,1000,1000,0,{}
K3,B,GEN-6,0,0,0,{}
K3,B,GEN-7,1000,1000,0,{}
K3,C,GEN-1,1000,1000,0,{}
K3,C,GEN-2,1000,1000,0,{}
K3,C,GEN-3,1000,1000,0,{}
K3,C,GEN-4,0,0,0,{}
K3,C,GEN-5,0,0,0,{}
K3,C,GEN-6,1000,1000,0,{}
K3,C,GEN-7,1000,1000,0,{}
K4,A,GEN-1,1000,1000,0,{}
K4,A,GEN-2,1000,1000,0,{}
K4,A,GEN-3,0,0,0,{}
K4,A,GEN-4,1000,964,36,"{""interval_misses_truth"": 36, ""lower_interval_not_positive"": 1}"
K4,A,GEN-5,0,0,0,{}
K4,A,GEN-6,0,0,0,{}
K4,A,GEN-7,1000,1000,0,{}
K4,B,GEN-1,1000,1000,0,{}
K4,B,GEN-2,1000,1000,0,{}
K4,B,GEN-3,1000,1000,0,{}
K4,B,GEN-4,1000,955,45,"{""interval_misses_truth"": 45}"
K4,B,GEN-5,1000,1000,0,{}
K4,B,GEN-6,0,0,0,{}
K4,B,GEN-7,1000,1000,0,{}
K4,C,GEN-1,1000,1000,0,{}
K4,C,GEN-2,1000,1000,0,{}
K4,C,GEN-3,1000,1000,0,{}
K4,C,GEN-4,0,0,0,{}
K4,C,GEN-5,0,0,0,{}
K4,C,GEN-6,1000,1000,0,{}
K4,C,GEN-7,1000,1000,0,{}
K5,A,GEN-1,1000,1000,0,{}
K5,A,GEN-2,1000,1000,0,{}
K5,A,GEN-3,0,0,0,{}
K5,A,GEN-4,1000,959,41,"{""interval_misses_truth"": 41, ""lower_interval_not_positive"": 4}"
K5,A,GEN-5,0,0,0,{}
K5,A,GEN-6,0,0,0,{}
K5,A,GEN-7,1000,1000,0,{}
K5,B,GEN-1,1000,1000,0,{}
K5,B,GEN-2,1000,1000,0,{}
K5,B,GEN-3,1000,1000,0,{}
K5,B,GEN-4,1000,944,56,"{""interval_misses_truth"": 56}"
K5,B,GEN-5,1000,1000,0,{}
K5,B,GEN-6,0,0,0,{}
K5,B,GEN-7,1000,1000,0,{}
K5,C,GEN-1,1000,1000,0,{}
K5,C,GEN-2,1000,1000,0,{}
K5,C,GEN-3,1000,1000,0,{}
K5,C,GEN-4,0,0,0,{}
K5,C,GEN-5,0,0,0,{}
K5,C,GEN-6,1000,1000,0,{}
K5,C,GEN-7,1000,1000,0,{}
