candidate,world,method,status,count,bias,MCSE,relative_bias,coverage,precision_ratio,distinction_ratio
K1,A,primary,ok,1000,0.004342686691276205,0.0064130006975942405,0.004340904289006627,0.959,4.933066843745301,0.0
K1,A,D1,not_applicable,0,,,,,,
K1,A,D2,not_applicable,0,,,,,,
K1,B,primary,ok,1000,0.005172647003316879,0.006764040020938607,0.004416129407223638,0.944,5.4760181911584125,11.289053206509765
K1,B,D1,ok,1000,0.013303153160301428,0.006977160408676608,0.011357520790097544,0.954,5.30875084286745,10.91405118133662
K1,B,D2,ok,1000,0.004118708227017061,0.006944790252320946,0.003516332838765283,0.95,5.333495304340486,11.008280491753464
K1,C,primary,ok,1000,2.397200696607142,0.006144363510523302,1.8683094494857635,0.0,6.60356844361134,8.39577998507098
K1,C,D1,not_applicable,0,,,,,,
K1,C,D2,not_applicable,0,,,,,,
K2,A,primary,ok,1000,0.004342686691276205,0.0064130006975942405,0.004340904289006627,0.959,4.933066843745301,0.0
K2,A,D1,not_applicable,0,,,,,,
K2,A,D2,not_applicable,0,,,,,,
K2,B,primary,ok,1000,0.0041817615786388825,0.006450866190410217,0.0036241067348035242,0.948,5.6564018398139515,10.628810124786895
K2,B,D1,ok,1000,0.0069338481547387785,0.0066461136907088264,0.006009191419247057,0.952,5.490229792313159,10.30742539241256
K2,B,D2,ok,1000,0.0023907736225072746,0.006613134163323788,0.0020719542766327215,0.948,5.517609424922147,10.379891465459577
K2,C,primary,ok,1000,2.3754674036819075,0.005939473031110589,1.863079971971875,0.0,6.7884349924354614,8.198544803208875
K2,C,D1,not_applicable,0,,,,,,
K2,C,D2,not_applicable,0,,,,,,
K3,A,primary,ok,1000,0.004342686691276205,0.0064130006975942405,0.004340904289006627,0.959,4.933066843745301,0.0
K3,A,D1,not_applicable,0,,,,,,
K3,A,D2,not_applicable,0,,,,,,
K3,B,primary,ok,1000,0.003371890496841489,0.006295046236456369,0.0029465687744268474,0.946,5.748545270451919,10.206709459251565
K3,B,D1,ok,1000,0.012698368957428962,0.006434999377293028,0.011096628876637663,0.947,5.623521642838157,9.943146487618156
K3,B,D2,ok,1000,0.0004062363642547657,0.0063960884941928805,0.00035499473872921975,0.945,5.657732581829119,10.064399138818139
K3,C,primary,ok,1000,2.381818485887243,0.005802095128747566,1.8788883842037103,0.0,6.909121580335176,7.790499197331986
K3,C,D1,not_applicable,0,,,,,,
K3,C,D2,not_applicable,0,,,,,,
K4,A,primary,ok,1000,0.0052869534014348945,0.005405707214266435,0.005284783436523357,0.964,5.852289044942414,0.0
K4,A,D1,not_applicable,0,,,,,,
K4,A,D2,not_applicable,0,,,,,,
K4,B,primary,ok,1000,0.004639902133359518,0.005309482748203579,0.003961300325467698,0.955,6.976198616129893,14.249285896327896
K4,B,D1,ok,1000,0.013109697078428104,0.005472636473806177,0.011192358332342505,0.95,6.768219737903093,13.789662017700108
K4,B,D2,ok,1000,0.003898503180805532,0.005437455278030801,0.003328333545643173,0.95,6.812011190241467,13.933394065531918
K4,C,primary,ok,1000,2.395684354908979,0.0046291216121705754,1.8671276562686427,0.0,8.765102406791891,11.035985504453734
K4,C,D1,not_applicable,0,,,,,,
K4,C,D2,not_applicable,0,,,,,,
K5,A,primary,ok,1000,0.004342686691276205,0.0064130006975942405,0.004340904289006627,0.959,4.933066843745301,0.0
K5,A,D1,not_applicable,0,,,,,,
K5,A,D2,not_applicable,0,,,,,,
K5,B,primary,ok,1000,0.005172647003316879,0.006764040020938607,0.004416129407223638,0.944,5.4760181911584125,11.289053206509765
K5,B,D1,ok,1000,0.013303153160301428,0.006977160408676608,0.011357520790097544,0.954,5.30875084286745,10.91405118133662
K5,B,D2,ok,1000,0.004118708227017061,0.006944790252320946,0.003516332838765283,0.95,5.333495304340486,11.008280491753464
K5,C,primary,ok,1000,2.7052510163246066,0.005934542602056266,2.0865822327700503,0.0,6.9085167036443496,8.094097393390303
K5,C,D1,not_applicable,0,,,,,,
K5,C,D2,not_applicable,0,,,,,,
