x,y,z
1,63.911404697174319,17.69209577649579
0,46.134975891527823,5.4836415048416001
0,73.672210104820806,13.387601312224771
0,54.992068815125876,4.5793964770283573
0,72.439545631139623,17.714328801195347
0,46.933544887009809,4.6281800731868028
0,69.097499280601312,17.302715400206242
0,48.412116574776235,5.5272848641581032
0,47.237710025327885,7.9289403072685527
0,73.499056653147051,19.697033578665149
0,53.161261639023117,11.942053701130202
0,52.963452979084941,5.7982016265746132
0,55.449645793804685,8.288643119169981
0,49.76210211562038,9.1921400523676109
1,67.726227738763626,15.33462239571231
1,67.23398217404484,14.91008016556389
0,53.693400527162176,15.480038809390628
0,70.723033889343924,16.939434314260946
0,74.142941075914749,14.849380087678348
1,64.26915526723478,4.9961037578322074
0,49.373971002949581,8.905087600118831
0,50.522541481072977,4.0967406624026133
0,46.797589062837986,-1.2360859854596371
0,74.755338172885317,15.362600443220648
0,51.089495610936339,6.9757784798037639
0,45.134143768186448,6.4578528088783944
1,71.950780628960032,16.949132491318419
1,61.092727133997968,12.262410479137724
1,62.689064279261729,9.7108214557710788
0,58.412057471266216,11.404249037356385
0,54.769713060020067,11.327758117249761
0,49.762818540194985,11.902296415572398
1,70.803966888824107,10.530569089385159
0,52.309063556699712,8.0528868695346318
0,62.770912543623766,7.8589005835638845
0,51.978448692173011,4.6587284127179363
1,72.318648196371925,11.918941511816087
0,52.647238985390288,12.250217382430069
1,66.979207523867373,15.590925246379626
0,60.200072565880241,16.850479658016145
0,69.627142950693752,4.5499767629078347
0,46.659727495481576,6.9654238818910672
0,48.022273453115524,10.717903246036542
1,72.883459999763659,9.5361051048615568
0,58.137365257843818,6.9795395102960267
0,69.318648013442797,9.4544227040759594
0,66.219689554997643,8.9710550391183457
0,50.960538293008639,10.770675375559488
1,67.922682591945176,20.502998781226804
1,58.405774082451849,15.819374729011411
1,70.974454296761024,10.986400926727086
0,67.460767384423008,12.267414292058307
0,56.002469852410961,6.5692964691284574
0,47.650074835216245,2.1322367397268787
0,57.733812778572229,8.1683876468073215
0,68.284363402196419,7.2971268227015793
0,67.241156821908675,10.30512514006058
0,57.75031452798568,4.103966214994097
0,53.873683234174919,6.3771981742648798
0,60.170859294996497,7.095863873612954
0,50.077922730724374,9.5457006878072352
0,48.287379850832679,6.9613292548828083
0,45.741413444341461,3.565855577588481
0,71.355645305831928,10.777803404258057
1,71.178948185200369,14.415398189066176
0,54.551575664845323,4.7084493821779079
0,49.957652170361449,2.1877201290189916
0,55.707887018653096,9.1161561854761786
0,47.555435338284227,-1.3330969734267644
0,48.512974924215797,6.2672288458625527
0,53.707689334156413,11.730408724663448
0,70.48923415791819,11.519062296578724
0,58.106096353916513,11.500435635735663
0,67.569393776760307,5.7248599955527713
1,65.936210447439549,11.783661441491063
0,72.588758560642248,13.039024709512677
1,68.604660785327425,13.051983205968751
0,55.496190346980164,6.4731582722379759
1,62.580137415994812,7.8645735115987057
1,59.750479627217089,11.063042606122465
0,69.223806374165406,6.5229333304026227
0,54.070780795388011,5.6484268007917215
1,66.243581835002558,9.7735651757569855
0,51.368219113886568,9.7263865010497543
0,63.918598790226454,6.6868266748165537
0,60.206284778736489,10.994818169979057
0,56.555241002999594,3.1354029475805234
0,45.464706900121534,4.9290659861269948
0,61.097398003006781,12.014019969550555
0,70.045783703452685,9.5584548449021991
1,69.446884934657149,19.889461267227553
0,59.242086032035985,9.6565454758275386
1,73.871113643618543,15.31401479224918
0,53.573887330001959,3.8693350372863913
0,62.391767007026402,12.737099971347604
0,69.034211395482671,13.065073826447795
0,69.054288624705492,17.225249744863351
0,63.474444735015112,9.2111838031677209
0,51.961600723545068,11.011645355601875
0,52.994856703388422,9.1434707241104096
0,53.610554280036965,12.649370221514413
0,63.290149943490434,13.014044352632798
1,69.767552522830016,17.671008239920056
0,54.812524241931598,10.520039928100672
0,52.29120135221018,5.1261806835876111
1,70.37112404634297,19.155043047241094
1,63.458027880975429,14.021111960073068
0,74.858500190102049,11.437167015276534
1,65.800711811997687,17.907813538617646
0,47.167708018135095,9.0307674421166073
0,55.339999568560302,7.1263957174659893
0,49.18259912255408,11.954782355689261
1,70.466939785265481,16.169367930098492
0,48.547603254889445,-0.092069853037208382
0,62.753917446641566,12.283563658746537
0,69.332281997812146,9.4281113667850356
1,61.960346907881849,13.19834710108465
0,65.863469393440269,14.618261785645723
1,71.690914991284927,17.507972702187999
1,66.790170640921957,9.7163189634337144
0,69.062340183159776,13.838315326109596
1,66.654900261124538,12.967359101917655
1,63.801103755287656,14.642100565481622
1,70.582389079798162,17.892995961091795
1,65.343661133467975,15.87268904670305
1,61.816078902054784,14.22986057930674
0,54.906515838521827,15.402345703300087
0,49.735879875556719,7.1062161726760937
1,64.05097121167725,10.780169860649988
0,56.650907637141977,7.1157116120826851
0,45.015645190931139,2.8276183119509826
0,51.502570785900893,5.6042488662067136
1,61.832807097718167,8.8021913566523704
0,53.125534229952528,4.1456143377869044
0,63.537149682685808,4.1609827713211587
0,49.097589565472326,2.7594404043869671
0,56.808044837910529,8.2126922274585095
1,68.634762574477577,10.140747045789652
0,57.916605716963616,7.4995873303582119
0,50.223469440638226,5.7710162010130874
0,53.119941919546037,8.7546187057944156
0,60.647266892786533,9.0052509628251123
0,66.374857766622029,7.3896954193730391
1,72.988134655399719,11.758811390065812
1,70.130911693010347,14.341583782171536
0,54.077047211980698,11.991605036892114
0,74.918736159455051,13.031021872994259
0,51.195226585039748,4.5852023272358711
0,60.496367940654423,7.5442475171719421
0,45.560138198281663,2.6631487944237602
0,71.293443706093711,7.7074286596687269
0,54.824171499863077,8.0028162760006207
0,46.84513845658941,3.4499689747452615
1,65.9890006915317,9.6997219382624476
0,55.236700155753397,11.155855628980675
1,71.025747601351782,12.978111366085765
1,66.889008676882355,19.153635609647388
0,47.884601156622111,12.370129219234496
1,65.703259259728284,10.548641937544478
0,57.563283496724111,7.362740926411405
1,63.486553187707088,12.480732839591205
1,70.904787576056691,12.57343202984622
1,74.066417881008022,16.482709664365693
0,71.362431312932358,13.234444825595002
0,70.010857164566062,9.820135084435714
0,71.38161754854417,18.351474276002421
0,55.662782930825898,7.7536721757799967
0,45.831699880280944,-0.27273811563111217
0,58.150502375438634,3.6926617894077207
0,45.780979613220929,13.533728902072941
0,56.493981354736903,8.6079428814587704
0,49.960231745063105,2.0537104407437856
0,46.779805292986836,2.4153028254520943
1,62.558908178051908,14.422012759006876
0,69.188662930910212,15.022621016122347
0,48.689167486294515,11.173237049262333
0,52.743777949765892,6.1332373566443303
0,55.355352559661988,8.6170176537421117
0,52.699064084479488,4.12593185685515
0,63.063965819004409,4.7030086723102835
1,61.148860790914519,6.2165573385612651
0,70.865059050812306,14.14785063931269
0,55.24163062976735,6.436501170087471
1,67.480134811276173,11.976947834831444
1,73.829742700378077,18.475147332733716
0,45.290243900929845,7.6711513007709238
0,61.292605807871766,9.4714237244412729
0,62.373110698119028,10.045214320384634
1,61.784770954987493,11.408615043104511
0,59.982947953904429,7.9054377272511323
1,58.948315232542335,3.3064288490822946
0,73.398544953803068,10.595718545740512
0,55.594251096064212,12.930683198256217
0,72.945736394893217,12.301604406995507
0,55.487297584375185,7.2209250361446857
1,73.348569190252718,21.478239196055199
0,70.76490801073362,13.721383027522647
0,51.67357576850651,1.3066267468578161
0,48.315536681342806,3.2666764835056945
1,67.062365942584023,13.156633837633722
1,67.000766620656933,10.049880527091707
1,66.158594578006415,11.060939653273799
0,63.762641301773868,11.591182435164711
0,55.949283798567201,8.2634260351281625
0,50.590842694306708,6.4422845284562849
1,72.965418572765117,15.584384626320261
0,73.071938096066901,16.065223301532718
0,56.545395322361941,2.3201898976470989
0,45.891808187050813,5.268148863076803
0,73.591198586693793,12.639085847126378
1,62.71667530000758,13.581966491762566
0,71.760190012428311,17.769208718584348
1,60.909271119129173,13.189480496318073
0,50.485249796887629,12.443711094420699
0,56.126511802398213,5.8872526474192881
0,46.408162742278215,5.8567094801042074
0,47.67133127197544,11.244060081716395
0,62.394109121300815,12.021386514787366
0,65.213759935603065,8.5822034882359102
0,66.123587437761131,10.017105474752309
1,65.865623422104505,11.029676484880278
1,62.11430832456503,18.970198728128796
1,67.284958436617586,9.5226846543226671
1,68.19147327489911,18.350269121546255
0,65.437956164108215,5.539958045510911
0,56.4964849112853,6.8710620223776413
0,56.462825635748629,5.9051968220266362
1,63.912958048303807,11.032063147238018
1,60.910937611898262,4.8099320178104019
0,55.571191200113518,6.7355740059491973
0,62.376201663052214,17.857080778400288
0,74.738711426264828,14.991946518560386
0,64.465453946297259,5.5553423230217787
0,74.400956387415704,13.507507028940855
0,46.159027753112696,9.4150844433478618
1,74.761395860685752,13.156299707104163
0,66.098119329812405,14.205503797748241
0,55.900145111867857,12.007322380340433
0,71.410428109927579,15.278553793050479
0,46.32987124531391,3.7197964410592261
0,70.099562234181633,12.861792616346136
0,73.575710616217762,14.304822828474187
0,54.985640427744393,9.6294128432081845
0,54.527110086154572,12.561626470236797
0,47.249754899851226,4.1424966469452347
0,52.287197889763291,10.748626065207853
0,49.279924427892666,6.5331238159029006
0,55.255845723943168,10.602889470746222
0,64.540433226827375,16.61933458646449
1,59.300142037621583,12.170304311727252
1,73.122209131425549,15.804770158308934
1,61.834163638008633,7.5291567440238012
0,48.260105234154921,12.238538770549642
0,48.347453864603814,5.5633054558386172
0,56.994859482086142,7.6623214340405452
0,45.427909442615757,11.779357557616642
1,68.764090329749195,20.502673179209363
0,54.707489804786491,10.606700263607944
0,59.5166947386451,6.1400634269055425
0,52.25662354456415,9.1764224246298376
0,49.755050358738501,8.1630700080239897
1,71.433708412353084,16.880235053889024
0,57.634731751184773,8.7034196565258508
0,49.309597529894774,10.726546849333538
1,64.07475917575735,16.222064853104847
0,52.445558895821208,7.7881941331445939
0,61.720408509602763,8.18561629533869
0,55.623295353064776,10.572480669836631
0,60.466864725965664,14.700146220754821
0,63.066296349612095,10.236064984688884
0,61.261564741726573,7.2879140348554055
0,55.731664888182735,17.118279620537674
1,59.4456699102142,14.118462563361881
0,49.583627197111909,5.870626311415271
0,58.022810473615955,8.4598929201396871
1,72.518044323239351,14.791762629264701
1,73.750304460997526,16.445777612468632
0,53.357976406777546,10.440689558424763
0,45.505563329479102,2.1176706592720684
0,55.791042363762116,5.9358496842936859
0,53.247578635385622,6.357685555530435
0,56.992578751143625,6.8195664300097674
0,54.90760468961458,10.83917708725269
1,66.59802157420819,10.79220854009295
1,65.515752150835397,14.799660564931241
0,61.146986180145731,5.4940734324437885
0,57.941992520077477,11.124246191429346
1,66.460990787872305,18.693759092433659
0,70.258882509530224,10.640946857171187
1,72.373086016378949,15.168871208219905
0,67.711311825509682,14.409460665451974
0,50.414665456909901,11.751256832682346
0,47.820437902151951,7.9012113151837866
0,55.435205982279626,13.071211017587061
0,57.546851103246141,12.760531357083122
0,45.876617178359901,7.73358665317404
0,66.744069002195431,15.930232030105717
1,71.065211265799874,11.668000213946472
0,74.975976302218626,9.3974183906517741
0,57.929275074145259,6.121001377252453
0,59.927623790889385,13.410423698319878
0,54.064938085797571,6.6151820717237655
1,73.463891830108878,16.360842503707925
0,52.956310627971966,7.2344115484372828
0,63.913483859014988,18.241963010919154
1,72.735579295864781,12.282068711321871
1,68.266633332557561,13.153878703648303
1,67.466719241068375,11.003627855435443
1,61.909735042280445,7.3669026971382596
0,74.558210724853467,18.378306806173928
0,66.84311443231114,10.099803348727962
0,73.582309866523957,12.929129282214028
1,71.095379941903445,13.633363743793797
0,57.44707868841796,6.5786729202809342
0,63.642099204882179,14.90398277906133
1,59.15735456053406,10.292095527824531
0,54.191394358099281,11.016903463620167
0,50.597806437786879,8.9711039186069979
0,60.328040391354513,15.713968412630164
0,52.59298663219716,11.036226133155594
1,72.749438356602553,20.342940782077068
0,47.021609693975236,8.6021944333496716
0,61.103791004485416,11.951022016979945
1,59.61738430674707,12.633585285115169
0,51.539032158782284,16.249611807203916
0,59.608148041097706,13.556178276213855
1,63.190091641280731,11.078879718181019
1,61.854905008381749,11.256639775006407
0,52.988930383713324,8.9693223405922993
0,68.506212613070829,13.659475076128764
1,58.998918676446905,9.6775102182607142
0,51.506479430898224,15.636029164486839
0,50.081830184586387,8.7634016032890365
0,64.449272800394766,11.885664293759174
0,62.857444727718658,6.4153707716277824
0,54.05259100216638,5.4439327915482494
1,62.070424076408813,9.8070909805470645
0,63.570463510010853,6.6685239432086458
1,59.04755960342743,7.237987025783494
0,45.331860879824106,2.5722018576693064
1,67.155826679346063,8.6404709363665475
0,52.427724096056131,6.42597116704719
0,59.556827123355724,10.022527643309356
1,59.488207824813117,4.8302890277970958
0,50.942986080239194,6.7517451263385571
1,65.750056704238801,8.6376148388864795
1,64.842172564986129,14.50834073550722
1,73.975062990167231,8.4927402325139294
1,65.71670117677867,12.915814395432744
0,53.606995233139088,3.8673596198166855
0,72.364436141832115,15.552672261500314
0,63.170837454273411,14.610768369775066
1,68.664325921948674,18.700030175257574
0,66.678630271691731,6.057914900840915
1,65.626917336720027,8.310859661271099
0,67.831937364230086,11.720082209298077
1,74.654556907371628,9.3719842394327681
0,71.180905542278026,14.832175559298891
0,46.178380227221766,7.695585230913359
1,72.177846886034857,8.2858907896630338
1,69.274384471871315,10.017390409775302
0,56.086573591683759,9.7871473153729163
0,47.325094684685958,6.7199899124755413
1,61.44106845230008,15.910944905074759
0,60.949210925242454,4.3077236076042418
0,52.105347076598143,10.414816957144302
0,48.144024276569603,6.2234908934651205
1,58.492273766060947,6.070394727812876
0,57.643583788373341,11.303932586740405
0,48.887212097644408,4.7611274513309949
0,48.194301551369499,8.4716202534276732
0,55.402023856867459,4.753810815840712
0,52.465121958018138,7.7217938846032608
0,58.33238492939897,8.1617570650849505
1,67.340344849734095,13.176752661062103
1,68.251668256049555,18.42775592280254
0,50.173990785239141,10.164000740896855
0,67.181655862242138,12.182079413031985
0,71.43588085436366,17.127270318607714
0,47.889980461835862,8.82926955745722
0,74.262073149219091,13.998832863128797
0,48.716728467898115,3.7786570625067029
0,67.08843239203766,13.423767756451934
1,72.243102870128212,12.91930596917633
1,60.695190249249009,16.054978708890548
0,62.966950561309673,9.5045456360043232
1,67.506445809225738,13.923342805201912
0,56.385825239483992,1.9199044527667333
0,60.046083889279508,12.821141077823068
1,58.995828466244539,10.672365453076948
1,73.205066178762365,16.778424610387134
1,64.868498882053458,10.960017967356919
0,46.275941507641377,12.469234701449853
0,63.873589656432259,8.415989969954877
0,57.151592200110535,10.244657427633417
0,66.795311250562179,9.6224620385201121
0,49.229730616847775,2.4008811350364314
0,49.898927382796181,11.166524425935998
0,61.557453395931276,11.672043081297829
0,51.560064234560627,3.778301943405725
1,58.805308885294338,14.78226818757866
0,59.173296697843028,4.3657768477694319
0,55.369266993208107,12.506349849212013
1,72.56327189472313,18.819917485245448
0,61.594402440961595,9.3358701558135628
0,45.595987643902482,3.7973368622271542
1,58.974466390044725,16.239956308679925
0,55.688084549767481,13.45633738634756
1,60.638152158853927,12.416014654719767
0,57.906189227896363,7.1473633069960325
0,60.497092879822993,12.022056325390844
1,64.899599711197823,19.02053099277796
0,45.991841176727959,0.41561859843057469
0,46.891310703862032,9.3281349286656798
0,45.124399388897992,7.9772717457689826
0,48.277060029104085,2.7412989219237458
0,46.920861800798377,13.048902470781726
0,55.990694205814506,9.6040433569441941
0,56.730374061549469,13.493350490260175
0,55.293160731935799,6.3113398053266216
0,72.51712212311881,18.978543068028447
0,46.223754507971222,-0.72012801362972656
0,53.943338896138876,5.2058244467335273
0,48.024940299448332,6.341424565598837
1,59.143218264576483,11.929451183555742
0,53.783260030392533,2.1363728235113841
1,61.922942740839261,11.013658805450094
0,56.250759204064309,12.838272304771364
1,60.589211104578929,10.099490699330028
0,50.574709739753295,11.858859820299147
0,46.686344406273456,3.35749249116774
0,60.037737003134509,15.130890201359128
1,73.341503210092412,14.696163577193353
0,70.355262820157577,10.371755623573186
1,73.616236142298106,18.195374106818115
0,57.358305590035542,7.289129853728749
1,66.355048854710716,19.106895809781129
0,56.377452972693831,12.11666354910621
0,70.195441786893198,13.215851069776258
1,74.312563426846111,8.7777590990492325
1,68.981520598534146,7.1372093211675907
0,54.436084012458259,10.041465137064955
1,65.140710073990007,10.071685279571424
0,47.051331473838381,4.9215731229428057
1,59.585157334023684,18.779159373232872
0,50.966242746863692,7.6260704748154451
0,62.449234591572505,8.9270663037174103
0,48.370044926579922,6.1431822586605964
0,58.849081628055956,14.115948260740479
1,66.403823415669166,8.7610249781508642
0,54.346682703175667,13.742357021613074
0,51.187536607998226,11.187850138833685
0,50.942331562442419,11.274160403204991
1,74.985320145978832,18.577015484036497
0,63.960836507455397,8.3383554033364273
0,50.870144814167851,3.5418112263027699
0,49.31026073324535,10.62686394691181
0,58.009150359208377,4.8037565019820088
1,67.727620396635231,13.20362069930129
0,63.752961332306768,7.1437568249076371
0,56.088377638704237,9.102761602793489
0,65.125614294442144,17.862613208978871
1,73.235207962479137,15.881774186933146
0,66.702738458066818,12.541330564302401
0,48.565521634355072,1.5600951505877161
1,71.998159154187633,17.130307380332503
0,57.428347578058364,8.2661509196780631
0,53.566749396555011,13.641649398516511
1,60.699246478840863,7.9766721777105998
0,64.772260745208655,3.9553603660678398
0,68.548351605029382,12.233702863701232
0,73.623763117318774,10.300458957082181
0,48.294868535262012,9.7643324917773775
1,70.097027941324541,6.8870131172726845
0,56.802481338437147,9.0569958623572209
1,69.379917579586916,18.09326041200049
1,62.272398324210634,9.5717621713330256
1,71.647731383044913,15.75848601933423
0,65.993756733008041,8.6205876008726641
1,74.016107298419186,14.99099878192615
0,61.629654102131326,6.5408768636341321
1,61.489798325537116,9.597833367884073
0,49.912755501586361,9.6749309403887356
1,68.714033447208493,7.5051458628857048
1,73.117357888684154,14.885271618246604
0,56.595233939086611,10.159469958967275
0,65.339866725835734,12.208688346844957
0,47.498321509070607,6.1368984063598724
1,67.976602136076536,13.673827330945496
0,53.468319268175179,9.2575758495637324
1,72.42046121561927,16.518093062360322
0,68.833152869932277,7.9105937554273416
0,51.476508724930824,5.9704946784506765
1,67.689599735408024,18.232575922416196
0,67.237551358434075,12.361375976837367
1,70.50656677204995,16.441964736241086
0,47.842849063963158,5.3358553855587276
0,70.703847757237043,13.112012454050568
0,59.443053416879629,15.10622177656975
0,56.535740835996194,9.6274390638823419
0,66.32671983883111,9.555065661250584
1,71.419554838991331,10.881088971165994
0,59.75367485058721,8.3977285297838336
1,64.749300749003055,14.193964468918598
0,50.17115368821014,4.7970677635605687
0,56.705532976313307,5.2510125767019646
0,47.178728869513783,7.9139505768124536
1,72.114272828830408,15.458359178572435
0,59.92215081724391,10.26922275750854
0,58.168674130287229,10.27900391702234
0,55.232633404428427,11.544024847624165
0,49.726105565383925,6.9764578149196517
1,64.781710919015296,15.024681553321795
1,73.606969725307323,10.140311366203075
0,47.712275955155221,5.1981292639463064
1,70.048517452034588,12.851077596371159
1,62.835881372320216,18.389860928723156
1,69.921346048396202,14.360564356868332
1,64.783052050784406,14.951514551158365
0,59.123091894423489,13.461534731355862
1,62.232564448656575,7.8822302883360411
0,57.200606683785111,13.420986436420606
0,74.893038069538335,18.693926214476683
0,71.213646690408169,19.638293950779406
0,72.828629609306006,12.891097870607041
0,53.696199345388131,8.7999829598581538
0,57.696296796971041,12.152395032768382
1,62.965393644950581,10.615322977109582
0,63.622797336840968,12.952984161978597
0,45.931327979664722,10.855514298496603
1,61.668138509366074,6.398371875622205
1,73.53503746438659,6.0903493063364023
0,51.164462634393985,4.0478118778897789
0,51.422061373028811,2.5539382227606797
1,68.355250175368027,15.038184933474609
0,69.968656173197346,9.8721195953163967
0,48.373089556752603,8.2548629372935665
0,52.217303129235809,6.9151538695604957
1,71.393406495964243,14.492591288956593
0,55.960008714914181,11.910954587476937
1,68.08092255783059,7.8518299238081504
0,69.735138287457801,17.609950005658881
0,46.187064260025075,6.3434351996530758
1,65.213211237521293,6.6222161757666402
1,73.794195300712119,12.617867256900812
0,65.695323592715042,5.4908636763148779
0,57.557136511660644,9.6669523844008864
0,56.453932927348632,12.536833003153188
0,50.245433141508698,13.464873152901612
0,73.702474859490337,12.946099080713502
0,47.393026480102428,1.9886527580006672
1,69.320701706972699,19.093750644159432
0,60.894215319101448,9.9098753849937591
1,72.803503200157337,8.7832095355319506
0,63.885290633514956,8.8887498460113257
1,68.131829703627787,15.374813736327962
1,70.674453067029091,15.802701094796406
0,72.108589817684773,10.263885959215308
0,61.581798081225699,13.541317398434103
0,58.216812073400384,14.682098662206732
0,54.933620569099915,6.2119113020321768
1,59.847951761465389,18.072788227328022
0,71.595637621201917,5.8433164337450387
1,74.212642166995863,10.725306366882384
0,55.371821506961439,9.1689796761771341
0,48.574802971140628,8.0124933012124497
0,48.440369739514772,4.3728056153737356
1,71.93191679245993,19.747756063978251
0,64.474746543141677,14.74400336092943
0,74.420359019850991,13.996236373340558
0,47.758110198225914,8.1243009485091733
1,66.831497950410366,10.912948277146448
0,48.288814832269409,-1.1079637134667961
1,73.279280632076336,18.958159626998398
0,67.610697732409548,8.6083774756407578
1,58.867840821142153,17.724318993989634
1,63.32053265725007,10.411131241166281
0,55.614934541511431,4.3254368333350701
0,45.043247857540941,8.7432524334844306
0,45.485167450343333,7.2394105231375372
0,58.214079563299975,6.0101470454299672
0,46.84136725265099,10.615298429452986
1,63.263276857558765,8.5813707351939374
0,46.96879657782069,3.3235789520694183
0,56.654182903174998,13.66648443470139
0,61.773513944989773,4.9616669226298455
0,54.38063455709694,5.6431276875099812
0,65.691007054019053,8.5522029953801013
1,70.566603909598811,15.378351344613005
0,60.717668493205352,2.2394760397326205
1,73.256355901486558,20.706101713627909
0,72.274566819927486,17.468744791422839
0,57.073081065824958,12.478651484032062
1,66.565099101520303,13.892407042697288
0,57.457772059050349,5.9631029161302473
0,61.808729112636129,12.887595064795793
0,52.271960085862197,5.0751522328686276
1,69.863566982057847,8.8002828449346246
1,58.737065609648887,11.346957599999747
0,47.056112142845436,8.5705253005394351
0,66.180554037992565,9.4332252786551205
0,52.403822902140398,14.991790728360384
0,61.886733065039273,13.1573681611239
0,59.887077409028095,12.551495015013433
0,49.718820797148332,10.102910125392121
1,70.912563805596832,16.952457339687868
1,68.13345812296194,19.736006886977403
0,52.025124460196494,6.2201787047266759
0,47.903146572212982,7.4620997329553518
1,71.216855407454673,11.989504904620382
0,50.716174057476849,9.4432751578733907
1,72.767418838140102,12.225671469899918
0,72.654299802146866,8.8413403241816386
0,50.573218798617901,5.711015342576351
0,58.747839850325526,9.4247980310021759
1,61.359166481016402,9.3238458491048402
1,74.123539633611898,16.627919277097419
0,45.261089967305523,6.3926349022887345
0,62.599451394161107,15.609685535418
0,61.271927184250202,9.398535363061729
1,59.465166170275154,13.274507477052781
0,63.618610336126167,13.069452946748447
1,60.744746803544139,6.8125045333206744
1,68.305505771237705,13.910996400261478
0,55.486186758552456,14.133700899085119
0,55.176571432156109,10.032292344988688
0,52.791129849684097,12.003862094780787
0,50.314315098368397,2.8983133245773542
0,48.224541228662858,8.166705527105556
0,56.803624870383672,10.356390783091872
0,53.532541658650423,10.661373803967921
0,55.487345156040988,4.7930604710963411
0,58.108914309151636,4.0375838338493777
0,49.353212883067314,10.054332347679157
0,60.397574586928691,13.346569618887241
0,61.137058356452989,12.246020507297144
0,55.605416021478177,8.1060285822618177
0,45.182929792470368,6.7323577561017833
1,60.981038154079641,10.931867166290578
0,57.260106779157312,12.384218873285468
0,55.937977600006725,14.138128523722484
0,64.662258356374991,6.0019212433440066
0,71.74048938095082,17.056773530171316
1,61.382322649872393,9.8804230509919719
1,62.281303575348574,9.9479281270234559
0,49.775386016683072,6.116098809853626
0,51.565177942066946,11.658598574665282
1,71.74633351012902,14.263055505372757
1,66.338666547434741,15.209894713238478
0,48.639937334460804,9.5475444811512027
0,45.964298787159208,3.6623771366972715
0,52.632507773084299,6.6469679495414367
0,55.420524200713359,5.8688237121715368
0,58.179298314066671,4.3925190137540682
0,74.188371947665061,10.420437461962122
1,74.449185119217518,11.016957537766961
0,63.414588016719364,12.370301067528423
0,49.650170608963577,5.3188399231465855
0,47.475405184099102,2.6782798795253044
1,65.72526549901005,17.137407493948213
1,64.733739360109396,6.7226196854649602
1,63.584068305424751,12.314617215877373
0,52.827305264829235,11.636443567849469
0,56.574190108154369,4.354601160816479
0,52.453854333368263,5.296029602824202
0,56.61179467265616,13.664696074569857
0,58.23960775599101,11.837795915871098
0,57.720727947918732,3.1151908215562871
1,65.282596819744214,16.91570766787132
0,66.674214405138144,7.3597048205320093
0,56.882469644008026,4.2225321331211987
0,48.456265867834688,2.7754080699303114
0,54.852541593729413,13.193079013015542
0,70.733222645205871,19.163390784122157
0,52.299753708713112,1.0512972904881828
0,48.934508510284395,5.6212659852913642
1,70.067818992515697,15.955268587706698
1,58.599482919841428,7.8355321070307324
1,68.023241385293375,11.786692001079404
0,67.252090171725769,6.8877185554453124
0,54.620222240236046,9.4523187897215539
0,56.342308241452862,15.231490858414956
0,57.390719927917168,9.1331672980472369
0,45.296398559988511,6.4565164912833666
1,73.607621134509088,19.805967742627747
1,73.824388673769704,18.577190444841058
1,63.381653127071061,11.791420271088136
1,74.208211321096627,14.113339697746072
0,51.677549377946555,3.6242465249876785
1,74.001153752693369,10.812051556878261
1,61.818835025380771,10.677938828593309
1,65.919895070349966,15.42346391252968
0,51.561050305605669,0.75102830527968356
1,65.80649167965035,12.892521574914237
0,50.16679727876182,4.0967591656708739
0,62.498302157844392,7.3423686850427439
0,67.158376804118959,10.817656554305975
0,74.439517490407709,18.670161525128577
0,62.609940335326108,10.759512894916657
0,52.877491397071871,3.217880456023551
0,70.518942644038901,15.442578254992787
1,60.96068889333246,14.091236317053308
1,66.153447680466471,12.535010323426196
1,74.950255780871117,15.281464158010403
0,47.217561398798459,12.888036362440342
0,56.44593775408012,8.6128693689956677
0,55.672941125903378,3.7111998837094742
0,73.318151468106862,18.801994081511459
0,73.647868208834268,17.585318877842308
0,65.869100483335757,13.083695441428201
1,72.131239604841525,8.3776315872751077
0,62.928802319084753,10.372718797070092
1,63.134847468159862,12.684510881550445
0,47.71782281864003,10.870684376688374
0,62.976538238836284,16.515080840996333
0,73.169785138046819,16.256840210749175
1,62.610699393462411,17.369840816298971
0,54.53717194547847,6.82317466822985
0,55.055378658939588,8.7800425273633813
0,71.256732984714446,10.218837670775741
0,49.308371860030185,6.3675776918176892
1,63.335849473098335,11.392538864270906
0,48.545326252672346,11.105224328531492
0,63.425259593501252,7.543325336395597
0,50.877733916532378,12.089733873341014
0,47.575704429589408,4.5921690948240945
0,46.554887140561434,4.4858193841852696
1,72.824689773695781,9.738256660137921
0,46.008791913203119,5.1779038393838794
0,50.79668873995081,10.938392153861695
1,64.909121635033912,16.590345640480937
0,51.718807964146471,9.6295669768327699
0,57.225797691802988,14.226917734755279
0,68.772028567613489,17.948844763312017
1,74.242205370669765,19.533804920622309
0,59.47571452064544,13.965282865124474
1,64.538952028381487,14.433426529197067
0,53.363738436512705,6.9079691264124872
1,67.777078526453366,17.498622445440418
0,64.218548295856408,12.140528600724945
1,73.945477137981101,13.863108795722628
0,53.769321989190132,6.6533706266085151
0,45.073161026285618,5.9394100293838141
1,72.765376706507368,15.64702008629944
0,49.127986834719394,6.8118647314222791
0,53.59112509166745,14.070941079878365
0,74.761584108226629,10.903751119172398
0,57.574716281742823,3.3897295731269756
1,65.332465710227268,16.482289887552184
0,59.070012587051693,8.8532556309200494
1,73.306478449321361,12.197888882005515
0,66.329207217544436,11.431413054186841
0,51.302280453123316,3.2702766440807922
1,74.396140993191935,13.993681855674588
0,64.405332839269548,9.3341174734150592
1,73.111922352681162,12.271946549388854
1,73.160862625682313,15.427137324334801
0,60.092522183697767,12.650369394631539
0,57.758398616995052,9.6469642791826473
0,49.015892448885239,8.2709543818169848
0,68.358360622592798,13.452802221528774
0,52.975946731041589,1.8336711657569129
0,59.23818591321907,13.07052608447238
1,61.546490888720413,15.642768890091469
1,68.856545843935251,11.056558029235488
0,67.412560018826056,9.4724195509932976
1,72.084164336924857,16.729792114748953
1,70.121581483421139,8.6442887026043351
0,51.99773300469915,4.5519139327858493
0,68.735850889196584,8.3845945232401995
1,65.904597451603721,17.012250440980051
1,67.758269253554815,21.421254326193477
0,50.787201178822087,7.6364029702758955
1,70.720870385072473,8.6139805758333239
1,65.472584269681747,12.197604925297085
0,51.288896857419203,5.5146165253862653
0,48.24390890283609,7.1590947003423988
0,58.211866857812723,7.8421571055245058
0,54.22730413614822,9.6894408010847588
0,47.581845684624177,3.5202984814459084
1,72.928702834206263,13.170102667998673
0,55.501688805075055,7.5701507853159997
0,51.063949067895322,4.2957596960091617
0,45.176170836352512,4.3032395076930428
0,58.018677168657156,11.327030855280844
0,65.186020015625857,6.2709330471701303
0,53.392912797033517,4.0223876422379847
0,74.791777550052529,13.02145896247101
0,54.650567591876609,14.088703130701729
0,55.656748226305389,14.147149809407974
0,49.373520778682987,3.3467295316685877
0,46.482494352274472,10.833231533775578
1,67.523236144749148,9.792279779281861
0,54.119488014312161,14.522929878822023
0,50.859177978521409,7.8038455079486573
0,50.326578369070525,7.2972414402874124
0,48.59515646719386,2.9648965209408491
0,54.255357446681785,4.4833599334691963
0,74.243772577284886,15.101789340970623
0,55.489621369517963,7.0214004239310093
1,70.18355401655721,11.361491352504954
0,47.242258005666741,7.4126847247581109
0,52.522366340557497,3.8962543877698828
0,71.424553861280089,12.599213886708847
0,71.883745133192122,16.059045271833707
1,65.461153796438083,4.6212037972990867
0,54.89390952049979,4.9266395143184543
0,48.470897598296261,6.789789852540502
0,53.75257728466169,4.7231802614000031
0,55.001023486511656,8.9236684668882376
1,67.482855595319364,9.4324276427994711
1,59.099043893595862,14.854800259568355
1,59.413163497980484,12.670859921238348
1,72.525625673382407,17.567249675368565
1,70.049972357865428,17.688797443456231
1,71.654887499068536,13.656662653525204
1,74.255411237532968,17.243290933881688
0,55.209467497867344,8.7109069559962293
0,55.118190606172917,9.5676685009165396
1,65.040828963766572,11.801180559488472
1,71.636845395835621,21.712005907163118
0,70.180292848231758,14.181745463203082
0,54.647968380149017,12.992207666520674
1,67.452168265139861,10.211857283966657
1,64.630864039520802,14.441240335564128
0,71.222957327482945,12.397902157830975
0,70.332835672689967,14.585694731918334
0,53.212057862284112,8.5892264998258803
0,49.66678431416679,2.3494427371942486
0,64.413387373260178,15.899972631009696
0,45.026271807157634,8.3248489427973791
0,52.393369105922801,3.8194268974517818
0,61.015446301329746,16.098549527359147
0,59.150012330407137,10.048272633819019
0,55.825503251340919,13.294874784627316
0,45.810668505209364,11.59865212009003
0,49.856787700924137,8.3749109771685735
0,54.899949880165963,4.1721353034057866
0,71.199796743085059,14.349811188454055
0,61.790501434723467,18.328735575604622
0,47.544821151823491,10.658233840713148
0,63.991897676089863,12.217148233706329
0,65.85073756295661,6.8674756507463304
0,74.451077883092765,13.127157463763051
1,61.154358234410523,10.586111971195615
1,66.34920730368853,11.343574709052664
0,72.935180343882706,13.365030327126302
0,48.244645691094611,9.6206990633114451
0,72.912856960638493,12.931897810191311
0,59.462065774833022,8.0892296284057608
1,65.355728235815221,9.2588487882917079
0,66.802774348078415,9.016864118946982
0,72.046417354490288,9.3218811149026006
0,61.626671896866029,16.370574514265087
1,73.504997827496325,20.766071157535514
1,73.330787301037958,16.861462460978867
0,53.642258324023715,10.934586839165622
0,50.36545974624935,7.3568965092344136
0,54.411954922965116,14.803452349908515
0,55.555863098500495,7.3764480607485012
1,71.91729383070502,13.926444748747576
0,49.324491774645921,8.9595286720690446
0,73.21139143280989,12.061144387748977
0,48.712263016882105,6.6144197677264014
1,70.345661727092136,9.4165076926996658
0,56.393606307033892,4.6920675373276923
0,60.334285241413475,6.1887207411848086
0,49.928021905196722,3.9117513510406958
1,69.065820223909583,11.220712981512325
0,72.096923724030532,11.393640198975636
0,55.149100876551095,5.6035915138368786
0,66.780154695238167,7.3234896740672166
1,63.395886458759335,14.343246041850401
0,48.53364990456388,12.089359271831441
1,73.883179168763974,13.32733043892507
0,55.606583417066275,4.6110731061426451
0,45.079512308003444,11.251003943586344
0,56.45677014261517,9.3799136584541234
1,69.764322527001809,15.568539946544309
1,70.026252038177532,7.2432200859490505
0,68.409035699535721,12.020702827743005
0,61.762478889302685,12.070336390707828
1,60.232315215864269,15.092957912025652
1,69.079117710514694,14.196815943182063
0,52.144436252561114,7.5986520653190661
1,59.993389268518612,13.447281191825009
1,74.093268451631303,17.779770820637577
0,45.42925754574491,8.0148227672533654
0,64.629966262943427,11.45092404318056
0,49.372464084611664,6.6842606651637198
0,52.042653371509694,15.580406546779148
1,62.072443562608129,10.350842201469399
0,45.145584707942483,8.5229898810252713
0,61.171989697654269,14.885984162114029
1,73.863002751845102,22.450278618500153
0,60.899374317082,6.9364582264854739
1,71.184210594300126,15.626489594386557
0,64.001567548011494,11.357582779102579
1,69.310757268346492,15.460177873767085
0,51.876800584455836,3.5828159527510812
1,71.946107383277337,7.3020116657411638
0,51.383208100973917,8.0194876883487343
0,52.667255519173878,4.432647157929491
0,63.102064815140508,13.853114285325416
0,45.853775540371466,6.2509209950439919
0,53.693432966927347,11.563324776217751
0,69.484635349659385,14.886503863392345
1,67.865471180793179,9.0672331335097383
0,56.68271334053275,14.196507804078717
0,49.329327641776196,10.997493752396981
0,56.227761356024715,12.734704465552264
1,63.695385762355443,14.556829837967424
0,58.174283180190088,6.5910536552197563
0,63.35730846699326,11.371738911592939
0,45.922265615108941,4.6680267105784896
0,53.836493196842866,5.8964992784474051
0,49.270088171812894,7.9998568785352351
1,68.331300211702953,17.888690268772862
0,53.601885611099974,9.0648010685622022
0,48.631709206228045,11.201068181696886
0,46.08764456413774,9.9457561660787075
1,69.911943782430399,13.67677212443961
0,52.069228562836173,8.1057174646303576
0,66.566585219641482,9.8017400493226319
0,65.309810326663467,8.9711019591935415
0,52.912637546981564,6.3992637650270918
0,48.878982302046133,13.488544063990659
0,73.36082380650609,15.560411557292964
0,63.031113298567938,11.509866373733939
0,66.768887788234395,17.981612958234624
0,71.009742162271891,7.8569203588935856
1,62.064908477204227,10.165571685933282
0,49.394861892531054,7.502779258378121
0,50.61210113013491,9.9369120833354803
1,64.187587350984757,20.681285617333941
0,51.733562658335998,10.128663709904639
0,51.291700991350872,10.633669800450114
1,74.352791091565877,9.8769859209274085
0,56.008546347231558,10.941181006671329
0,67.511661783820514,15.040252950729542
0,46.185045724240574,12.674697086596767
0,52.257110071200692,1.9572187497218483
0,54.012938426351155,3.0027856829221791
1,64.890248075763495,13.728235995869017
0,57.237751748177658,14.914978591895217
0,65.685043314455854,15.626405888176411
0,45.607797992274847,8.982297487562084
1,66.968053333935643,8.9183450020532682
0,55.784129774490587,12.639637999955546
0,70.055202031167298,14.221671789192291
0,54.7228926352646,10.41323401811638
0,45.9439857641309,8.0646617827989644
1,65.18743609059635,18.089435542180315
0,54.836780862500092,5.1948660742504034
0,48.972759772717069,4.5869856000566456
1,60.212778775493263,14.878063650562675
0,70.406933913339515,16.537769687358029
0,69.857011714046891,9.4076088411409824
0,55.347982424978881,4.4121727680300369
0,48.847091866472638,6.2307719859993442
1,72.291967477474628,14.489080955617908
0,67.741042196486632,14.741365908195895
0,47.552029984441809,8.6499320007981613
0,67.864090368935067,14.789675801485394
0,69.23012776220942,11.620941299284199
0,71.730229536309764,13.393864404627525
0,59.509341983199207,12.028519910281855
0,67.814620480469699,11.010439589433325
0,48.980472807777261,9.8785611185283884
0,52.811157003358026,9.8999039195540011
0,68.850459682648236,12.268976816648992
0,71.969165779095448,14.243553250794749
0,54.412580503675848,13.603803911939481
0,46.867337636846365,4.0544994050899605
1,64.659667020324903,17.764502904330879
0,57.315225968799119,7.1020325378350577
0,66.422139374459164,13.115421322086068
0,68.907530635782933,10.154293118533367
0,62.284042199456437,10.485049193516254
0,65.89894032409633,5.7619680775529289
0,63.795684074653174,14.741790757775988
0,51.142151085031486,13.514684707356018
1,72.88647434674948,12.309914676421556
0,52.450040419382269,16.126282023057016
0,48.536355527684798,10.849846622296866
0,65.94750363121112,9.6597596560988244
0,49.408287519602752,7.8272429557495098
0,69.971835571527976,11.945760323346542
1,69.501234115895599,15.531627054898536
0,74.512939374415666,19.388754716916871
1,68.988160850670539,20.48752901231213
0,59.324415891010567,9.5818721472926693
0,55.002141892662863,11.965355664111854
0,54.455230882214721,10.708859633665149
0,50.84894459827963,10.631878110927248
0,49.332829928498178,7.1555526212174216
0,62.749808786311199,12.933516421953192
0,53.603265469356806,10.376079689282719
0,54.164104241195929,4.5185863879035022
0,65.604087080944112,12.406720168260257
1,71.182677965228294,11.804943569891943
0,51.557838707700832,0.19212800393056551
0,47.046077432755879,1.7736421041597188
0,50.679643009704847,11.061058888971051
0,58.027974979503043,5.8045313810275916
1,66.240988693558947,17.20603145100069
1,71.703206944454791,13.927329630631638
0,55.761593388403902,7.0204001580310686
1,61.184840261523199,14.902197850943733
0,51.158061274424242,7.2131675013294387
1,66.791658301392715,5.8065690109814447
0,56.405689311996184,12.358221443658003
1,69.042068455430822,17.88713423827442
1,58.530165242413915,6.2455144616453468
0,55.886371599252314,9.6808037201284307
0,53.28845423137939,8.3726892702851181
0,55.535119312571943,6.825374191781366
0,46.430723189454689,4.2744888407236488
1,68.633915000580558,7.857390946806456
0,45.744261211736486,5.403726519705117
0,52.186099930406201,8.8204656029953163
0,62.958679625538366,6.0627783893977121
1,73.714507663369716,8.9322145790149339
0,47.525829815935289,4.8491041325222541
0,51.570276275707329,5.6016485342884081
1,73.356726812016177,11.856439154033533
1,74.249786646985072,15.706913502165127
0,62.057220023459976,17.032731795387331
0,64.913863771780399,17.055869261976074
1,66.890317408469855,9.6252146990795264
1,74.866844163150631,14.947012946274079
0,53.637403563901749,7.276520257300211
1,70.001639880455699,18.353885037214891
0,52.480660458104623,6.5979196758933529
0,50.479223205538339,8.9572709723237569
0,55.100395383776572,2.4689222932018775
0,47.502965367757618,2.2622360321021455
0,53.115878091438908,4.6551888398909984
1,72.424578233575517,15.247591188881199
0,47.366381300408406,4.9362345691686693
1,58.763771262933915,10.308329484294191
1,67.907480222357506,7.8718264123245536
0,69.933751663877644,6.8148795871071979
0,56.32484334479183,5.7611680151748388
1,65.508416191324443,17.7659841501629
1,70.569250208905814,16.044498085276597
0,53.097459894179288,0.39213584788995881
0,45.512847177942504,2.765734390006394
0,57.90435403063826,13.25730459088906
0,71.379952870100695,8.5776072142388795
0,50.790538901301289,5.0859786276367327
0,54.518635828717578,7.8792430680804344
0,53.681059949858145,10.621783384714734
0,70.828414111454464,11.574990419139041
0,57.259675818839312,11.541384533373494
0,47.104295211833303,7.5235489223720178
1,74.456322116799356,13.120573760958868
0,61.901380007549427,10.34593377895677
0,62.814623025827494,6.410166478960857
0,54.916377497949213,11.244090452818504
1,69.669842752403312,13.523457231542137
0,51.97722532558155,10.668909824855762
0,51.552174574814153,7.8472500858542595
0,63.765304490960645,14.432852436746895
0,74.809077830033232,15.93236292983876
0,50.335632715919857,5.1382855702393933
1,58.956124978798442,14.52583997851303
1,74.913913335453742,11.572407172597554
0,46.568122489967756,1.9058318163501173
0,54.180128225339075,6.4200655976027807
0,71.143223011365592,13.970508874805031
0,46.856167651197019,11.889788270346761
1,64.878768802088729,12.627226170922036
0,63.967696563202843,9.9798844784921759
1,72.564204111587642,15.043286212566771
0,46.169925057364942,5.2935791604706512
0,59.283382393795534,12.748820885985809
0,57.554888701438465,7.883699110424538
0,57.439471919369915,5.346868079731526
0,45.819941422961534,12.394822437728696
0,49.051478888767186,14.315893712517983
0,70.616731946878389,8.8197681823063085
0,51.126832984762572,8.112307381763312
0,69.82685177199312,7.9935572727490829
0,59.277760556691646,7.6211311413821701
1,71.300505479758868,12.546830122765195
0,49.023672030377931,4.171766051233833
1,61.531695363481248,9.5637080956649765
1,72.189965060174814,10.268793060785146
0,45.82122464375238,0.97099702014074207
0,47.616326540614288,8.8864791934362408
1,63.331594606345121,13.24530810394895
0,47.179424481219826,10.987602064126513
0,58.29016680402998,7.1668901392268332
0,69.412642304256011,17.733925343934121
0,49.31825281311324,5.47119085105418
0,52.985219154525154,1.925476292114122
1,72.082957240981244,15.831306165410172
0,58.92596586155328,12.964493029075113
0,72.098281723163311,7.880665425610041
0,56.445290952634807,11.576752047129565
1,68.26868359380552,8.8227885584468524
1,64.50384648783519,11.634367474438614
1,71.646730849746206,17.393166533670286
1,73.606069699680859,16.31548313204113
0,45.641713660802331,1.627739550844737
1,69.560198556578726,9.0371790104382406
0,50.683518820424965,3.4445344451013082
1,68.68823541612646,13.89956638853692
1,60.817936494150459,4.3339737962328604
0,68.40244207408432,9.8670417493097151
0,62.001237608925919,5.0205125534982269
1,69.31238671732504,12.419268174064257
0,49.924345925722491,3.9667887749516781
0,47.62658718331739,10.444186776602729
0,66.996292919754183,8.4250918102793477
0,47.666421785384472,1.7612443545831162
0,51.081274809511683,6.7400590690525268
0,50.674386080179488,7.7403228865776921
0,65.811382351373226,8.1843252509297262
0,46.108189166285285,7.7839257504298676
0,63.869544835705597,6.9086516413684844
0,63.974469479428436,15.296822691782225
0,64.275018126330465,9.6669463543758187
0,64.979184712495325,6.6138848785534616
1,68.502167689384834,11.544077935037606
0,56.165295072309476,4.5799961484716825
0,45.328474828382589,9.681404058066537
1,67.76924328052587,17.166188381095054
0,53.168980251635418,8.9936713511027051
1,66.024136100754006,6.2134217214497074
0,55.791964380940328,16.6619754410155
1,62.741929728182825,6.7460696280879935
0,45.355388675824173,9.9814990900071852
0,56.511934417196784,8.9342396570867244
0,67.032372795754867,11.393816357219178
1,60.372287857272298,15.921220720886767
0,45.561747974741657,3.1714449444495543
1,60.67223645417279,7.2183728379652807
0,54.6022258066156,11.331757659507749
0,63.568825554730992,8.3537143443162556
0,68.664796212718215,12.999171307611119
1,64.114157144692484,9.9085117845457376
1,59.552158275672909,8.3561629047001702
1,60.712146670736729,10.338152439554612
0,57.128111721082085,2.6969635764269286
0,48.927475300520065,3.7585987416342328
0,54.602273836184409,13.150749609730662
0,60.389688892493993,8.5783714722368209
1,70.038476698398554,7.7934159708535145
0,66.384682802155169,8.9395332816352919
0,45.412203949590797,5.1448915005773008
1,72.131202453736961,17.592197393798283
0,57.837679919377834,7.5053634126579905
1,74.824915246768967,14.115745034803233
1,63.087367208602998,13.407057647705649
1,72.898805080385984,14.3512935640021
0,50.544709834687637,9.682520503734569
1,59.540069595475835,13.300114917030625
0,45.317002237976084,4.1754672134876492
1,68.983940320876243,16.076925879980884
0,68.750852747161687,10.173731037747825
0,59.362180731048284,7.1411486867085019
0,70.441632125613964,12.092171319144319
0,48.056934080829166,4.9749590950707834
0,60.509869129335875,13.300299914032133
1,59.635729893348469,9.7783031674333998
0,46.615586193586076,3.0748084603416634
0,71.336432588045824,13.505471288036613
1,74.115477441838905,13.94218752219253
1,74.311003311528381,11.589944785088663
0,57.242776104608097,13.413980924014588
1,66.261531687315397,6.6146715031542866
0,45.474154041913728,7.9185353925038369
0,45.094666313660234,7.70609029708279
1,69.39548332268572,9.7983868144433917
0,46.219717677761622,3.7739940950004454
0,52.601844069180942,14.933163607677814
0,45.689140376905684,6.3112162371585718
1,71.909371673300512,6.7700449196648851
0,48.702746572178114,4.5145780832967164
1,62.99544723908835,19.270688957740557
1,60.910567400877653,18.204617865548901
1,73.386426821454819,11.491719119783362
0,53.418512771822208,9.9380251130434445
0,72.074569718917999,9.713837009594771
0,47.736461681387638,3.0921502834813879
1,58.978078060041383,3.7985092689790267
0,51.243753028097316,14.022072034433577
0,48.073226527018853,3.04857832141046
0,61.721849262551927,14.496595405790611
0,45.001107972692168,5.2235253262327319
0,57.069617811348202,12.367083725599823
0,56.501781225132056,10.165370478326363
1,72.68205023251204,10.805531197407756
1,73.796737741187016,20.868224638266021
1,71.160013746993087,13.33296798513358
0,59.964452581929365,11.753120280824859
1,63.420051601110025,12.821200223400188
1,65.850902502943555,7.117001988081741
0,50.957103079459884,8.0397414952482187
0,57.229400903289367,11.051781540737753
0,65.454456237606024,9.3361719325289094
0,68.11390317985186,16.260027865075386
0,49.771899148781131,6.5778651683662801
0,51.957464623643212,3.5629496371709442
0,54.394111188861444,11.912922469290454
1,69.548753862664995,10.542137512614886
1,70.970150829570571,20.098550694692012
0,60.428942194745339,13.904131764496633
0,46.952018695828549,6.7591397271815241
0,56.744523942528836,9.248443261644578
0,59.588071326270203,7.2791018894318595
1,70.975497841432642,16.383106678084506
0,49.441310514276537,10.851486673621197
0,59.392692001451792,13.550025362272056
1,71.768044134330822,10.036073895441724
0,46.256762674489082,3.1220587364372032
0,51.914321834672684,2.9609408826157333
0,63.488410231695937,5.7192056068441612
1,71.152109209472655,15.096006449320067
0,45.732853421730596,4.1911882040475774
1,62.917474567550556,6.8205279106018706
0,71.520026167772514,6.7839662962778782
0,56.080809208436904,5.7974903172136099
1,67.559523803657868,15.830800422279193
1,59.306247699127084,16.693268084757111
1,58.805152677771027,6.8911152092648962
1,64.009585382345279,10.935065691491378
0,61.649251838245441,17.623700303144158
0,51.778129818707846,9.4140412153284672
0,58.270453434342755,8.2438403184595455
1,70.056409814447221,16.961145250824515
0,51.480330706235222,14.545200746115349
1,65.078933294956727,13.638203363976945
1,72.646862608710364,18.233793310415706
0,51.077152367596113,4.1444766708861609
0,70.281322790699662,12.958273279332145
0,61.799147773229009,7.8958402736457316
1,69.036851909206547,14.103070877948772
1,62.227611204765871,12.60976184618667
1,72.374059864015322,13.855695313654751
0,67.261442737127481,9.8648191619525427
0,65.552223094569996,10.667030820399159
0,54.378167643125373,12.486961608217747
0,60.521799891665225,5.2144174160172412
1,72.710902241987895,16.131754168407547
1,63.665579425010989,11.643870345753704
1,65.001035841004281,9.6746876885613826
0,52.278027170100522,4.7839983731946845
0,46.687641904201449,7.0432828709680075
0,50.247601334743592,7.3564938785684024
0,53.951887680412725,8.0681816081716846
0,52.091114730352004,12.017600252031627
0,47.151195503221544,8.8768238583221457
0,59.260847854348583,10.423670251619919
1,68.685478662400584,14.920454865988955
0,54.419291291493025,8.3536349791875999
1,73.572332376746431,16.118846250257022
0,55.509871409031888,9.6589070081816928
0,69.580174109236083,14.530172345585285
0,57.234813968788487,11.935412784014158
0,55.637913123911723,14.015281397200233
0,59.555711964515829,18.243876707108523
1,62.533833004581254,17.68502027623407
0,53.081676141883207,7.9473385077991114
0,50.5712647879716,9.9952548354639124
0,54.082925695451955,11.638814214958829
0,49.700975589446173,12.018336594341905
1,71.8360136812734,12.907403632737882
1,61.944063619045075,13.529383088178429
1,74.019552130862067,16.050463244989484
0,46.437732934402646,2.3159245311413961
0,69.992072627732099,18.907085812206994
1,68.112360133815002,9.2429518239706709
0,52.53290932107204,11.30673565077444
0,51.912015593407276,11.536339618953928
0,71.896609708819284,15.233566827209451
0,64.136324659390823,11.57781873092701
1,61.925411342514067,7.7659031306622133
1,64.311277872747411,10.038274914758134
0,62.873047825045163,11.934248566067048
0,55.292587226296988,9.1093936436117477
1,65.322744228327537,6.2155039392057221
1,59.541923989584646,4.3538059174159844
0,47.974694965991425,2.6621948002927449
0,46.791818546410894,10.381080116319019
1,74.898139488526326,10.040499192003047
0,66.807653096668844,9.5904669587541775
1,73.679904226829819,15.943915921330863
0,62.018139115408118,4.6333698388738442
0,61.150271040912102,13.650749649976017
0,70.771706253678445,10.267493640096726
1,65.833796262790273,19.578095694363643
0,72.516443620716245,13.874223063328184
0,56.619630413384527,6.8212730689959358
0,53.23816794995669,8.8480530166591489
0,51.145918855429947,6.0633258439532671
0,56.269974675486225,7.0097984138708753
1,70.17772046399304,16.513366166399777
0,46.729309251931674,7.8362531917184857
0,61.111404335752965,16.908924029938618
0,56.118342210971022,4.3207194034144489
0,71.399691178635706,11.04125774259084
0,71.420595091577979,15.852086850482824
0,73.92756047980545,15.662547924571884
0,58.388646911026001,8.8012091000389869
0,71.04809010039196,18.597218351520567
0,54.012805889001235,12.565412564281093
0,50.236733787107198,7.1080436168839123
1,66.242167014020922,15.96362927893545
0,68.050696023012506,6.4153033921135663
1,64.170875594347208,11.189080475441253
0,47.309913779560809,12.879647769214067
0,65.146944387546185,14.631147942166045
0,66.35296271287568,18.882922646881831
1,66.46785346137905,12.279983689043876
1,74.101297343252867,21.940169944378354
1,70.263142882347296,20.473114333419154
0,45.774331925352683,6.2773103331749986
0,62.650132220435559,10.935743922266711
0,70.123461117209771,16.381866889613608
1,74.036776706051739,11.061521986568076
1,60.124103201257249,3.6693883723349328
0,50.390513533691063,11.455980086937522
0,55.377299945152309,10.666306246497745
0,49.752021154058568,9.0206621114996146
0,67.981458576475717,6.6467988156850559
0,51.09413586367819,7.2060372054588564
1,67.492024519314384,17.602409480038553
1,74.407639011663647,10.260324524365922
0,58.861236763241692,13.616079483103974
0,74.584544176561025,16.58298230935457
1,59.784396191483111,12.55335281917381
0,54.481956111755444,13.891864531302948
0,55.030128125784643,3.0697446044726489
0,50.772507162541977,3.3979457961408412
1,59.195499033399841,5.2568972522759561
0,64.593627506713375,12.394652586351416
0,69.246860775791276,3.9106732737733241
0,57.152813364593136,13.339402952431481
0,53.497499202359265,15.049256992004851
0,48.581909887537819,3.4774499855201606
1,74.384491703936135,22.498152928681769
0,52.780900261654871,0.6829844212205094
0,49.071401200016304,6.5744768096501378
1,73.878318681539753,23.048481720322453
0,56.513938557626702,12.75194901217502
0,67.698940875219208,10.233007428896313
0,50.329310568973234,8.6976687951628922
0,49.022198583994786,8.6150667797944465
1,72.349395515760165,13.844349784433996
0,54.117855225570928,7.8880572732560985
0,50.855667020346132,15.128492305666404
0,49.093387275398193,1.5556955889769912
0,52.146466353303829,6.8326687947918678
1,66.918959295743079,9.8374501208680893
0,53.11154376357463,10.114247947907906
0,53.140377856695345,9.3478485784007326
0,67.867972711232312,7.2394897027398954
0,49.678466698895079,13.31523134415513
1,70.487226427349157,9.0734161022737538
0,69.713812555113336,10.719291785105124
1,71.922604739897977,14.91510693985105
0,69.327389348329319,16.905188793810858
0,52.61014530071585,10.43784604916444
1,68.576200649800569,18.905930554729643
0,48.080067198127026,7.8245982609205011
0,66.089616714523189,11.461217183621949
1,70.719552266570815,16.817865638212051
0,54.049525760549308,10.531758549574233
0,50.426247764601683,1.7704925437710481
0,45.81567867520392,7.1757570820450924
0,54.260850360945369,4.4530406882663431
0,46.342937579045717,10.612108259603461
0,55.89782891799689,10.492067371729703
0,51.354638863249981,6.5992685743167545
0,51.288226232519662,7.8684808463648608
1,64.612459864988836,14.660193077072824
0,63.609102704305585,7.646197878587115
0,54.941542991283193,6.4211094255113315
0,55.66643175594988,13.504779299284071
1,70.577354234098749,7.5669944204827742
1,67.138721271562247,8.2992207941064198
1,61.656012146262086,11.17632604551066
0,45.689804329051441,8.6957586106725078
0,46.530081670619019,6.958496189919094
0,74.697090588812813,11.895128470803456
1,64.289168749425855,6.7413417093063623
0,61.121335646399508,7.7926552910787681
0,63.568342263075536,12.085663512818645
0,69.88831226606527,12.652068511696582
0,66.942662737399289,5.5670553286224012
0,49.259295124291192,12.919618854442776
0,58.504218720689863,9.9214240402508285
0,74.718138038948325,10.316720499840704
0,61.922386400508032,13.759860912527653
1,62.289178870525035,14.266702242569677
0,68.294733529520244,19.098072500414965
0,69.916178386329548,15.305213835782814
0,74.296637644753929,13.233442781869865
1,74.035850715023884,11.333632257499112
0,53.991033709883091,15.634280558400421
1,58.430999785683838,8.5919466979712169
0,45.116382798725994,3.4749289128363614
1,60.056843216092489,12.079469288677432
0,45.683832777971666,1.6756833365914816
0,55.649116715502203,8.538861875968367
0,71.491577049777888,9.2185093566982843
1,74.938023379612346,20.75486844366926
0,59.905879017545068,5.9414790701432789
0,46.951773701254865,3.8778350292796331
0,69.46225029264339,15.983162530925588
0,67.729043672484408,14.657665664902158
1,62.871557130663057,10.757537798058797
0,61.277354428609989,5.2433638046123949
1,68.807902050898733,8.3937348957100237
0,56.766645884158443,15.301976418545943
0,66.488719416536682,13.84776430744164
1,63.928421294843247,17.909195411861283
1,68.639889767595179,10.874571120273263
1,67.274201743736057,12.063075798715253
1,70.652313173333866,13.955899245601952
1,65.75327499417493,11.553509473792705
0,73.820355752525472,17.610813262736691
0,45.133314204992772,9.6302181061521548
0,55.261787074605444,11.670218273421458
0,49.454537641715568,2.6908645157741815
0,67.175116733742939,16.210929587052256
0,55.93277986711756,3.8913905207416999
0,67.949685239725284,12.596090496605441
0,45.27279598871219,4.4601723031444998
1,59.625655227762934,13.593301835125448
0,51.496676513936507,10.111497877053701
1,65.74121687690112,15.872927603667669
0,63.57468830539257,12.662884794132705
1,65.911396930155632,14.903064392695544
0,61.786290035663313,9.1163847622860121
0,73.935059208667511,12.586845823723349
1,65.576134791665069,13.907259822634723
0,56.746610617866438,8.2680587041162568
0,72.632050865418066,12.483375199170485
0,72.280624794640147,17.163562975410812
1,68.302508650915115,5.0997697243275564
0,50.577654942667152,8.3203665189312623
0,53.491604245771953,8.8126050189387808
1,64.955413018137207,6.6155263149877888
0,48.955798079048897,7.5164007814555287
1,60.019187910219934,9.6397091422266357
0,55.756330357884934,10.732956523565953
0,49.567040337186853,4.8051733582609693
1,73.857899614409831,15.877883359066635
0,57.163225328552343,13.386654397952928
0,46.760586173522235,10.0065286036925
0,55.133828763137004,6.5063826372969435
0,46.232946017705551,10.149174927138201
1,66.224072175916703,10.746763240389702
0,45.988659878669012,0.04312297664048792
0,55.683539311168587,11.555342956701466
0,53.106507453185408,6.357265192794058
0,56.537000591889566,10.511254010984286
0,65.386018825380162,10.730971300410461
1,72.593198996140416,18.494130659502641
0,53.370206215128292,7.3993144702088678
0,71.96893512569244,18.661629932629481
0,52.097850851746216,3.4223569055558158
0,45.635019159940192,6.2538588021669632
0,59.461107954556894,10.490774464703929
1,73.041762143417543,11.849563561815922
0,61.176772551859315,9.5492854197922448
1,70.758208732662979,17.777500368582785
0,54.86439045976563,8.5599989365046074
0,49.748723099224648,7.8842646912450958
0,72.534430722032539,16.892954298204177
0,56.558234456529007,2.7998528118465837
0,65.17939965392975,12.396814732298841
0,59.494523756005876,6.5937394609556454
0,49.426575425059575,7.6081829807178867
0,60.931598205129006,8.3726603403278848
0,57.910792690154594,10.495421569999294
1,72.570829118315672,13.130990400201004
1,65.587434783727474,11.435509482300262
0,45.697592230240218,9.971917326781087
1,62.377995560461969,13.91092724431735
0,71.306699648824122,17.427359497068419
0,54.038768571659567,7.6898623407401727
1,71.82342684662062,10.155165417738132
1,69.784531683231577,21.035317308898914
0,64.591889971316533,11.292868772490397
0,65.421509542998535,13.998127491564951
1,70.441602706079976,7.551035229916172
0,72.520515477186876,12.395665915013357
0,50.413719840705632,11.602043933249828
1,71.634061815448504,9.6392642108668127
1,63.702400938312493,12.139714272170398
0,63.565407349239102,7.188873381917487
0,55.481202221990685,7.8498209047138863
0,61.256284993872335,13.820158225218526
0,61.941157095391901,9.4392898641615997
1,64.15484394180487,10.016371133111434
0,49.551767449139859,12.791873800815749
0,57.220455343199717,7.0686052188384361
0,53.351631350991909,3.1203661067298096
1,71.476178821637021,10.045682967561035
1,74.865155083289721,17.692794121641342
0,69.117083349707002,12.439133076390242
0,70.43595555758148,12.466344053250317
0,48.973838890090839,11.024499019978597
1,68.619869904889427,11.269124928071564
1,69.616978085131962,9.2106606890754215
0,47.480555122417208,1.9016775998451143
0,53.268501660212642,5.5525525987442474
1,73.451211624604625,16.210451389520394
0,71.855664901627904,13.698398698842917
1,58.739968421491092,14.493885119215207
0,67.951155501495734,15.705471145749023
0,55.114793445843638,2.7267192386785029
0,57.484653506384646,10.805958011385293
0,50.914244417872474,8.9747878821029605
0,47.830294631814354,11.762351916504937
1,65.047309928066909,13.603184383945472
0,47.008885987985629,13.152411610947684
0,52.017962940997151,6.8359843012046699
0,61.990239478963545,10.932139907053882
1,70.795654510059407,6.0342473149348548
1,62.899404503337479,10.930560856649992
0,50.448433523703443,3.0854783191776942
1,70.562176290169916,9.2905385484876124
0,58.285907310974267,11.346780222435676
0,45.577261013642776,1.6180403271045027
0,48.626247509828247,2.8761969363652051
0,56.144212321568531,10.670615919369373
0,66.080109624932462,12.972964266502945
0,59.058529901715197,8.5525153598128423
0,53.340686057559253,6.6013890815799607
1,71.165413676246629,12.967437708919947
1,72.607007976568752,15.177367747808443
0,51.718572822305802,5.0653369924471754
0,51.947804660689208,7.3232251544406042
0,62.217054328483584,9.0328417457026315
0,66.834796807660638,18.512596850788533
1,66.790232176096524,11.812929434554041
0,55.026566619306635,7.6823568359458285
0,73.310717586429675,7.9499681648997935
0,62.256801791803426,7.3899409018288589
0,48.283879666754103,0.62395475310499915
0,51.38306326119401,8.5749024691331162
0,49.288614507795138,7.5128708682920875
1,59.78262227352193,18.520790629410342
0,46.062744533787857,10.205276349746699
1,63.181057073993742,9.6964642641453906
0,54.31223965503424,7.5430775819508478
1,63.459280726163342,9.3351570311790226
0,71.092807316050965,11.608108885733152
1,67.867309923541612,14.169006854054514
0,69.575907342299757,15.016337913701415
1,73.356785359123748,20.892357908359607
0,51.307849297218176,8.1622361323240931
0,58.305727927444742,14.374613991743006
0,45.487687941839383,4.7044990136615592
0,67.877085307543098,5.7380494419985837
0,52.859578676071074,14.155502626267191
0,67.49237247521009,13.683977145821778
0,45.490660725420106,2.6785052329670052
1,74.698422256903697,19.015293354371163
0,62.698358919834803,5.3531138202788595
0,51.397325310970217,7.7245416308861632
0,45.990285999809565,-0.91694029783468078
0,67.749092580845456,15.729212553743203
0,56.506900450395328,9.0407241090113644
0,71.698720958609186,6.7734216586932323
0,51.365134157140261,6.7247673199823943
0,64.619619525306561,11.785319023273562
1,74.981479746374134,13.359715255957752
0,48.925838178763122,7.6588889007380825
1,74.897968906234695,10.373637730542059
1,74.755622677154093,15.151847223647415
0,50.610488933714301,9.446743577123156
0,56.06840633939057,4.1029531408329145
0,71.882876945947871,19.211599254554443
1,65.199642039219327,12.752977727945096
1,61.312121202035172,14.970634888371164
0,46.682902690735965,5.0176674582752243
1,66.21171281647338,12.129789452980829
1,60.756058144646602,13.678493725241253
0,53.957865264336064,16.125611718613378
0,54.390205295572734,13.777992068793395
0,62.430264305813694,12.073650190591749
0,46.466221314548356,5.8388400921591375
0,48.338964416022442,7.3802664954723038
0,68.873868803191129,19.632242256619755
0,59.121725383562271,15.86055508736821
0,49.074265660850081,6.7451006138659864
0,71.667151385030309,18.782903429018877
1,59.393951073701729,13.022732311150495
1,58.354303175413122,9.3522413043635879
1,73.712754903211533,15.510828072411298
1,74.37114156656645,13.704263023691897
0,56.030095507153391,11.022328439869066
0,53.302537573307035,12.623907851070831
1,59.117903659080874,11.242777354913109
0,66.344240669054059,11.016338137469685
1,62.828549808618099,12.043863430895332
1,71.215227680296294,13.936047867690423
0,52.084134189037741,8.9833964408857927
1,72.89848487974831,17.417957801396618
1,64.153965899301411,15.084595787010176
0,65.877783391131715,6.2991114719542072
0,54.451878884620989,5.469208765877462
1,65.860316633424034,19.812345617980661
0,52.808382433972142,11.401204463902372
1,60.707296263503665,11.390377211309946
0,46.499927614052638,3.3710301065140817
0,61.337225394842051,14.136864977147731
0,71.683809898820655,11.460922713658594
1,73.747987623556838,8.4588885482677085
0,73.354998312944161,11.902375254580228
1,74.902116446741402,15.488262502374049
0,54.948089088906045,14.056433210142638
0,68.934627049879055,7.7736379813330299
1,61.291792265031575,9.7779478660942356
1,64.117418375655021,6.7396408712899385
0,66.386406931631782,11.750498067184839
0,53.592702214691101,7.7235286829429413
0,63.758156845379546,14.542747551800193
0,73.403749250393489,11.820148445768046
1,66.690894922515554,9.5359489846148886
0,57.306291155432916,6.0912471217380393
0,68.493941998266692,12.334297788308083
1,71.763893264858581,10.129452121650591
0,57.496482525084787,7.2807862745210024
0,49.003353988445291,4.2090229928640728
0,71.943033995946308,11.471848243537709
0,57.804018102457235,3.674380867932113
0,59.599448296919981,8.8886171972212793
1,74.040625994875825,19.192849577449742
1,70.148057603857509,17.848892814287399
0,48.206071641012286,13.208471655444997
0,46.79978607112772,6.9320252209097362
0,74.084490525503526,11.818683204110741
0,63.888531476558754,10.659236548057523
0,46.765882745737663,4.6700360799206724
0,48.29374661139375,0.24595138189072685
0,49.058046910490425,1.5243410672765245
0,49.948847072238223,13.36973343728522
1,74.894990958837113,16.578666764443312
0,51.035380766097745,4.8818250503516651
0,47.326732317164954,12.379304642856706
0,46.45601350144468,10.069409543097978
0,51.9622544965993,11.680580301063262
0,49.118629680846546,4.5296398064860757
0,55.517052566660801,6.5858544836267754
0,65.687663983467118,11.841099179019272
1,64.114731899530923,8.417545247435708
1,72.97505904969033,20.372311686686817
1,59.090708853803854,3.8772348639223511
0,58.035543651240324,8.8042839449943173
1,71.951492564683747,14.467385048384912
0,50.319468263441884,-0.28558759214198481
0,49.671141321381654,4.1513085178643818
0,49.330811940567912,14.508383696639187
0,62.81663210482715,2.6992610937213497
0,56.473219535411005,15.204627162292121
1,70.079405913393714,11.76061225570135
0,52.196808200583135,6.9401992920133146
0,52.662602008219686,13.921346612583658
1,60.756074767391425,14.661822829246649
1,66.217929945529647,11.710208294010556
0,50.836256501763486,13.021801973017114
1,73.857780286898475,15.507699529071141
1,66.060999781883183,16.073534504986856
0,60.830956908926275,4.6679055490853978
0,53.077043358629709,10.844669541123968
0,53.863113674662308,16.448878740673621
0,62.209564089523731,9.3341759495498824
0,70.99319444460923,18.766890471680131
0,54.708601319380378,3.5955177003727519
0,57.655287608627972,5.0148763112160362
1,69.794908272030554,7.9475956578938245
0,48.221362745937867,11.008054641951716
0,67.484320819054545,14.229159814887527
0,45.480352969390111,10.127296964938918
1,70.806443025265594,17.775716912143764
0,51.069186997124,3.9774166986980086
0,62.041232518756317,6.2649603943231007
0,49.175892851640569,3.1280838550917114
0,56.462087635630425,9.6284547415079036
1,68.849509732023677,9.0136251532688654
0,49.02531798664657,13.28283181112829
0,72.90922132557148,9.426980462328638
0,70.634954287952766,7.3528266613457198
0,55.634651762310178,2.0928056756984352
0,54.117912452520486,15.754129272435881
0,56.973865764085474,6.8460441643466519
0,45.408358352294336,3.2648385660890553
1,59.807428446347522,7.1812677399793259
0,52.148685145772554,13.857851717788922
1,60.039943116391413,12.909971087841473
0,60.1098922937433,7.7978670491345499
0,73.816679505095181,18.047004271518436
1,58.285695054156506,10.609085720519609
0,55.98561747298703,6.4571311376955602
0,73.946449039831066,18.079158028975137
0,47.336408148699022,4.5378200363294141
1,68.741865583987646,18.727058238384249
1,73.398679970878277,9.9597556928235669
0,72.261264289823927,13.227545900528698
0,48.013929667834624,12.546697561805756
1,67.657462485830791,7.9160121729560187
0,72.304821811057494,19.777148721680149
1,63.084484110536891,4.544091017052323
1,63.226050184148448,14.250402139032374
0,56.17944448663247,3.5018647229669719
1,60.742134353401184,15.524145276990318
0,45.508076107245657,13.769658864646173
0,47.218274173347936,7.3537635510393891
0,53.970932477340206,9.1543482160589704
1,68.038065101051941,19.983536266718584
0,55.591637266841616,3.0296007567867305
0,62.792651544825432,7.9843119976096748
1,70.45183635697795,15.262798867852258
1,61.804225837652254,15.225616599686992
0,52.647213844254082,4.5540929743390741
0,48.809482451913922,12.196588523539402
0,70.336545417103935,7.3523246475464674
0,48.476175543033705,2.6808146421565913
0,52.875865568358947,14.655682586136649
1,69.644482514824148,18.345582997992697
1,69.334086258049524,10.225306881658026
0,63.670671320100794,11.64381796654672
0,59.729915129321114,4.2405497504377028
0,74.497489429143513,7.6001565993754383
0,55.168954032092408,10.711488211367227
1,70.567405218523021,15.266833792451887
1,74.301508928451682,9.299801225254452
0,51.172710442800636,10.999181166907142
1,62.574204310357388,17.272165373819085
0,53.38665957680729,7.8620556745667054
0,48.114434965699424,4.6891543337867683
0,60.115589473016811,8.6046354859574858
0,57.355238377578409,7.7229258638226241
0,48.125911764033219,11.382957591937513
0,72.265706874527112,18.688117175757718
1,64.987048084357156,15.089787764357414
0,46.531675675647847,10.54454097257037
0,53.502096252828849,9.7709227729582508
0,74.747526640979999,10.176773407699105
0,48.049185918163296,5.1560160686454442
0,52.414693059161706,4.1445935462522794
0,58.816033938922729,11.535133943299972
0,71.061865020925993,8.9797819260028113
0,49.36375916422967,8.0845987811949662
0,61.547389505578607,7.4685071432830359
0,52.742370113319986,10.838276525165522
0,52.023533218418841,12.643781332377911
0,45.679624727444974,3.2402068828125383
1,60.233744376147868,17.645278561892265
0,65.421148441929404,9.0367155939548649
0,52.708089703938988,10.620874319564857
0,47.061246702670111,1.9738511336777043
1,66.854694198953396,9.7873865693221056
0,45.624918268671571,9.8070305584886768
0,54.55246868903253,11.976149482439531
0,56.208265975718938,7.52504439036767
0,47.190803939646351,0.54936118650702292
0,49.409173115828253,7.7043767738990097
0,55.634233226650544,12.83609950610067
0,67.378710402091613,7.4497054827074116
1,68.76310646537712,16.672417480886356
0,54.352926909275418,9.3142937703416511
0,74.495346705597527,19.558682940481358
0,70.693866737421189,10.109077525686843
0,54.866308775632305,6.8668644632366362
0,58.111974850661738,16.891922600690599
0,71.430208965066882,18.623897613995101
0,49.681209513588222,3.5888959781280541
1,72.982097973710509,12.036334365399247
0,50.503980286298585,13.796493964759236
0,59.794668620107011,10.677352133559433
0,70.543694989550389,16.149319815077025
1,72.981590446894671,12.377878232201644
0,52.163457005174294,3.1124162213675328
0,45.440361900984264,9.9342712122258323
0,46.548024485377582,-0.0023965544929591687
0,66.48941828683914,7.7073038016009807
0,54.050240816683022,12.242317596098717
0,56.28533911309129,9.7242819686549034
0,60.621558307799816,12.056256789302005
0,56.570376598166455,11.259461820585642
0,55.390895492981358,8.6959350196827607
0,55.259161665996757,4.7526205682489726
0,55.099838609047801,12.866158667388845
0,57.954073772659839,7.0023198068057235
0,48.551567494545388,4.5399443255346696
0,59.687296826511449,10.220159402198632
1,74.101647395277169,18.971185017932903
0,71.546219819694528,5.4698099194834731
0,55.114034596399499,0.93830818669234439
0,57.528722614128796,4.7983126245883509
1,60.310498377749752,2.3687535331084622
1,66.97524831966274,17.10199582267516
0,56.166311480217857,11.626401478199325
0,56.907890626710561,8.7032771332159466
0,56.648034383902669,12.778490113285098
0,69.047189116390186,4.464332191819536
0,57.26206356819602,10.146090991377717
0,46.463855640760272,4.6001216537521055
0,51.951881919669859,8.6532841170742607
0,71.793788017505875,12.865410166343686
0,52.542781912437448,3.889907939226898
0,49.741000834792558,5.4382675513933085
1,59.310618547844484,14.362783674977091
0,57.311829100372123,10.771368789969499
1,67.363242938190837,8.0122638208079309
1,61.614688509216187,8.4993463896112953
1,66.11435688040649,10.421421666001597
1,59.075821439027507,11.733532419485487
0,48.534385758250302,7.7849727030291032
0,73.462101853439819,5.5106430433995799
1,71.982128468154954,21.090788231524712
0,60.931332293190103,12.484110856386062
0,48.040935870841658,2.476560833633406
0,52.339370213137741,7.0899611875985062
0,46.94125752198925,9.2931665469809239
1,71.595903593779198,21.49246280935423
0,54.201645670083529,7.3197054834585771
0,56.25382171432355,16.09228008507214
0,58.113887259607921,14.077659308350068
0,49.363408549965342,5.2548058755141973
0,45.219856260770328,-0.67838637072846097
0,69.342194670125977,14.638025183149557
0,71.556758173464004,14.937992485577439
1,73.636502994514714,19.469334458292575
0,51.209588018160545,12.873787559601293
0,55.301710410488553,9.5456739546393248
1,70.601386354346516,13.684783500069203
0,51.276896446584743,8.7665892445573874
0,46.023191535522727,4.1287924555606983
0,51.364542505888451,3.1580358999458471
0,70.023685285176271,10.812795315809554
0,56.555935324976438,13.103827092082943
1,68.463612682510785,8.2482539789086271
0,71.286794113432933,15.794743530978382
0,47.13357014239088,4.8625845901927969
1,62.917978657883211,10.973166706397057
1,72.389304077354851,19.631844602385335
0,48.692041407649072,5.0256574765919586
0,45.282449795944885,5.087884074759641
0,55.020006798729668,11.273288946509147
1,66.547763777224361,8.5068831418653588
1,72.151170183062561,18.526270607799727
0,56.591618630157107,7.5702644239695633
1,65.046070226370134,14.07086066012219
0,61.889305881182523,6.8010030897644551
0,47.885610005215923,7.6119794453535805
0,57.583510291687574,12.904126883740954
1,66.833371856509899,14.982217431259514
0,52.570136316084827,4.5218265192226674
1,63.140417659038953,10.320731530538334
0,67.098297935363576,11.336432013673521
0,50.432983477238309,-0.31007381871351214
0,51.946813779292889,9.6425799560278165
0,54.929263175890355,7.7157304460902374
0,46.021042498766207,12.096610922046999
1,72.718135403736497,17.656263553898718
0,49.288382866582076,13.004029117405484
0,64.373342935404921,8.5829288822459873
1,73.041452379648518,20.046344573460782
0,50.941440674754233,6.6176434885761495
0,57.905850412320696,8.7404028472635904
0,64.449499950314632,12.8020864970993
0,68.884466836013999,10.543527471466739
0,68.506250967785633,14.845184177190525
0,59.999290447068638,6.4852608660852695
1,71.394379213738858,18.778198029686592
1,61.015085824123929,12.578827417939106
0,59.883338127945748,11.581448571348856
0,49.502546015815682,13.903230042693592
1,64.501721904583945,10.605147167234955
0,58.648203762678634,7.7094222260619159
0,56.862889633797245,13.941212269794939
1,59.469487431751446,14.453603349989933
0,51.775973322597416,9.4428049019273015
0,72.770715025102817,12.129138677385663
1,71.56025367046054,9.6402280226546218
1,73.755046490392175,19.407104944866909
1,59.992520739596372,12.599041243717362
0,57.411678004472954,5.0684368150634622
0,66.917337620193493,9.7263266194517328
0,69.925221255137899,4.9562987874363156
0,55.343252190070444,13.36981029133355
0,52.928518128306315,4.3969300773300031
0,57.949823488700098,7.6200044390730106
0,55.015146833462552,6.5064761148627515
0,56.82376199459744,11.116466999900236
0,58.790471675138932,11.1762392653796
1,58.890064448191666,7.5806257359986686
1,59.499489951693526,9.4801438303871581
0,60.934001046656618,6.810791787242044
0,60.116418281056752,8.7637889174088635
0,49.462789729581971,3.5694147193994388
1,69.773391818557457,11.241146554282913
1,68.486467329480689,9.4650297983523757
1,63.683918340751035,15.343335614579681
1,73.014526950506308,12.96211890718781
1,68.464991882489301,11.516060950571731
1,59.897822677726566,11.739791399754521
1,74.33585803745521,18.246926451066695
0,71.33327121148568,13.189916614968116
1,74.021358133425551,18.981797161532175
0,46.793084249796244,9.500205756445812
0,71.121359669720931,10.652235109655861
1,72.247282348024754,14.004305944629653
0,47.968697602140054,5.1125690393910999
1,70.921086732822246,17.840774840770568
0,64.785118760147341,5.2367444520331592
1,72.735469163812098,15.492002279191649
0,66.874693861254627,14.688935550525024
0,49.014324166911095,0.45896453110248991
1,59.272737297320091,7.3160532750831493
1,66.702394101677726,18.817643379186137
0,74.108773218866915,13.328410253191475
1,73.603207181623773,14.496250193529033
0,53.594703728143095,5.7164646332402249
1,62.933623036433232,18.720001890661308
0,51.108062200279264,5.621029212955535
0,59.926286527741155,9.0343186379354847
0,68.280379719866104,9.5202575665112708
1,68.162424803298492,10.786130610428035
0,47.221241588933815,4.3571585076920689
0,53.436739363670945,7.1116102735989788
0,73.981836920720752,7.0079252080796248
1,70.709149537737119,7.6363970231297218
1,58.349925294528688,13.262333474139952
1,65.855026295100544,14.281683024580937
0,67.099043026197052,12.09526251311901
1,71.95621058922319,17.520350571537186
0,45.079020936331638,9.6644948550427205
0,53.425288408109822,7.0284521451614959
0,45.283659360684361,3.5257026582557485
1,61.727085674893026,9.7520630759599403
0,45.522442450340627,7.3568546728023172
1,65.649101418739619,5.9196903378246208
0,47.072576173066615,4.4291032007421922
0,59.01467264161996,4.7398896964624884
0,61.384694242213222,11.273117150970535
0,67.700694280951879,6.9015340084375962
0,56.827573301216802,16.09090351625197
0,54.156076936103858,10.891488638448889
0,53.027692825766991,11.383122444549002
1,73.440460232738729,12.073294720277593
0,69.25081703644949,12.141135968566449
0,56.357646648078813,9.5453804650184146
0,50.509610665637574,11.312255407471845
0,53.249080142512447,8.5567845745440891
0,48.407808964316651,4.1228319868006631
1,66.553440310255638,9.561859855936957
0,49.399381390896039,8.0854617963461024
0,54.356286953956563,6.576034086559047
0,62.79817785641518,6.9527687603313106
0,54.221516632453827,16.014039797857507
1,63.833108134162316,13.342544291379509
1,72.764089417037141,20.868041007674741
0,49.163893224266346,1.6280394917584911
0,51.362575014877343,2.183055307498778
0,55.624687690895975,7.3708427061409134
0,64.65482986347115,8.4804904718718159
0,50.565289298158007,11.077678670789648
0,52.218558872716258,7.1748702348593234
0,51.269505367746603,4.0558855421770534
0,66.213397529174586,8.5184287899882847
0,47.369485719424311,8.0956442959884747
1,72.115022634479459,12.254292141090636
0,46.247918378530734,2.1399287051495128
1,70.138230792816444,8.9994673368129288
1,66.395770486150354,15.642193585878363
0,56.585297799117768,16.527152623123666
1,63.165962968555974,19.106500239009762
0,66.740546269327822,15.012309681473957
0,49.489986516008244,10.442093313156381
1,64.706320440020932,10.622403535411737
0,63.107752757607187,12.159606073944349
0,49.060716943882049,8.6467527278126202
0,70.217466640052507,18.337567857584702
1,59.753794632128923,12.976322963647116
0,50.567722834405437,12.158321434390304
0,74.648281165109722,13.671969196878816
1,61.360370032336206,11.974095054155839
0,65.137026394334697,11.656290887367012
0,46.689378609311085,10.652422677739303
0,58.408019441441226,10.519581330288165
0,50.328485872456199,7.9313907482493997
0,63.153721864275553,13.692554686938433
0,50.55422468011934,5.5997762783108147
0,60.52773767734908,11.47753922387864
1,64.744214618066906,4.0707955266745
1,61.83577493057436,12.221894365030014
0,54.686057219823837,2.8716393156910174
0,56.434452721715061,7.7816049257079154
0,58.47693059677492,12.40569902779303
