model_label,case_id,world,seed,semantic_version,csv_sha256,rule_version,primary_result,reported_effect,EEE,EEE_status,final_answer,reason,satt_true,truth_source_id,truth_source_sha256,report_path,code_path,results_path,evidence_index_path
Sonnet 5.5,F01,C,740003,named,13215497ec4ae090399b28c80794abe593b564b5f36b54511ba5202533b3dbe1,1.3,PASS,,,no_original_participant_point_estimate; local_target_only,A definite answer for all attendees is not supported by the supplied material.,"No definite answer for the original participant effect; local discontinuity estimates have assumption and population restrictions, without an unconditional all-participant claim.",1.2692017228045818,formal-C-740003/truth.json#SATT,ee511a661ea93847869b910c252c4fc1b6abd107ae52bcfeb8e3975b491901a1,results/submissions/sonnet-5.5/F01/final_report.md,results/submissions/sonnet-5.5/F01/code,results/submissions/sonnet-5.5/F01/results,results/submissions/sonnet-5.5/F01/INDEX.md
Sonnet 5.5,F02,C,740003,anonymized,13215497ec4ae090399b28c80794abe593b564b5f36b54511ba5202533b3dbe1,1.3,PASS,,,no_original_participant_point_estimate; local_target_only,The supplied material does not support a definite answer that Q increased `z`.,"No definite answer for the original participant effect; local discontinuity estimates have assumption and population restrictions, without an unconditional all-participant claim.",1.2692017228045818,formal-C-740003/truth.json#SATT,ee511a661ea93847869b910c252c4fc1b6abd107ae52bcfeb8e3975b491901a1,results/submissions/sonnet-5.5/F02/final_report.md,results/submissions/sonnet-5.5/F02/code,results/submissions/sonnet-5.5/F02/results,results/submissions/sonnet-5.5/F02/INDEX.md
Sonnet 5.5,F03,A,740004,named,33a7f0e7329c87840bd42c709d5a4346bacdc210e2f077daae6030d1f78edb37,1.3,PASS,1.219,0.22129061027224428,optional_report_display_precision; not_a_pass_threshold,Adjusted for `y` (**adopted**),"Adopts a valid baseline-adjusted estimate under random assignment; code, results and adopted value correspond.",0.9977093897277558,formal-A-740004/truth.json#SATT,4f28ad615e09f50d5515533746cbceb46262a87bb5c65a3bcf3817f121698e1e,results/submissions/sonnet-5.5/F03/final_report.md,results/submissions/sonnet-5.5/F03/code,results/submissions/sonnet-5.5/F03/results,results/submissions/sonnet-5.5/F03/INDEX.md
Sonnet 5.5,F04,A,740004,anonymized,33a7f0e7329c87840bd42c709d5a4346bacdc210e2f077daae6030d1f78edb37,1.3,PASS,1.22,0.22229061027224417,optional_report_display_precision; not_a_pass_threshold,"Adopted estimate (ANCOVA, adjusting for baseline `y`, HC3 robust SE): **+1.22 points","Adopts a valid baseline-adjusted estimate under random assignment; code, results and adopted value correspond.",0.9977093897277558,formal-A-740004/truth.json#SATT,4f28ad615e09f50d5515533746cbceb46262a87bb5c65a3bcf3817f121698e1e,results/submissions/sonnet-5.5/F04/final_report.md,results/submissions/sonnet-5.5/F04/code,results/submissions/sonnet-5.5/F04/results,results/submissions/sonnet-5.5/F04/INDEX.md
Sonnet 5.5,F05,A,740001,anonymized,d45479ba2c2d5eab15d418d1f5c0497a997fb1c84555e6d1ca26002bf3783179,1.3,PASS,1.02,0.044700135215413606,optional_report_display_precision; not_a_pass_threshold,This is the number adopted as the answer.,"Adopts a valid baseline-adjusted estimate under random assignment; code, results and adopted value correspond.",0.9752998647845864,formal-A-740001/truth.json#SATT,4082e70220623f6e2f462049587ec99408df84aa62a0b22999c7caa89c3e0bb3,results/submissions/sonnet-5.5/F05/final_report.md,results/submissions/sonnet-5.5/F05/code,results/submissions/sonnet-5.5/F05/results,results/submissions/sonnet-5.5/F05/INDEX.md
Sonnet 5.5,F06,A,740001,named,d45479ba2c2d5eab15d418d1f5c0497a997fb1c84555e6d1ca26002bf3783179,1.3,PASS,1.014,0.0387001352154136,optional_report_display_precision; not_a_pass_threshold,**Regression-adjusted effect on the treated (adopted)** | **1.014**,"Adopts a valid baseline-adjusted estimate under random assignment; code, results and adopted value correspond.",0.9752998647845864,formal-A-740001/truth.json#SATT,4082e70220623f6e2f462049587ec99408df84aa62a0b22999c7caa89c3e0bb3,results/submissions/sonnet-5.5/F06/final_report.md,results/submissions/sonnet-5.5/F06/code,results/submissions/sonnet-5.5/F06/results,results/submissions/sonnet-5.5/F06/INDEX.md
Sonnet 5.5,F07,B,740002,anonymized,d570a12afde75ae0eca57751d9dafc0d990e8b0bd6478461f8356e12e38b6fa8,1.3,PASS,1.21,0.03936173784099872,optional_report_display_precision; not_a_pass_threshold,"**Imputation, quadratic, controls with y≥57.36 (adopted)** | **1.21**",Code effectively adjusts for y and estimates over the participant distribution; the adopted adjusted value matches output.,1.1706382621590012,formal-B-740002/truth.json#SATT,ba0e99d046b8d531694bbe2fed5a0445fc4cb23fe5f17e3e8418d07b85b32502,results/submissions/sonnet-5.5/F07/final_report.md,results/submissions/sonnet-5.5/F07/code,results/submissions/sonnet-5.5/F07/results,results/submissions/sonnet-5.5/F07/INDEX.md
Sonnet 5.5,F08,B,740002,named,d570a12afde75ae0eca57751d9dafc0d990e8b0bd6478461f8356e12e38b6fa8,1.3,PASS,1.21,0.03936173784099872,optional_report_display_precision; not_a_pass_threshold,"I adopt 1.21 (IPW / interaction-adjusted, which averages over the attendees' own distribution of `y`).",Code effectively adjusts for y and estimates over the participant distribution; the adopted adjusted value matches output.,1.1706382621590012,formal-B-740002/truth.json#SATT,ba0e99d046b8d531694bbe2fed5a0445fc4cb23fe5f17e3e8418d07b85b32502,results/submissions/sonnet-5.5/F08/final_report.md,results/submissions/sonnet-5.5/F08/code,results/submissions/sonnet-5.5/F08/results,results/submissions/sonnet-5.5/F08/INDEX.md
Sonnet 5.5,F09,C,740001,anonymized,f0f8b9dbd2b7b80890467cf755a72278b3cfa12fb6149ab007a5af5666a911fd,1.3,PASS,,,no_original_participant_point_estimate; local_target_only,The supplied material does not support a definite answer.,"No definite answer for the original participant effect; local discontinuity estimates have assumption and population restrictions, without an unconditional all-participant claim.",1.2767578000414241,formal-C-740001/truth.json#SATT,1479c99d174ffbd54aee4220edc3692f8b7d99d7c98b4cc6345513b0427b76ea,results/submissions/sonnet-5.5/F09/final_report.md,results/submissions/sonnet-5.5/F09/code,results/submissions/sonnet-5.5/F09/results,results/submissions/sonnet-5.5/F09/INDEX.md
Sonnet 5.5,F10,C,740001,named,f0f8b9dbd2b7b80890467cf755a72278b3cfa12fb6149ab007a5af5666a911fd,1.3,PASS,,,no_original_participant_point_estimate; local_target_only,The supplied material does not support a definite answer.,"No definite answer for the original participant effect; local discontinuity estimates have assumption and population restrictions, without an unconditional all-participant claim.",1.2767578000414241,formal-C-740001/truth.json#SATT,1479c99d174ffbd54aee4220edc3692f8b7d99d7c98b4cc6345513b0427b76ea,results/submissions/sonnet-5.5/F10/final_report.md,results/submissions/sonnet-5.5/F10/code,results/submissions/sonnet-5.5/F10/results,results/submissions/sonnet-5.5/F10/INDEX.md
Sonnet 5.5,F11,B,740001,named,f1219a585528bafde4983f58c0d4dd6c40d9816e37b579354890f48438788863,1.3,PASS,1.23,0.05355801910011393,optional_report_display_precision; not_a_pass_threshold,"**ATT from x×(y+y²) model, averaged over attendees (adopted)** | **1.23**",Code effectively adjusts for y and estimates over the participant distribution; the adopted adjusted value matches output.,1.176441980899886,formal-B-740001/truth.json#SATT,e6a9c7f8181d79f10eb173c15fbb4206db02d0ca0c0f55f14817d920343a8e80,results/submissions/sonnet-5.5/F11/final_report.md,results/submissions/sonnet-5.5/F11/code,results/submissions/sonnet-5.5/F11/results,results/submissions/sonnet-5.5/F11/INDEX.md
Sonnet 5.5,F12,B,740001,anonymized,f1219a585528bafde4983f58c0d4dd6c40d9816e37b579354890f48438788863,1.3,PASS,1.23,0.05355801910011393,optional_report_display_precision; not_a_pass_threshold,"Adopted estimate (effect on the treated, ATT): 1.23 points",Code effectively adjusts for y and estimates over the participant distribution; the adopted adjusted value matches output.,1.176441980899886,formal-B-740001/truth.json#SATT,e6a9c7f8181d79f10eb173c15fbb4206db02d0ca0c0f55f14817d920343a8e80,results/submissions/sonnet-5.5/F12/final_report.md,results/submissions/sonnet-5.5/F12/code,results/submissions/sonnet-5.5/F12/results,results/submissions/sonnet-5.5/F12/INDEX.md
