y,x,n,y_mean,z_mean,z_sd
"[45, 50)",0,322,47.497684868549086,6.951328271312772,3.5112567554680676
"[50, 55)",0,332,52.59111222052858,8.076450762852213,3.648624649860737
"[55, 60)",0,265,57.10327433436823,9.991207171940367,3.6555825099938266
"[55, 60)",1,72,58.60746434497506,10.82412361464806,3.303278161128457
"[60, 65)",0,184,62.501896127221364,10.640789920006094,3.49040333052647
"[60, 65)",1,151,62.49757185227255,11.504302091436,3.533225618370908
"[65, 70)",0,155,67.48605510815614,11.708985399951908,3.7578527054752318
"[65, 70)",1,187,67.6722132659419,12.922398188128914,3.6495410492371367
"[70, 75)",0,142,72.30636007541594,12.587259688017161,3.4833911953070844
"[70, 75)",1,190,72.58591980902833,14.53921834514515,3.7243653470138525
