width,lower,upper,n_treated,n_controls,treated_y_mean,control_y_mean,treated_z_mean,control_z_mean,gain_difference,treated_weight
0.5,57.35599040912017,57.85599040912017,20,17,57.612787785282265,57.64968783356935,11.206510649645319,9.29864725260532,1.907863397039998,0.03333333333333333
0.5,57.85599040912017,58.35599040912017,16,18,58.17215946169381,58.128353864014265,11.054247692282807,10.678267057700792,0.3759806345820156,0.02666666666666667
0.5,58.35599040912017,58.85599040912017,6,19,58.64179294776963,58.6498913345349,12.255285023507328,10.545781148634248,1.7095038748730804,0.01
0.5,58.85599040912017,59.35599040912017,11,19,59.1240635040346,59.172262356997585,9.767540383675883,9.423954202882305,0.3435861807935776,0.018333333333333333
0.5,59.35599040912017,59.85599040912017,15,17,59.64769392540372,59.597641187024124,9.832001261814744,12.210240494786362,-2.3782392329716178,0.025
0.5,59.85599040912017,60.35599040912017,16,20,60.105455362155155,60.09595044818811,12.080307950745691,10.302564374349481,1.77774357639621,0.02666666666666667
0.5,60.35599040912017,60.85599040912017,18,9,60.57576837042935,60.57918998571808,12.17063415629614,8.500454617370712,3.670179538925428,0.03
0.5,60.85599040912017,61.35599040912017,11,20,61.139921541866194,61.116579194022066,9.809066383050403,10.703472856770542,-0.8944064737201387,0.018333333333333333
0.5,61.35599040912017,61.85599040912017,18,22,61.60437112489952,61.62790316014948,10.014817795675379,10.271567483171706,-0.25674968749632754,0.03
0.5,61.85599040912017,62.35599040912017,13,24,62.15590484445158,62.100482649286825,10.036249550787504,10.958892707790943,-0.9226431570034386,0.021666666666666667
0.5,62.35599040912017,62.85599040912017,15,18,62.58667847347292,62.60265659573299,11.03913114253749,10.62411473577236,0.41501640676512963,0.025
0.5,62.85599040912017,63.35599040912017,10,21,63.07777212375559,63.04847977003355,12.890824456889817,9.952371210173759,2.9384532467160582,0.016666666666666666
0.5,63.35599040912017,63.85599040912017,18,16,63.58921727802225,63.61342491973783,11.442778714084344,12.191058118437695,-0.7482794043533509,0.03
0.5,63.85599040912017,64.35599040912017,16,19,64.16868566240316,64.09113675672835,12.209177041568589,10.366650753204192,1.8425262883643967,0.02666666666666667
0.5,64.35599040912017,64.85599040912017,13,16,64.63148618593665,64.57224865567682,12.93844607564812,12.18212633280322,0.7563197428448998,0.021666666666666667
0.5,64.85599040912017,65.35599040912017,16,12,65.03890968987,65.06630318163432,11.82578357704439,9.803515420616426,2.0222681564279643,0.02666666666666667
0.5,65.35599040912017,65.85599040912017,18,23,65.59470158177652,65.56469706074743,11.407326138241405,10.542101465567923,0.8652246726734827,0.03
0.5,65.85599040912017,66.35599040912017,14,17,66.18124280080312,66.16652453994982,13.658932548288812,10.89403880072193,2.764893747566882,0.023333333333333334
0.5,66.35599040912017,66.85599040912017,12,10,66.55110398060704,66.54256906085439,11.213129956519557,10.163224608594444,1.0499053479251135,0.02
0.5,66.85599040912017,67.35599040912017,21,16,67.11154289587986,67.14300107146904,12.979129377626618,10.706887354385142,2.2722420232414766,0.035
0.5,67.35599040912017,67.85599040912017,23,15,67.6654938409753,67.55518294905934,13.120228533128802,12.078582650833242,1.04164588229556,0.03833333333333333
0.5,67.85599040912017,68.35599040912017,23,16,68.1065892125207,68.1292257583824,13.898193615679803,12.818421572962478,1.079772042717325,0.03833333333333333
0.5,68.35599040912017,68.85599040912017,27,16,68.6313654027853,68.6259212931749,13.379381542649966,13.900383014569393,-0.5210014719194263,0.045
0.5,68.85599040912017,69.35599040912017,20,14,69.1153191894028,69.13581649669892,12.556817994238653,12.278626850881382,0.2781911433572706,0.03333333333333333
0.5,69.35599040912017,69.85599040912017,11,17,69.61644644306215,69.56415838622522,15.465599344950215,13.038151776695816,2.427447568254399,0.018333333333333333
0.5,69.85599040912017,70.35599040912017,23,14,70.0920050206905,70.13267819682986,13.654974956253948,13.149587262777445,0.5053876934765036,0.03833333333333333
0.5,70.35599040912017,70.85599040912017,16,21,70.60972109239897,70.67913407321463,14.641297329973717,12.1183370495092,2.522960280464517,0.02666666666666667
0.5,70.85599040912017,71.35599040912017,19,15,71.14040439410498,71.13336679714298,13.301644920676038,12.321176967229754,0.9804679534462846,0.03166666666666667
0.5,71.35599040912017,71.85599040912017,17,18,71.57449993879055,71.58571775689809,14.64712147914087,11.75418552561326,2.8929359535276102,0.028333333333333332
0.5,71.85599040912017,72.35599040912017,24,14,72.13557605533903,72.19971471167014,14.883516706211873,13.38909983083017,1.4944168753817024,0.04
0.5,72.35599040912017,72.85599040912017,13,17,72.59993407026874,72.57916448930943,14.21894759810735,12.102408780623346,2.1165388174840043,0.021666666666666667
0.5,72.85599040912017,73.35599040912017,15,9,73.1620691177499,73.07003045472925,13.567110302743727,11.387427249550141,2.1796830531935854,0.025
0.5,73.35599040912017,73.85599040912017,28,9,73.64467036715588,73.61664514082084,14.907795547382577,15.219648702806223,-0.31185315542364656,0.04666666666666667
0.5,73.85599040912017,74.35599040912017,19,11,74.11157000345145,74.10987015317356,14.762565372232128,12.343219622963831,2.419345749268297,0.03166666666666667
0.5,74.35599040912017,74.85599040912017,21,12,74.66335069867702,74.65173107878813,15.5013018869116,12.219331795990577,3.281970090921023,0.035
0.5,74.85599040912017,75.35599040912017,4,6,74.94183756690207,74.95368118559064,13.776195442602896,14.226272330107491,-0.4500768875045953,0.006666666666666667
1.0,57.35599040912017,58.35599040912017,36,35,57.86139741924295,57.89585893494103,11.138838224150868,10.008166009511562,1.130672214639306,0.06
1.0,58.35599040912017,59.35599040912017,17,38,58.953850366529316,58.91107684576625,10.645567903616396,9.98486767575828,0.6607002278581149,0.028333333333333332
1.0,59.35599040912017,60.35599040912017,31,37,59.8839578927593,59.866997544410054,10.992417617392004,11.179064213469127,-0.1866465960771233,0.051666666666666666
1.0,60.35599040912017,61.35599040912017,29,29,60.78975750442264,60.94980323282427,11.274867069892588,10.019777541094731,1.255089528797857,0.04833333333333333
1.0,61.35599040912017,62.35599040912017,31,46,61.83565945890521,61.87446637187332,10.023805305883688,10.630171948190439,-0.6063666423067513,0.051666666666666666
1.0,62.35599040912017,63.35599040912017,25,39,62.78311593358599,62.84271522804869,11.77980846827842,10.262406683526962,1.517401784751458,0.041666666666666664
1.0,63.35599040912017,64.35599040912017,34,35,63.8619082824368,63.87275420267553,11.803436750547519,11.20066554873951,0.6027712018080091,0.056666666666666664
1.0,64.35599040912017,65.35599040912017,29,28,64.85627156741712,64.78398630965859,12.324563317797784,11.162721656151735,1.161841661646049,0.04833333333333333
1.0,65.35599040912017,66.35599040912017,32,40,65.85131336510065,65.82047373940846,12.392403942637145,10.691674833008374,1.7007291096287709,0.05333333333333334
1.0,66.35599040912017,67.35599040912017,33,26,66.90774692668975,66.9120656827711,12.336947769951324,10.497786298311796,1.8391614716395281,0.055
1.0,67.35599040912017,68.35599040912017,46,31,67.88604152674797,67.85146310870998,13.5092110744043,12.460434997738652,1.0487760766656482,0.07666666666666666
1.0,68.35599040912017,69.35599040912017,47,30,68.83730318432464,68.86387238815279,13.029354500772806,13.14356347151499,-0.11420897074218317,0.07833333333333334
1.0,69.35599040912017,70.35599040912017,34,31,69.93814783381073,69.82090926843375,14.240765199655684,13.088477480087521,1.1522877195681627,0.056666666666666664
1.0,70.35599040912017,71.35599040912017,35,36,70.89780631332509,70.86839770818477,13.914057450640692,12.202853681892764,1.7112037687479287,0.058333333333333334
1.0,71.35599040912017,72.35599040912017,41,32,71.90293473872137,71.85434142461087,14.78549917303609,12.469460534145657,2.316038638890433,0.06833333333333333
1.0,72.35599040912017,73.35599040912017,28,26,72.90107784570509,72.74907963118554,13.869749047019695,11.85491517371339,2.014833873306305,0.04666666666666667
1.0,73.35599040912017,74.35599040912017,47,20,73.83341702863709,73.88791889761484,14.849085476577075,13.637612708892911,1.211472767684164,0.07833333333333334
1.0,74.35599040912017,75.35599040912017,25,18,74.70790859759302,74.75238111438895,15.225284855822206,12.888311974029548,2.336972881792658,0.041666666666666664
2.0,57.35599040912017,59.35599040912017,53,73,58.211806855164994,58.424328532356895,10.98061944209264,9.996038109749579,0.9845813323430619,0.08833333333333333
2.0,59.35599040912017,61.35599040912017,60,66,60.32176103839658,60.342775801440546,11.128934852767287,10.66968067560765,0.4592541771596377,0.1
2.0,61.35599040912017,63.35599040912017,56,85,62.2586310993877,62.31872172941259,10.807735289095623,10.46143259146249,0.34630269763313315,0.09333333333333334
2.0,63.35599040912017,65.35599040912017,63,63,64.31963106441187,64.27774625022356,12.043320408488118,11.183801596478277,0.8595188120098403,0.105
2.0,65.35599040912017,67.35599040912017,65,66,66.38765655790742,66.25049480800585,12.364249270350498,10.615294501158209,1.7489547691922898,0.10833333333333334
2.0,67.35599040912017,69.35599040912017,93,61,68.36678666552329,68.34936931171463,13.266702913536776,12.796399820907343,0.4703030926294325,0.155
2.0,69.35599040912017,71.35599040912017,69,67,70.42493112052091,70.3837388778522,14.075043877691558,12.612619916878396,1.4624239608131617,0.115
2.0,71.35599040912017,73.35599040912017,69,58,72.30797831836692,72.25543096548917,14.413890426246828,12.193974682917402,2.2199157433294268,0.115
2.0,73.35599040912017,75.35599040912017,72,38,74.13705993452456,74.29740100029731,14.979710261037193,13.282680781852372,1.6970294791848204,0.12
2.5,57.35599040912017,59.85599040912017,68,90,58.5285466500706,58.64595425601625,10.727247784678399,10.414276338034304,0.31297144664409515,0.11333333333333333
2.5,59.85599040912017,62.35599040912017,76,95,61.07231179801054,61.217776377071985,10.934132062121188,10.374871008373653,0.5592610537475355,0.12666666666666668
2.5,62.35599040912017,64.85599040912017,72,90,63.62627917166219,63.55075854975968,12.000164725125025,10.968568624314289,1.0315961008107362,0.12
2.5,64.85599040912017,67.35599040912017,81,78,66.12123742348028,66.06831148087177,12.257885676611021,10.490405411844089,1.7674802647669328,0.135
2.5,67.35599040912017,69.85599040912017,104,78,68.49896221891683,68.61413103308232,13.49927849762858,12.849089349733037,0.6501891478955439,0.17333333333333334
2.5,69.85599040912017,72.35599040912017,99,82,71.12686525989731,71.12754558338801,14.214766675361059,12.468532820971767,1.746233854389292,0.165
2.5,72.35599040912017,74.85599040912017,96,58,73.74303275726982,73.53543485014791,14.70611802438352,12.545035004246435,2.1610830201370845,0.16
2.5,74.85599040912017,77.35599040912017,4,6,74.94183756690207,74.95368118559064,13.776195442602896,14.226272330107491,-0.4500768875045953,0.006666666666666667
5.0,57.35599040912017,62.35599040912017,144,185,59.8710893670389,59.96661966953136,10.836436708884316,10.394041168749105,0.44239554013521065,0.24
5.0,62.35599040912017,67.35599040912017,153,168,64.94713942262472,64.71962241063315,12.136605228852902,10.74656427566741,1.3900409531854923,0.255
5.0,67.35599040912017,72.35599040912017,203,160,69.78055040146397,69.90225599011399,13.84821115573457,12.654054128742883,1.194157026991686,0.3383333333333333
5.0,72.35599040912017,77.35599040912017,100,64,73.7909849496551,73.66839544409565,14.668921121112291,12.70265100354591,1.9662701175663813,0.16666666666666666
