y,observed_gain,estimated_untreated_gain
59.128120584791326,8.462545042372001,10.092388999900246
64.51724947786433,19.292407580019297,11.217218286831674
66.87773209001496,15.64883794166608,11.717294535564191
69.8724744256603,9.445282456780445,12.357819735790127
65.21624536844874,12.111002605763913,11.364726795050975
73.62854044725394,10.450357155341774,13.165070004414751
58.277673361798485,14.527931610552788,9.913591544221669
64.81673812225817,10.43906303398676,11.280353566111515
70.2445682296503,13.860952517913306,12.437698855526929
61.166478843824365,16.16351532111232,10.517364745220092
64.02167452056052,11.852075243688317,11.112973710950236
69.92578302441642,11.316544442411592,12.369261049692032
67.71049341041322,11.34605235522508,11.894870316150264
66.69348895533949,16.89910431742791,11.678077981922273
67.70952756043648,16.78228916625483,11.894664077192665
71.49542777551373,14.625752618502109,12.706468297106262
60.140333395689616,11.445666474048412,10.30384072724028
73.48157237869037,6.6664462616544045,13.133472663932267
63.91768577252985,16.054013652965782,11.091137038749899
66.55887490187126,8.103684613189449,11.649442583245389
62.94112842656399,17.87985854590486,10.886734753454878
61.10130117490165,13.460364678156472,10.503813837370037
62.21682576807467,7.954891517529248,10.735792274311562
63.245547429102885,9.455370662118012,10.950323980063786
73.0436514622353,17.02650231751087,13.03932203354799
64.37009937535043,12.578936576278773,11.186234942589358
60.16346054388837,16.362810538564062,10.308659759297196
69.89889947737592,16.24241713499474,12.363491071916236
69.15852114302831,20.534828362681107,12.204689854905489
60.55090683095953,5.931195241884812,10.389336015281359
61.474897755605895,2.8386004643641702,10.581483046191439
60.446166573154485,14.39667918889554,10.36753590803524
64.90021885396315,12.97925742620385,11.29796993147135
63.6708327099559,17.364486266465704,11.039354038083935
71.96558925801311,11.468411142378052,12.807544570263364
73.32988264728816,12.774668333222497,13.100860191456718
65.32556540931074,11.333615251764176,11.387843794936778
70.6397560338407,18.233057851979503,12.522578275374926
60.056710380105045,14.236893584134672,10.286412446955383
66.66210037482783,6.972897937713745,11.671399595440665
66.36834239303685,12.550297522612023,11.608938133727682
69.77123379517398,12.164868534615772,12.336093714607227
64.29423064079174,7.483204638476637,11.170270174193256
67.17945578519377,12.01136774241414,11.78157456580933
67.47038061283229,14.791716080754338,11.843618201610798
72.87145399707084,18.35091607013047,13.002300509143417
73.93320460020163,8.13880590424376,13.230571150803598
69.09902537179076,14.007302054160066,12.191938607482658
58.64356379088012,18.63347640586852,9.990672756711612
65.82666382738243,5.064493119463801,11.493960519707036
67.0780082547752,12.371593604980374,11.759954141441114
62.520821707235385,12.286328006580389,10.799093415282513
59.81117388854885,18.7950877310527,10.23520280368594
65.83025852224678,16.02540239677507,11.49472264495325
70.36834774268306,12.920404277406302,12.46428022595391
59.55337551673836,12.185564052463198,10.181369312506785
60.652031443449,5.274945072189266,10.410378020218246
70.96505640689278,17.524073685310704,12.592473591841284
73.33011720258713,20.952332906048067,13.100910619578414
60.42208280086184,14.642908158676144,10.362522326345692
68.11761166681282,11.753647216991835,11.981856196343202
58.874301974441686,9.542429917805482,10.039156302742017
73.94415282106355,20.18490761744368,13.232924959121547
70.58018316014606,10.190708956254896,12.509780611903729
68.61067464492929,15.38258113031088,12.087338088174484
65.93324876769748,15.35367045896094,11.516563183182937
61.061572057273445,12.18675817744642,10.495553524839462
58.866481704601775,8.026517858570756,10.037514555237145
69.63814139218145,16.860882299146294,12.307537909968556
59.20161743719184,16.414327411756403,10.10778510010521
60.00966215921024,8.90676621652451,10.276604279646168
66.04150987004326,14.003918250511012,11.539532140524281
71.18276663138336,12.36945211870392,12.639262241183388
73.29124260084491,15.75325641800996,13.092552790293595
60.576683185826326,16.527966278148995,10.394700048900116
71.61241809824858,16.45013535729848,12.731617793165142
68.9746987400774,6.554426672861573,12.16529792197841
68.58107932987203,16.23009393233342,12.081002901210088
71.72551225958344,16.419162846861195,12.755930718027319
62.82429704552023,15.5100063704882,10.862356919480078
61.31222002867933,10.427492738100415,10.54766371400526
71.81258017985664,17.43123138383182,12.774649058693257
61.043621514914086,16.439754698304085,10.491821223884907
59.70668639421041,9.56822574184069,10.213392535598558
62.1302346942104,15.360755552091693,10.71777179483739
63.320463920285306,10.870573028743287,10.965990069511234
73.60878096500186,14.182574798175716,13.160821822516617
73.60641285070693,16.901267192006323,13.160312690741172
67.55796475056349,12.91749707464272,11.862308480102513
61.40982304734901,9.209109926756275,10.567954476086129
69.65035864026267,12.639980805285123,12.310158926209368
72.00907496105458,18.45008041373838,12.81689370713486
71.79009462139143,12.138359708512866,12.769814952430746
66.6336654389086,12.767681026574015,11.665350340129816
70.3831602253176,16.7311903444732,12.467461449179407
69.79644222173336,13.254014888947296,12.341503055907413
63.198260946547805,8.936524627815805,10.940439332389513
60.10773623171348,7.532077513270771,10.297047683817523
58.33972837255379,10.237203197314248,9.92668281247389
66.62120442871344,18.7852602735177,11.662699592195477
61.41293511818745,11.615802516592948,10.568601448807193
62.292033402672544,5.415131650408858,10.75144717963979
61.828777597182224,8.82308690082487,10.655062574118661
64.68188405884088,9.062062164183104,11.251912483394115
58.55009973480146,11.916907712236975,9.971007038063295
73.51797327420522,18.391537669213072,13.141298659746809
58.9996070569788,11.392824888342153,10.065448741617828
59.043204867916266,9.45706278399613,10.07459095367227
64.54641116381293,14.71393785209828,11.22336141755079
65.43065467507702,5.699576426589437,11.410077687697317
71.7297783622261,8.78223472171731,12.75684785867714
64.98016744456548,10.026696954488887,11.314848043890237
60.38585104550277,10.082203191977394,10.354979188632859
74.7200752831044,14.739670826580555,13.399744095146993
62.45321871129782,16.142405697535953,10.785010946869129
58.31989800198525,10.413062564099492,9.922500194101183
67.00324203757134,10.567976468941255,11.744025015301519
70.32845854257354,8.343139490430737,12.455713655825726
60.373091246921874,12.560663421354812,10.352322509888191
60.47590009117887,10.783612513113356,10.373725130920967
65.92777003422499,6.897953174462872,11.515401089734459
64.63521075260273,6.647521019955386,11.242073688978135
73.49883955377206,15.971995833039989,13.137185013257863
73.52657443518001,16.023763012543792,13.143147862873157
72.34159584092836,17.985254383419335,12.88838386908219
62.56606427601711,10.639306057086332,10.808519901460318
58.30623106176354,6.214896533552519,9.919617106288904
66.1890958066399,8.405859444728621,11.57086161534001
71.46646243091628,21.16401821833423,12.700241783884476
61.99344743434264,14.151589738495742,10.689312601235837
62.82640770455325,17.205744665565394,10.862797205540842
62.316733727926525,15.090585318774124,10.756589442851608
62.74662553556881,14.812359331226396,10.846157496028098
68.13278677557246,13.352179078059718,11.98510054225354
61.91296374344626,16.679827354390593,10.672571390111198
71.63336285795256,12.978347028418993,12.736120420174906
74.38354195064505,19.98207788604124,13.32739124739333
65.26764423208942,14.169288971734089,11.375594148393038
58.88471727631878,15.812535721259362,10.04134268224796
70.02950676506538,19.92792165244748,12.391525340581662
73.87504632126851,11.565326492988763,13.218067435137549
63.53607459449942,10.697824926858514,11.011118086262632
60.00689766326053,9.796093305043689,10.276027903054208
59.76009412088896,14.855593043748025,10.224542074466699
74.62067319544587,7.088171954376276,13.378373183498447
59.04184463304341,7.026948475001367,10.074305764400657
66.49764516334793,9.955255047032596,11.636422660744838
66.81801433024755,16.35831426770509,11.704580497101455
60.50102488964456,13.986614192748153,10.37895461678786
60.96224893155025,14.504673165190953,10.474901230092398
69.4450153836659,8.436019004112845,12.266113385690314
58.48175410495909,12.974018785795788,9.956616246405408
68.68349356791963,11.532798472146789,12.1029277037972
60.93986289491845,11.00244232298121,10.47024615972645
72.21969002791127,10.912428641626722,12.862174778098431
65.98192831059794,12.632288852656274,11.526889820988956
71.45197156685452,9.279460781539225,12.697126796923946
65.75323296565513,14.185693884733688,11.478394849276839
66.06112824194554,18.585015354189164,11.543695580117221
74.20113210974294,10.172383557641306,13.288174117395947
60.359188201104416,11.915724266132226,10.349427678446684
70.67707878383074,8.561696060095635,12.530596490028557
67.52378950136259,9.02520249422875,11.855014917888592
71.72158070519964,8.478852225612702,12.755085500599879
61.856289289859085,15.886776124635782,10.660784123069545
70.83546713288013,15.751939957563792,12.564627041069567
63.0987448727042,9.321100823678963,10.919645535624184
74.83082255001437,12.24791012316337,13.423554159021748
71.67388437695632,15.671491324461895,12.74483167583399
74.71792807811715,10.21141441105062,13.399282457678858
60.3951479986465,9.651920277406077,10.356914812946858
67.78471186652732,16.026667560699003,11.910720104186208
69.04055433350631,14.624867822569955,12.179408551619069
69.73396281029707,15.098023575826776,12.328096345858064
72.50997511513523,13.649351544109416,12.924584503065567
73.85931610580172,22.52961337729519,13.214685523822801
72.0889098435401,11.117392713273468,12.83405774569865
72.77212856832621,14.981116462589926,12.980946078747188
62.233328339838565,15.730605523674868,10.739227095876462
60.32149206327635,10.065531887853082,10.341578106376435
62.50585742068552,17.911436826081225,10.7959758899367
69.53011240221895,17.244713260426106,12.284364466567926
74.78198460209214,19.13670018138924,13.413054264153047
58.88853849224177,8.910855604478785,10.042144787166334
67.72060868957053,9.27901780102708,11.897030279516315
66.43307219289778,19.29827760207516,11.62269527389013
61.12257506060496,10.646224090319627,10.508236902183828
60.35309095941678,6.9435582341830155,10.348158097289904
66.62905757946785,13.0937957058625,11.66437012582124
58.80470653247524,12.91713179590683,10.024542227241334
71.75387296011239,7.611800979023657,12.76202781338706
62.86196323575646,10.147185670761122,10.870214787195403
58.977698279667024,8.931650864100526,10.06085348145526
65.39204644574329,18.1523756288814,11.401907983824227
68.72188146862979,13.041029341019556,12.111147179104883
61.044512503306734,6.802812324304561,10.492006480940628
69.09604973276733,11.68042993594914,12.191300904859915
69.7592778683742,12.416794502762464,12.33352823468255
71.28619778065709,13.981803420183526,12.661493319891218
64.72199631228091,18.138897239206617,11.260370151285635
72.55998345116737,19.578751353016823,12.93533602505262
60.94475800409501,16.527444768425614,10.471264086089084
69.52527143402808,14.024875093361478,12.283326129103646
68.65444527586432,12.364809324758886,12.096708497467638
62.76937646162632,4.5813912859449175,10.850901916653921
71.18197584194849,9.539385762129823,12.639092277639989
66.91524156098191,10.47088533820724,11.725281824482387
74.0816835200743,16.84824341841399,13.262493316152423
73.98602682250302,11.781349071556942,13.24192764313166
65.92473229123577,10.172492513480046,11.514756766532184
68.03474662515744,12.191695631336035,11.964142617775124
71.99258316233063,17.358903440169286,12.813348075878956
64.00976217869963,13.321978815972518,11.110471557015742
74.64627169398294,16.224383456387162,13.383876722342144
58.747701063650695,8.983601989819038,10.0125657942136
59.64886867761574,6.653920334272648,10.201318844305634
62.50304905617343,11.55807877145744,10.795390839426485
64.29826365879734,12.345806092064333,11.171118656491469
65.80863778200836,20.170832420180037,11.490138932655999
71.55554933829947,13.062631298979618,12.719392529227559
60.27619934831587,5.782171960116872,10.33214538746
63.29205257800525,9.212213234817936,10.96004801800477
66.80753230342751,14.817673864783544,11.70234914427514
74.12632994464782,14.06652146758628,13.272092056153369
65.93412308547867,17.538088000957842,11.516748637204692
73.69467059834848,20.51726385742757,13.179287629513269
73.24354115913705,10.96286418234044,13.082297238119075
66.8613843662006,17.673626513844606,11.713813788885673
61.39275277270122,8.046694385971568,10.564405718349004
74.69447603010198,10.02981455960588,13.394240394097324
62.97514982476485,7.380562717013662,10.893836235655787
67.65690638425485,18.92197512236405,11.883428762866512
62.789420146465744,6.623864031535782,10.855082175518518
73.89160003542537,14.642226942256324,13.221626394220138
65.5902003264465,4.280959817342088,11.443854225750224
61.81013992992197,9.371234680213806,10.65118667206971
73.40696948824102,16.011885978677075,13.117433445661646
70.12411088428044,8.264897377922285,12.411835061285124
69.0461644498394,15.998941464384616,12.180610703663266
69.85733480967797,12.51999887950597,12.354570582520921
59.80101486476346,5.53097136432215,10.233082754740535
67.62834387661997,11.440042699952349,11.8773310694543
59.752976364970735,12.742842348353031,10.223056328957139
72.03388352073658,19.399724132290125,12.822227396807232
60.45224396372494,16.082330319167227,10.368800998691853
69.22939508266329,14.638532946548318,12.219881750817471
73.24285590625021,12.077716035303244,13.082149912451683
59.17224500415169,18.830260017215743,10.101633108882673
60.82627110625664,13.267752105328798,10.446622994797492
63.59060589539489,11.645399951192552,11.02254125400966
69.65010456683959,12.458405391756338,12.310104418231926
68.59569173844989,19.306624128003648,12.084130782105433
72.7523494012118,14.49921151653344,12.97669366470997
58.38197429943931,6.5349591307708135,9.935590708050812
60.91084481833367,5.288229801343769,10.464211780770338
70.68830972358387,11.844486321267368,12.533009342955609
63.79057554980651,12.074839555155684,11.064463248431064
73.72487146027184,11.956511913584508,13.185780651612419
70.5131472594252,14.948463817694428,12.495380697754396
66.13747256123085,12.071585616079687,11.559900817730519
66.57884204970665,17.697223392787244,11.653689088681643
68.71414994795035,10.537480470900912,12.109491673563799
66.06383173991821,9.654133681132068,11.544269347991245
66.17143256487407,7.1089988381858715,11.5671110353504
65.1835789729918,12.391143250023925,11.35782150830049
74.34880527312501,14.143661570240024,13.319923049453728
72.77198483781855,19.34812348149003,12.98091517746478
66.3069327142827,18.39040342296921,11.595889981388435
71.20714351441308,20.86867974546641,12.644501581857831
73.37898617367912,16.762713187826893,13.111417184260844
71.6319625907868,6.330071374990572,12.735819394906141
58.88208142692119,9.710061940540019,10.040789381692754
70.08691375097993,17.64815653856509,12.403849210354611
62.32444885976865,13.420141476520246,10.758195704386864
67.56843048720215,11.222110838300493,11.864542201878628
67.94314943484048,15.373667838767556,11.944567339641715
64.55284343637918,12.546159768567104,11.224716555454723
69.1771243010647,14.363379037392894,12.208677244761311
66.3348224088166,15.638297038532944,11.601815496259777
73.39172028455587,16.35418886112508,13.114154949280511
72.80291104306198,11.079389171616814,12.987564144457757
64.40901800441705,8.24330726926827,11.194427054745805
71.93273838678954,16.031647223734755,12.800481879140165
60.783103060618274,13.267455923716714,10.437644396940769
67.2690923122146,13.10480767396491,11.80068421836758
70.20333788208839,17.71421611604054,12.428845677375467
67.5364020410268,10.458984453543012,11.857706548162344
64.30252426448773,12.839661940943843,11.172015040418671
71.18534812497168,18.411796640232986,12.639817079503384
61.65046444017017,13.070472025728558,10.617984254065913
67.10276839478487,15.968047079984276,11.765230289295024
67.73007638762635,9.735097356193062,11.899052023279527
64.9570511213343,10.212405480950029,11.309967198737468
74.05556446801079,18.54354546426264,13.256877861113807
74.47849391078297,14.016829537145226,13.347805405674663
69.47722811632863,15.635131432897545,12.273021834815662
71.63362578010427,12.202979366251292,12.736176942412659
63.504487727310384,13.435953808299285,11.004503056173983
60.82319798161754,16.156090254139265,10.44598383247171
63.28591068964582,13.2213385789437,10.958763617180576
71.29797745471213,14.958756145219905,12.664025284040193
69.14892434032762,6.841255557531186,12.202632942193407
74.05850740946809,22.832822075646963,13.257510577622732
60.3680061744908,16.73083757761358,10.351263733014598
71.5235369374534,15.108622844207336,12.71251083671379
65.06620067117677,14.840071546957804,11.333018378061073
66.84787945145175,18.756056566913728,11.710938490966111
61.614284020104265,11.31989748540348,10.610461791520466
73.03790099872478,17.01052177300754,13.038085714970414
69.8976451370117,16.768692613782722,12.363221860490125
67.23178801392406,7.689602595517581,11.792730578092373
74.48831266733234,14.371025837933727,13.349916385269339
73.70758968099321,11.908176771551098,13.182065162463275
62.29908047688844,11.860367193401512,10.752914243406114
70.18123350870269,9.525084551632316,12.42409952140288
58.96713149874228,9.169912975805603,10.05863688082843
68.95258131141344,8.474176668386603,12.16055936265256
65.99856284582106,12.561412256733131,11.53041909254501
60.073677541149664,9.564078903073288,10.289949129378549
64.86731331640982,19.024497679568167,11.29102519153176
60.68233102107456,10.50432155748897,10.416681794976617
61.77042675854378,9.678898247002222,10.642928234133255
67.24720627173527,10.548350983320471,11.796017777224613
64.95147576538523,9.971137452216007,11.308790088769747
69.96134109562826,14.70749672751148,12.376893194491302
60.5080833315004,7.6547323236450335,10.380423698997369
68.05503092361441,9.53861990904086,11.968478287074738
67.83688807555538,12.33328658107516,11.921864798078389
71.45730252425759,15.52988937533672,12.698272748447597
66.87097332715095,18.544012607642067,11.715855438552653
74.7249091323879,17.13213181818817,13.400783346619335
67.54076683859813,10.082015008198574,11.85863806112684
74.55591113107137,14.762752263139191,13.364449689651202
65.89803824747034,15.146065365506107,11.509095173424102
71.24276417583476,14.83341277048588,12.652157701530502
73.64281812569635,15.684423323006444,13.168139628119079
73.98186754239485,13.133899796380884,13.241033420386351
74.46765239027408,19.087691044796205,13.345474537356104
71.37817406973763,11.114486040664431,12.681263465648648
61.91241217920208,5.800297815950603,10.672456669193387
73.55665896739414,17.10715343061343,13.14961587471349
71.30016247149315,13.852771171558704,12.664494941041898
67.93215625274296,15.520814475483112,11.942218334146702
69.18746753502431,14.071078691070014,12.210894273794718
67.65991026137215,11.343655493800387,11.884070080298969
74.60210571155096,19.36407324388585,13.374381274805273
61.548592263822414,10.777976328712151,10.596804014826738
71.59584279033723,19.44251410598281,12.728054518267953
73.45987090084665,16.420507020666847,13.128806963477025
67.99478400345589,20.800394104190477,11.955601545497025
73.9186176898432,23.193163197035616,13.227435043908493
71.09885334530017,17.528266890712928,12.621227352066292
68.22459070963941,6.649724581817887,12.004730595444276
74.61919228007133,17.95904952586668,13.378054794696226
60.82307945673196,12.5438297901033,10.445959181064582
70.05391783796618,15.849197067002745,12.396765673274313
67.79889543329979,9.368447038078173,11.913749499717724
72.75134724754237,20.40383627093888,12.97647820708702
70.44100228160943,15.43101924204106,12.479884522458008
66.87887875048887,11.67177396569964,11.717538689694573
62.5583465024884,4.806577569991331,10.806911755916499
68.85146816723753,13.397067002399575,12.138899324294009
67.36754000766408,15.135958833024237,11.821679091120094
71.08966622948587,16.783591158736,12.619252894199224
69.63194387949723,15.459167335802752,12.306208353506673
58.861535707510605,8.001689144089223,10.036476165924809
62.49269590960999,11.593116208762526,10.793234079042916
72.8191819246235,17.79170733340628,12.991062296060903
72.15665573476086,7.7586462245395245,12.848622745727024
63.68307044901567,16.02154932347721,11.041919370292526
64.10199976617226,19.167484472739886,11.129850312560194
58.212770522843385,13.063454107694822,9.899891104976547
60.00195632931028,3.939377054323234,10.274997655123014
66.08515840106733,12.823128279327657,11.54879577441815
74.9715557039445,14.450194477379128,13.453811026553353
66.78046961422034,8.250113046086716,11.696588603730149
64.4138844879395,13.227601064988889,11.195451541123685
64.09704989818931,11.392123965229471,11.128810102545451
72.4856450602537,13.00252589985126,12.919353672752798
65.02788239705666,5.844125692865635,11.324924528921153
61.01313545955775,16.166153691829013,10.485482366635146
71.86441839611268,10.129603850021065,12.785793694502843
59.291085162127686,13.336444964875556,10.126516414101463
72.90279384479551,15.428733862724789,13.009038407034424
73.92862955620907,17.916075776533848,13.229587541070202
71.05249111722934,12.049412898257636,12.611263503577405
71.41774226358783,16.188832373585864,12.689768877346179
68.08569056926707,12.363167284251135,11.975032113801415
73.42261157087091,17.680398342703715,13.120796408892595
64.57477477536294,6.656370757967697,11.229337359192437
61.407925923353424,12.985517675136627,10.567560080511342
64.25869172995395,10.1699612763233,11.16279418799678
71.34318199036127,16.40037972356694,12.673741860920043
68.55248839578633,17.202669001473794,12.074883155863493
64.69652033721567,9.789291636695296,11.254998333904883
62.09643692739951,6.311923356748045,10.710739198178775
62.77937469662983,14.213634670748334,10.852987075446785
60.7214581126816,12.281539838463551,10.424821514867256
72.1499970706608,10.406678682802433,12.847191168930863
70.52109273417078,18.123636113277367,12.49708740131825
65.7914255896812,13.356585707297608,11.486490173862073
69.61673533398803,14.590724817189605,12.302945715305508
73.41803815404718,9.491088233430483,13.11981314899161
71.36420018065674,10.292843447169371,12.678259738631915
59.234562208715005,9.920004629667224,10.11468384811328
68.16606789345585,15.291462794508735,11.99221632635065
63.70632413671312,11.467359438557876,11.046794441862733
65.19308972276234,13.670314713871893,11.359831852583437
58.38636901505022,12.711325213418087,9.936517167053925
63.936060056497226,15.851275882672098,11.094994500221816
72.16261912926656,12.605748935223044,12.849904843317788
59.44646382143639,7.7143686565675775,10.159021400487811
70.83039225138013,11.67488336881512,12.563536598395423
59.78116763087748,14.11293520362927,10.228940602251383
74.76304351001843,14.823309563577016,13.408982031720456
69.19639298813456,16.100201094370714,12.2128074453998
68.61707269987424,13.778700404409578,12.088707719803345
66.49004689465919,10.886455988349208,11.634807181908082
73.3982657908803,11.064403667150934,13.115562197766366
58.843450848576815,3.8583660055760287,10.032678988998079
68.04357457214758,10.76253543536714,11.966029517094022
69.17160036860493,10.701478033276471,12.207493232302614
67.78873335540291,14.918359809985308,11.91157902011258
60.97200494176548,11.010617993799334,10.476929904780487
66.10480381829734,13.96818405608084,11.552965735304229
70.30674573612055,14.688821062157652,12.451050811915888
58.88309470036587,13.916861570992236,10.041002082882207
62.920331631838,17.21582606720652,10.882394316445412
58.379447742776975,12.929604832188431,9.93505806227692
73.27381682684478,16.329859661260517,13.088806343057612
73.05521380741875,9.086083605703177,13.041807875276085
65.04526228626537,14.880062057996025,11.328595434540919
71.2590059431162,20.391554967233297,12.655648678343297
73.94115679221994,12.451486715231404,13.232280829111588
58.6814565470207,11.351770184846416,9.998641256433478
58.715775923039836,7.1253135492847175,10.005856114949369
65.30650960731185,11.746905769705275,11.383813336679063
71.31695404480685,17.869194349942724,12.668104214248174
64.81080500927779,6.446094826552015,11.279101832995272
74.22073501829257,11.831626128306388,13.292388636794172
59.170791652773566,14.684345875210832,10.101328675437014
70.14504796007878,13.105336923655496,12.416330224451347
68.53302449733002,16.369836029111028,12.070717257591621
59.210418314946814,8.929581016604171,10.109628184438245
73.4101856263475,14.88196021083168,13.118124897973587
71.84236498003429,16.007607005403074,12.781052443434856
71.07561815168265,9.244276099364024,12.616233763280047
59.07844908776308,11.45231659352062,10.081979338064412
71.54842374481379,16.52537533188525,12.717860735694575
73.47274497185283,11.180437395548752,13.13157481916808
69.19411843976805,16.249279506972506,12.212319892436852
68.91674142749031,16.73781762726307,12.152881325340385
73.77875008666217,9.200903705219138,13.197364265110402
67.2362540210125,13.116589797634433,11.793682720509528
59.844231064344086,13.450503918000296,10.24210065651298
69.81260601572356,10.974656397161128,12.344971675023267
62.31864950341749,18.256867928659982,10.756988296600554
68.5377127606651,17.834634761364715,12.071720677576462
59.67411929587609,9.733356264051954,10.206592220665259
72.73757652698941,15.686966013144392,12.973517576589188
66.54863242878561,8.829687170989205,11.647264398828293
70.09361420372993,16.842140116787164,12.405287699231213
66.69324403684017,11.350031594489842,11.678025868750742
63.58041089502999,13.288312994687209,11.020405323203772
74.53241006971545,13.487258178128092,13.359397088466302
63.00851556439845,13.474484151127283,10.900802058932845
64.74089194076515,11.793423303380443,11.264354916463464
59.59143234140606,10.137793895213864,10.189321056842598
74.16591613387935,14.703222306885472,13.280602872902769
64.71031616603844,9.906828337244619,11.25790720707628
67.46500515172748,13.733100677098331,11.842471263051955
70.45701424113332,19.35654664377221,12.48332365426037
70.33990561009773,14.425574794506373,12.458171974696818
60.39189212911269,7.528441700520328,10.356236947660381
74.39630060769032,20.18661104752346,13.33013428970662
70.35504101756781,14.300247937229404,12.461422438097372
63.766036176455394,13.344915705902794,11.059316043580525
73.92464237546989,18.952267161238247,13.228730318759048
67.56185114611267,11.305147803140525,11.863137952006085
64.07139355723083,16.309828616227428,11.123418922304054
60.788307428084174,11.666218215565625,10.438726898985074
70.59629970109718,10.787847350949477,12.513242746658293
70.82232229519649,13.320779950581247,12.561802612608023
67.02424561626233,15.894212910535018,11.748499446695728
60.97932896257292,8.92366327365077,10.478452853120672
69.58911676996335,8.203441770372645,12.297021020749284
61.250587573233965,8.308060080883811,10.534850787574753
59.35714523135261,13.948368061037746,10.140339967977692
71.31913525013996,14.1464920076067,12.668573057037026
71.73644125211524,14.715487598804748,12.758280270573525
67.61276793110775,15.968591139571007,11.87400605670242
69.42222934612795,19.09599386259929,12.261226868832658
70.90513781710294,16.07979704858993,12.579597714794847
65.00678646827971,17.979096327302713,11.320469171279813
59.542521210816886,14.310879859279368,10.179101055745475
59.37717998228828,3.6783084717623487,10.14453123769517
63.430592163923855,14.120990408208907,10.98903266371343
73.63959287961994,13.68106550928712,13.167446217642762
73.62080829975274,16.919229751337383,13.163407634488706
73.46194853476666,15.345391987927623,13.129253643541702
60.21453940800277,17.815761053301873,10.319301640256418
71.86894678275175,14.77809643240689,12.786767252037826
74.27662204407265,11.228919879117065,13.304404045306988
61.166957054598896,10.391177782252353,10.517464166478508
68.75289292687185,18.89395062894251,12.11778778900291
62.23475452669307,9.32690403930376,10.73952394770492
65.83529478262089,9.76418526302668,11.495790422713917
65.3993519386043,15.096705738495196,11.403453748756192
73.02153664183271,8.63926113570631,13.034567466676393
69.97195283354807,17.34866594353289,12.379170965992653
72.03653065379699,14.59734558640196,12.822796514826557
67.51865390085321,8.171127145819163,11.853918965739066
72.40973829758809,13.70450091860719,12.903034129002194
66.32279917116267,11.216227147359929,11.599260925499488
58.61989054943184,16.700944630210916,9.985693186213881
70.57062145342982,8.456507250858339,12.507726606657187
69.5909677461461,11.049802145497924,12.297418080441613
61.3953765368686,9.073432018275623,10.564951174988188
65.67605333576833,7.626379545688312,11.462040103531681
58.79283414150973,6.747135119154928,10.022048380531295
71.28247222903246,11.421689262524955,12.660692540455948
71.76736751891038,15.398231122632032,12.764928942518758
63.79438586746623,8.897612042510419,11.065262541501328
61.411787555232,13.666098205372633,10.568362880313874
73.65120846149489,16.417322402340638,13.169943504971911
66.995981232574,16.925841015334615,11.742478311568297
70.07660990044072,8.464016537618683,12.40163715167035
67.99645404991219,14.029395656382007,11.955958458917905
63.925983969501786,11.81259420992285,11.092879094462868
63.151847703901375,13.21145078994115,10.930739867729976
73.70184382199001,17.0570342267674,13.18082983382999
68.46807866900505,17.00258279597671,12.05681825547192
63.01499744910004,12.318445878877569,10.902155433236999
68.67089842941616,11.200583811978154,12.100231045102483
67.9688749583875,13.940632418852674,11.95006462505716
74.89684028369999,12.98967729668831,13.437747614984907
74.12358457384684,22.465127105679443,13.271501816267893
73.6602642003838,16.478516018852346,13.171890439893048
72.47452213244316,12.206756695660523,12.916962303385056
70.12166631859826,14.919389559368192,12.411310224743119
72.18877961394686,16.58466564969381,12.85552920614506
71.87541172946563,9.61020954044104,12.788157151808615
64.32628606632382,8.807951659277489,11.177014650549259
62.97988085765078,8.644485837722401,10.894823868680893
74.93019244528445,11.935729360451138,13.444918149480628
58.420645945688726,4.932008679054779,9.943741860263177
70.39820592026865,14.35919689920401,12.470692817250615
60.481359055687896,11.357638583115516,10.374861392963203
58.25371841040501,12.1778111268891,9.908535864654935
69.88021298448645,13.893432778634748,12.359480558469112
73.48913923630144,19.465030532226976,13.135099497425124
64.09187148340213,10.80423540850454,11.127721895353766
68.92725765536616,10.635663899801408,12.155134170215998
62.39190809534093,13.529242754647449,10.772242115855054
68.97936886377872,17.554339118149347,12.166298504600451
72.42955474148954,17.50077310015139,12.907294557347079
72.26367038784988,16.798113129106763,12.871630317802467
72.90364377759497,19.8166639071496,13.009221137993023
70.85632558116926,13.680060427595134,12.569108959712477
72.32875170320567,21.1824574964188,12.885622448885368
62.29487327971461,7.806785278987903,10.752038383098993
72.98068689503006,11.76429908573922,13.025784991877899
69.98642941360404,9.628374558549314,12.382278370674552
69.24330092703798,10.21039104887697,12.222862739965997
71.92761554796999,8.240033515948777,12.799380509728902
64.8792257976736,14.313862121014328,11.293539193790805
70.76059735132841,13.042951625246303,12.548540243399941
61.60794198568884,16.026274491968667,10.609143209272805
62.65799902003644,4.24022977005086,10.827680000797084
74.38300420504169,16.859646295405927,13.327275634994827
64.16885317667716,13.112933705155982,11.143902386133018
71.87707497095796,14.8676598257258,12.788514732568864
72.14237264175128,12.789668066323111,12.845551957919984
71.76640907621884,11.647557219770036,12.764722891296987
72.44029077626406,15.429579383274998,12.909602746802953
66.33367125089684,14.753819447412168,11.60157090490313
70.73624185879216,12.998210827783538,12.543307376193429
74.52072431936372,16.43981558096035,13.356884715293937
66.37221904164001,11.754119069488205,11.609761942955641
64.36684452816195,8.204771065127936,11.185549898993097
64.8866556369886,12.18490349205706,11.29510726066178
73.18557259748563,8.645037385160812,13.06983431064316
72.56155980770694,10.982166081855487,12.93567493318961
73.39155969372747,9.847562864745523,13.114120423120227
71.5878186346903,12.915433978900491,12.726329534028814
66.63529411909339,13.700298670349303,11.665696807940591
58.51605385704514,14.043633119799246,9.963839466280891
71.52215916765167,10.465996259107518,12.712214660129593
65.72549226664725,17.304503800280255,11.47251579616262
65.49284418608275,7.561268140928725,11.423240470832186
66.32570028119028,15.408445496847545,11.599877311217433
71.80895550162845,11.267945636781878,12.773869797824073
64.30341501884558,11.994194803674043,11.172202447906683
62.3979942588861,7.223883995386848,10.77350953105734
65.22809238911418,12.456687140732528,11.367231388699413
71.55133015843211,9.84422016838513,12.718485528826555
61.707717641426896,13.265450531599184,10.629888598504923
63.473272517679206,7.990505297733389,10.997967132881364
73.10958779251112,10.148254579456978,13.053497988217913
60.98579721846083,9.832773973691667,10.479797843525295
