bin,x,n,y_mean,z_mean,z_sd
"(45.007, 46.506]",0,103,45.747555959859085,6.329185697718523,3.5994512064142956
"(45.007, 46.506]",1,0,,,
"(46.506, 48.005]",0,105,47.171410702969496,7.51900938263996,3.7594576323808955
"(46.506, 48.005]",1,0,,,
"(48.005, 49.505]",0,104,48.7443101702119,7.296052130100033,3.7094446167495296
"(48.005, 49.505]",1,0,,,
"(49.505, 51.004]",0,103,50.32162132161001,7.262567194173017,3.4500093977916957
"(49.505, 51.004]",1,0,,,
"(51.004, 52.503]",0,89,51.72110622545798,8.382974039083843,3.643346612377466
"(51.004, 52.503]",1,0,,,
"(52.503, 54.002]",0,93,53.204834684356655,8.706950769990108,3.7906189896065015
"(52.503, 54.002]",1,0,,,
"(54.002, 55.502]",0,101,54.73875523960013,9.067035257263768,3.654627755383851
"(54.002, 55.502]",1,0,,,
"(55.502, 57.001]",0,86,56.23022985175125,9.243128784754457,3.7225156225899725
"(55.502, 57.001]",1,0,,,
"(57.001, 58.5]",0,98,57.76242136311382,9.910791248848284,3.282131464053634
"(57.001, 58.5]",1,11,58.34183734902398,10.610570525575532,3.2795214922216718
"(58.5, 59.999]",0,71,59.168216706110364,10.004160819265856,3.1489478273848706
"(58.5, 59.999]",1,45,59.160478010350595,11.147248372322283,3.7846778997678627
"(59.999, 61.498]",0,48,60.62243842842824,10.69383797708385,3.3062646957085673
"(59.999, 61.498]",1,59,60.71858421871288,11.23226814898465,3.57264379727243
"(61.498, 62.998]",0,55,62.19765191399631,10.575736820037948,3.488671337232705
"(61.498, 62.998]",1,44,62.32801743897783,11.716642395743724,4.143039479962281
"(62.998, 64.497]",0,60,63.67125369466204,11.36236276000539,3.6929230183329365
"(62.998, 64.497]",1,41,63.80069760954809,12.096224191575992,2.696806935377939
"(64.497, 65.996]",0,39,65.22394201289897,11.624627332945225,3.609947519373375
"(64.497, 65.996]",1,49,65.23360417131624,12.195850034913862,4.103646748782433
"(65.996, 67.495]",0,49,66.71464971151947,11.808076936701216,3.297855890775931
"(65.996, 67.495]",1,51,66.67101421925057,13.358508977227462,3.3766079328518304
"(67.495, 68.995]",0,40,68.2575474583538,10.973400054653629,3.899920615645286
"(67.495, 68.995]",1,52,68.16224886251614,13.197026319014231,3.399134469663567
"(68.995, 70.494]",0,40,69.73933263416596,11.962830154441914,3.423046583452254
"(68.995, 70.494]",1,59,69.77321811010965,13.867420607786839,3.1811048939265425
"(70.494, 71.993]",0,40,71.30142812810551,13.382232345648893,3.0909757821408226
"(70.494, 71.993]",1,71,71.35324330675711,13.682340175486866,3.434481208108936
"(71.993, 73.492]",0,41,72.63935563746267,12.90746757274009,3.8850802471098933
"(71.993, 73.492]",1,57,72.83874370216651,14.49775342252798,3.7044896226459882
"(73.492, 74.991]",0,35,74.29729714745478,13.243601302943956,3.82301999051522
"(73.492, 74.991]",1,61,74.15304526259052,15.372134919114012,3.715788109112923
