width,y_lower,n_treated,n_control,y_difference,gain_difference,treated_weight
1,58,31,59,0.21194363173685815,0.6979002550021907,0.051666666666666666
1,59,25,46,0.017342268116912862,1.4364645567472394,0.041666666666666664
1,60,42,35,0.10151821256078364,0.9709892716562507,0.07
1,61,29,36,-0.07478492443772922,1.0300384244137355,0.04833333333333333
1,62,32,32,-0.0024770744579853954,0.42503213085138825,0.05333333333333334
1,63,24,44,0.04847023309134357,0.9733650087244605,0.04
1,64,36,30,0.019456376134300513,0.7286196842141752,0.06
1,65,31,25,0.045389925574568224,0.22705063093087396,0.051666666666666666
1,66,38,35,0.012158810237110629,1.4035369375838087,0.06333333333333334
1,67,36,28,0.06171930553712457,2.0525572530516705,0.06
1,68,28,26,0.004851575638880945,2.30917063089999,0.04666666666666667
1,69,39,28,0.026335923502429637,1.668768226016022,0.065
1,70,36,23,-0.039151894721953795,1.479668628551968,0.06
1,71,55,30,0.0012035460357679995,0.36465671699796687,0.09166666666666666
1,72,32,31,-0.0012755205412844361,2.770690377711201,0.05333333333333334
1,73,53,19,0.01218111780001152,1.222285018575624,0.08833333333333333
1,74,33,25,-0.020911990650205325,1.5013299265294702,0.055
2,57,31,123,0.6877569653134827,0.7918882898314141,0.051666666666666666
2,59,67,81,0.25941201325224483,1.2070900112305925,0.11166666666666666
2,61,61,68,0.01734666570040133,0.7502639374206002,0.10166666666666667
2,63,60,74,0.2337321959023484,0.7923448602975096,0.1
2,65,69,60,-0.005477828250462835,0.8784844580037685,0.115
2,67,64,54,-0.009068612162721479,2.1539976213341596,0.10666666666666667
2,69,75,51,0.02337226778131196,1.5925814929885682,0.125
2,71,87,61,-0.1309979645785262,1.3864449847239886,0.145
2,73,86,44,-0.18278818781676875,1.2551236320163142,0.14333333333333334
4,57,98,204,0.939984915359652,1.13545209156287,0.16333333333333333
4,61,121,142,0.07763047406163537,0.7605446164226866,0.20166666666666666
4,65,133,114,0.00714806423933112,1.4834478482677742,0.22166666666666668
4,69,162,112,-0.07520136192634652,1.4765270216541673,0.27
4,73,86,44,-0.18278818781676875,1.2551236320163142,0.14333333333333334
