,n,n,y_mean,y_mean,z_mean,z_mean
x,0,1,0,1,0,1
baseline_bin,,,,,,
45,66.0,,45.456327406483034,,6.466249703144811,
46,84.0,,46.55341038460538,,6.827281434441325,
47,57.0,,47.48049079993403,,7.610721928719572,
48,72.0,,48.494945576274915,,7.498662406065983,
49,66.0,,49.52385718257208,,6.506043455702603,
50,70.0,,50.57612756046613,,7.783687463166588,
51,58.0,,51.42800063967938,,8.232268866044178,
52,70.0,,52.54835405154766,,8.413610323008443,
53,53.0,,53.509793715063395,,8.974421617160376,
54,71.0,,54.4999529686568,,9.09338064261295,
55,64.0,,55.515150147087695,,9.325124252736792,
56,53.0,,56.52732015782648,,9.094417117146014,
57,64.0,,57.511052035391884,,9.84436638669003,
58,59.0,31.0,58.42550578585944,58.637449417596294,10.024999641127444,10.722899896129634
59,46.0,25.0,59.4314893062653,59.448831574382204,10.000837673485357,11.437302230232596
60,35.0,42.0,60.40343438086463,60.50495259342541,10.321302442984592,11.292291714640845
61,36.0,29.0,61.536920002503365,61.462135078065636,10.462352972141597,11.49239139655533
62,32.0,32.0,62.54058051293654,62.53810343847856,11.158732984392305,11.583765115243693
63,44.0,24.0,63.448310585053264,63.49678081814461,11.280348959636957,12.253713968361415
64,30.0,36.0,64.4898106195607,64.509266995695,11.10473794746073,11.833357631674906
65,25.0,31.0,65.50355903414471,65.5489489597193,12.224989557493565,12.452040188424435
66,35.0,38.0,66.5022668701908,66.51442568042789,12.117232039618774,13.520768977202582
67,28.0,36.0,67.49261755771127,67.55433686324841,10.870881521502326,12.923438774553997
68,26.0,28.0,68.53642700484664,68.54127858048552,11.117075695991634,13.426246326891626
69,28.0,39.0,69.5090861261775,69.53542204967992,11.959446292169856,13.628214518185878
70,23.0,36.0,70.49016406425578,70.45101216953387,12.461902212115728,13.941570840667696
71,30.0,55.0,71.53665545824583,71.53785900428159,13.384926043833028,13.749582760830993
72,31.0,32.0,72.4718961010264,72.4706205804851,12.410358753752812,15.181049131464013
73,19.0,53.0,73.52930928256032,73.5414904003603,13.379914821042467,14.602199839618091
74,25.0,33.0,74.51743630116214,74.49652431051193,13.78236738993848,15.28369731646795
