y,predicted_untreated,predicted_Q,Q_within_observed_range
45.007034485333925,6.462845765682148,-1.5943187328237056,False
45.10698256674452,6.486587861865069,-1.3870528075193609,False
45.20693064815511,6.510331345990042,-1.1798466762086568,False
45.3068787295657,6.534077605999123,-0.9727601328851908,False
45.40682681097629,6.557828029834359,-0.7658529715426187,False
45.506774892386886,6.581584005437808,-0.5591849861745369,False
45.606722973797474,6.605346920751519,-0.3528159707746022,False
45.70667105520807,6.629118163717549,-0.1468057193364103,False
45.80661913661866,6.652899122277945,0.05878597414638227,False
45.90656721802925,6.676691184374764,0.26389931568017955,False
46.00651529943985,6.700495737950061,0.4684745112713394,False
46.106463380850435,6.7243141709458785,0.6724517669262201,False
46.20641146226103,6.748147871304281,0.8757712886512273,False
46.30635954367162,6.771998226967313,1.0783732824527033,False
46.40630762508221,6.795866625877035,1.28019795433705,False
46.5062557064928,6.819754455975492,1.4811855103106162,False
46.6062037879034,6.843663105204741,1.6812761563797998,False
46.706151869313985,6.867593961506833,1.8804100985509484,False
46.80609995072458,6.8915484128238225,2.0785275428304626,False
46.906048032135175,6.915527847097761,2.275568695224703,False
47.00599611354576,6.939533652270699,2.4714737617400298,False
47.10594419495636,6.9635672162846936,2.666182948382843,False
47.205892276366946,6.9876299270817945,2.8596364611594893,False
47.30584035777754,7.011723172604056,3.0517745060763697,False
47.40578843918813,7.03584834079353,3.242537289139831,False
47.505736520598724,7.060006819592272,3.4318650163562743,False
47.60568460200932,7.08419999694233,3.619697893732057,False
47.70563268341991,7.108429260785759,3.805976127273545,False
47.8055807648305,7.132695999064612,3.990639922987132,False
47.90552884624109,7.157001599720941,4.173629486879171,False
48.005476927651685,7.181347450696801,4.354885024956056,False
48.10542500906227,7.205734939934239,4.534346743224139,False
48.20537309047287,7.230165455375316,4.71195484768982,False
48.305321171883456,7.254640384962077,4.887649544359444,False
48.40526925329405,7.27916111663658,5.06137103923941,False
48.50521733470464,7.303729038340874,5.233059538336071,False
48.605165416115234,7.328345538017016,5.4026552476558205,False
48.70511349752583,7.3530120036070565,5.570098373205023,False
48.80506157893642,7.377729823053047,5.735329120990039,False
48.90500966034701,7.4025003842970385,5.898287697017264,False
49.0049577417576,7.427325075281089,6.058914307293052,False
49.104905823168195,7.45220528394725,6.217149157823797,False
49.20485390457878,7.477142398237569,6.372932454615852,False
49.30480198598938,7.502137806094107,6.52620440367561,False
49.40475006739997,7.527192895458912,6.676905211009438,False
49.50469814881056,7.552309054274033,6.824975082623695,False
49.60464623022116,7.577487670481531,6.970354224524777,False
49.704594311631745,7.602730132023453,7.112982842719037,False
49.80454239304234,7.6280378268418545,7.252801143212871,False
49.90449047445293,7.653412142878784,7.389749332012626,False
50.00443855586352,7.678854468076301,7.523767615124705,False
50.10438663727411,7.70436619037645,7.654796198555454,False
50.204334718684706,7.729948697721293,7.782775288311273,False
50.304282800095294,7.755603378052873,7.907645090398512,False
50.40423088150589,7.781331619313253,8.029345810823562,False
50.504178962916484,7.807134809444478,8.147817655592789,False
50.60412704432707,7.833014336388602,8.263000830712562,False
50.70407512573767,7.858971588087681,8.374835542189267,False
50.804023207148255,7.885007952483761,8.48326199602926,False
50.90397128855885,7.911124814077951,8.588220548960415,False
51.00391936996944,7.937322774747703,8.68968583836616,False
51.10386745138003,7.963600663385787,8.78771016230257,False
51.20381553279063,7.989957064771633,8.882356511532217,False
51.303763614201216,8.01639056368468,8.973687876817674,False
51.40371169561181,8.042899744904368,9.061767248921537,False
51.5036597770224,8.069483193210127,9.146657618606376,False
51.603607858432994,8.0961394933814,9.228421976634781,False
51.70355593984358,8.122867230197619,9.307123313769328,False
51.80350402125418,8.149664988438225,9.3828246207726,False
51.903452102664765,8.176531352882652,9.455588888407176,False
52.00340018407536,8.203464908310336,9.525479107435642,False
52.10334826548595,8.23046423950071,9.592558268620568,False
52.20329634689654,8.25752793123322,9.656889362724552,False
52.30324442830714,8.284654568287294,9.718535380510163,False
52.40319250971773,8.311842735442372,9.777559312739983,False
52.50314059112832,8.339091017477894,9.834024150176598,False
52.60308867253891,8.366397999173287,9.887992883582582,False
52.703036753949505,8.393762265307998,9.93952850372053,False
52.80298483536009,8.421182400661454,9.988694001353004,False
52.90293291677069,8.448656990013104,10.0355523672426,False
53.00288099818128,8.476184618142373,10.080166592151896,False
53.10282907959187,8.5037638698287,10.122599666843465,False
53.202777161002466,8.531393329851523,10.162914582079898,False
53.302725242413054,8.559071582990283,10.201174328623777,False
53.40267332382365,8.586797214024408,10.237441897237673,False
53.50262140523424,8.614568807733342,10.271780278684174,False
53.60256948664483,8.642384948896517,10.304252463725863,False
53.70251756805543,8.670244222293372,10.33492144312532,False
53.802465649466015,8.69814521270334,10.36385020764512,False
53.9024137308766,8.726086504905862,10.391101748047848,False
54.0023618122872,8.754066683680373,10.416739055096091,False
54.10230989369779,8.782084333806306,10.44082511955242,False
54.20225797510838,8.810138040063103,10.463422932179423,False
54.302206056518976,8.838226387230199,10.48459548373968,False
54.402154137929564,8.866347960087026,10.504405764995768,False
54.50210221934016,8.89450134341303,10.522916766710278,False
54.60205030075075,8.922685121987637,10.540191479645781,False
54.70199838216134,8.950897880590292,10.556292894564866,False
54.80194646357194,8.979138204000428,10.571284002230106,False
54.901894544982525,9.00740467699748,10.58522779340409,False
55.00184262639312,9.035695884360884,10.59818725884939,False
55.10179070780371,9.06401041087008,10.610225389328594,False
55.2017387892143,9.092346841304508,10.621405175604286,False
55.30168687062489,9.120703760443595,10.631789608439043,False
55.40163495203549,9.149079753066783,10.641441678595442,False
55.50158303344608,9.177473403953512,10.65042437683607,False
55.60153111485667,9.20588329788321,10.658800693923508,False
55.70147919626726,9.234308019635316,10.666633620620335,False
55.80142727767785,9.26274615398927,10.673986147689131,False
55.90137535908845,9.29119628572451,10.68092126589248,False
56.001323440499036,9.31965699962047,10.687501965992965,False
56.10127152190963,9.348126880456583,10.69379123875316,False
56.20121960332022,9.376604513012287,10.699852074935656,False
56.301167684730814,9.405088482067027,10.705747465303023,False
56.4011157661414,9.433577372400231,10.711540400617851,False
56.501063847552,9.462069768791336,10.71729387164272,False
56.60101192896259,9.49056425601978,10.723070869140209,False
56.70096001037318,9.519059418864998,10.728934383872895,False
56.800908091783775,9.547553842106433,10.734947406603366,False
56.90085617319436,9.576046110523512,10.741172928094201,False
57.00080425460496,9.604534808895682,10.747673939107985,False
57.100752336015546,9.63301852200236,10.75451343040728,False
57.20070041742614,9.661495834623008,10.761754392754694,False
57.300648498836736,9.689965331537053,10.769459816912802,False
57.400596580247324,9.718425506344701,10.777691646447371,False
57.50054466165791,9.74687207753801,10.786479952701344,False
57.60049274306851,9.775297549671237,10.795817894820177,False
57.7004408244791,9.80369424776013,10.805696569942533,False
57.80038890588969,9.832054496820426,10.816107075207066,False
57.900336987300285,9.860370621867867,10.827040507752436,False
58.00028506871087,9.888634947918193,10.838487964717293,False
58.10023315012147,9.916839799987148,10.850440543240301,False
58.200181231532056,9.94497750309047,10.86288934046011,False
58.30012931294265,9.973040382243902,10.875825453515384,True
58.40007739435325,10.001020762463185,10.88923997954477,True
58.500025475763834,10.028910968764055,10.903124015686934,True
58.59997355717443,10.056703326162262,10.91746865908053,True
58.69992163858502,10.084390159673537,10.93226500686421,True
58.79986971999561,10.111963794313631,10.947504156176636,True
58.8998178014062,10.139416555098276,10.963177204156462,True
58.999765882816796,10.166740767043219,10.979275247942343,True
59.09971396422739,10.1939287551642,10.995789384672939,True
59.19966204563798,10.220972844476954,11.01271071148691,True
59.29961012704857,10.247865359997228,11.030030325522901,True
59.39955820845916,10.274598626740763,11.047739323919581,True
59.49950628986976,10.301164969723304,11.065828803815602,True
59.599454371280345,10.327556713960579,11.084289862349616,True
59.69940245269094,10.353766184468343,11.10311359666029,True
59.799350534101535,10.379785706262327,11.122291103886269,True
59.89929861551212,10.405607604358273,11.141813481166214,True
59.99924669692271,10.431224203771931,11.161671825638786,True
60.099194778333306,10.456627829519034,11.181857234442639,True
60.1991428597439,10.481810806615323,11.202360804716427,True
60.29909094115449,10.506765460076545,11.223173633598813,True
60.399039022565084,10.531484114918433,11.244286818228446,True
60.49898710397567,10.555959096156732,11.265691455743983,True
60.59893518538627,10.580182728807184,11.287378643284088,True
60.698883266796855,10.604147337885527,11.309339477987411,True
60.79883134820745,10.627845248407505,11.331565056992615,True
60.898779429618045,10.651268785388856,11.354046477438349,True
60.99872751102863,10.674410273845321,11.37677483646327,True
61.09867559243922,10.69726203879265,11.399741231206043,True
61.198623673849816,10.719816405246567,11.422936758805315,True
61.29857175526041,10.74206569822283,11.446352516399756,True
61.398519836671,10.764002242737167,11.469979601128003,True
61.498467918081595,10.78561836380533,11.493809110128728,True
61.59841599949219,10.806906386443051,11.517832140540582,True
61.69836408090278,10.827858635666077,11.542039789502226,True
61.798312162313366,10.848467436490147,11.56642315415231,True
61.89826024372396,10.868725113930996,11.590973331629495,True
61.998208325134556,10.888623993004375,11.615681419072438,True
62.098156406545144,10.908156398726017,11.640538513619791,True
62.19810448795573,10.927314656111669,11.665535712410216,True
62.298052569366334,10.94609109017707,11.69066411258237,True
62.39800065077692,10.964478025937959,11.715914811274905,True
62.49794873218751,10.98246778841008,11.74127890562648,True
62.597896813598105,11.000052702609171,11.76674749277575,True
62.6978448950087,11.017225093550975,11.792311669861373,True
62.79779297641929,11.03397729912937,11.817962538110942,True
62.897741057829876,11.05030766345397,11.843693105784753,True
62.99768913924047,11.066230079869474,11.869501318178502,True
63.097637220651066,11.0817609247831,11.895385908984727,True
63.197585302061654,11.096916574602043,11.92134561189595,True
63.29753338347225,11.1117134057335,11.947379160604692,True
63.397481464882844,11.126167794584688,11.973485288803486,True
63.49742954629343,11.1402961175628,11.999662730184854,True
63.59737762770402,11.15411475107504,12.025910218441322,True
63.697325709114615,11.167640071528618,12.052226487265418,True
63.79727379052521,11.18088845533073,12.07861027034967,True
63.8972218719358,11.193876278888585,12.105060301386596,True
63.99716995334639,11.20661991860938,12.131575314068728,True
64.09711803475699,11.219135750900328,12.15815404208859,True
64.19706611616758,11.231440152168622,12.184795219138708,True
64.29701419757816,11.243549498821466,12.21149757891161,True
64.39696227898875,11.255480167266073,12.23825985509982,True
64.49691036039935,11.267248533909639,12.265080781395866,True
64.59685844180994,11.27887097515937,12.291959091492272,True
64.69680652322053,11.290363867422466,12.318893519081566,True
64.79675460463113,11.301743587106133,12.34588279785627,True
64.89670268604172,11.31302651061757,12.372925661508912,True
64.99665076745231,11.324229014363988,12.400020843732019,True
65.0965988488629,11.335367474752582,12.427167078218112,True
65.1965469302735,11.346458268190563,12.45436309865973,True
65.29649501168409,11.357517771085128,12.481607638749384,True
65.39644309309467,11.368562359843484,12.508899432179607,True
65.49639117450528,11.379608410872837,12.536237212642927,True
65.59633925591586,11.390672300580384,12.563619713831866,True
65.69628733732645,11.40177040537333,12.591045669438948,True
65.79623541873704,11.41291910165888,12.618513813156703,True
65.89618350014764,11.424134765844235,12.646022878677659,True
65.99613158155823,11.435433774336602,12.673571599694338,True
66.09607966296882,11.44683250354318,12.70115870989926,True
66.19602774437942,11.458347329871174,12.728782942984967,True
66.29597582579001,11.469994629727791,12.756443032643972,True
66.3959239072006,11.481790779520232,12.784137712568807,True
66.49587198861119,11.493752155655695,12.811865716451988,True
66.59582007002177,11.505895134541385,12.83962577798605,True
66.69576815143238,11.518236092584516,12.867416630863527,True
66.79571623284296,11.530791406192277,12.895237008776926,True
66.89566431425357,11.543577451771883,12.92308564541879,True
66.99561239566415,11.556610605730533,12.950961274481639,True
67.09556047707474,11.56990724447542,12.978862629657984,True
67.19550855848533,11.583483744413765,13.006788444640376,True
67.29545663989592,11.597356481952762,13.034737453121327,True
67.39540472130652,11.611541833499615,13.062708388793364,True
67.49535280271711,11.626056175461525,13.090699985349016,True
67.59530088412771,11.6409158842457,13.11871097648081,True
67.6952489655383,11.656137336259338,13.14674009588126,True
67.79519704694889,11.671736907909645,13.174786077242903,True
67.89514512835947,11.687730975603824,13.202847654258262,True
67.99509320977006,11.704135915749081,13.230923560619868,True
68.09504129118066,11.720968104752622,13.259012530020245,True
68.19498937259125,11.738243919021638,13.287113296151912,True
68.29493745400184,11.755979734963347,13.315224592707406,True
68.39488553541244,11.774191928984939,13.343345153379241,True
68.49483361682303,11.792896877493623,13.371473711859947,True
68.59478169823362,11.812110956896609,13.399609001842059,True
68.6947297796442,11.831850543601089,13.42774975701809,True
68.79467786105481,11.852132014014275,13.455894711080576,True
68.8946259424654,11.87297174454336,13.484042597722029,True
68.99457402387598,11.894386111595564,13.512192150634997,True
69.09452210528659,11.916391473486925,13.540342104380898,True
69.19447018669717,11.938997344694526,13.568491522224654,True
69.29441826810776,11.962196131947069,13.596640289101195,True
69.39436634951835,11.98597761255412,13.624788416234074,True
69.49431443092895,12.010331563825256,13.652935914846882,True
69.59426251233954,12.035247763070037,13.681082796163183,True
69.69421059375013,12.060715987598039,13.709229071406549,True
69.79415867516073,12.086726014718831,13.737374751800553,True
69.89410675657132,12.113267621741983,13.76551984856877,True
69.9940548379819,12.140330585977061,13.79366437293477,True
70.0940029193925,12.167904684733644,13.821808336122128,True
70.1939510008031,12.195979695321295,13.84995174935442,True
70.29389908221368,12.224545395049587,13.878094623855214,True
70.39384716362427,12.253591561228086,13.906236970848083,True
70.49379524503487,12.283107971166368,13.934378801556603,True
70.59374332644546,12.313084402173999,13.962520127204343,True
70.69369140785605,12.343510631560548,13.99066095901488,True
70.79363948926664,12.374376436635586,14.018801308211781,True
70.89358757067723,12.405671594708686,14.046941186018625,True
70.99353565208783,12.437385883089418,14.075080603658984,True
71.09348373349842,12.469509079087347,14.103219572356426,True
71.19343181490902,12.502030960012052,14.131358103334534,True
71.2933798963196,12.534941303173083,14.159496207816863,True
71.3933279777302,12.568229885880035,14.187633897027004,True
71.49327605914078,12.601886485442462,14.21577118218852,True
71.59322414055137,12.63590087916994,14.243908074524986,True
71.69317222196197,12.670262844372044,14.272044585259982,True
71.79312030337256,12.704962158358327,14.300180725617064,True
71.89306838478315,12.739988598438376,14.328316506819819,True
71.99301646619375,12.77533194192176,14.356451940091823,True
72.09296454760434,12.810981966118035,14.384587036656635,True
72.19291262901493,12.846928448336781,14.41272180773783,True
72.29286071042551,12.883161165887568,14.44085626455899,True
72.39280879183612,12.919669896079972,14.468990418343688,True
72.4927568732467,12.956444416223547,14.497124280315486,True
72.5927049546573,12.993474503627871,14.52525786169796,True
72.6926530360679,13.030749935602527,14.553391173714697,True
72.79260111747848,13.068260489457062,14.58152422758925,True
72.89254919888907,13.105995942501059,14.6096570345452,True
72.99249728029966,13.14394607204408,14.637789605806118,True
73.09244536171026,13.182100655395715,14.665921952595589,True
73.19239344312085,13.220449469865509,14.69405408613717,True
73.29234152453144,13.258982292763049,14.72218601765444,True
73.39228960594204,13.297688901397898,14.750317758370974,True
73.49223768735263,13.336559073079622,14.778449319510338,True
73.59218576876322,13.375582585117801,14.806580712296116,True
73.6921338501738,13.414749214821995,14.834711947951865,True
73.7920819315844,13.454048739501783,14.862843037701172,True
73.892030012995,13.493470936466728,14.890973992767602,True
73.99197809440558,13.533005583026403,14.919104824374736,True
74.09192617581618,13.572642456490383,14.94723554374614,True
74.19187425722677,13.612371334168232,14.97536616210539,True
74.29182233863736,13.652181993369519,15.003496690676055,True
74.39177042004795,13.692064211403808,15.031627140681703,True
74.49171850145854,13.732007765580688,15.059757523345922,True
74.59166658286914,13.772002433209716,15.087887849892278,True
74.69161466427973,13.812037991600462,15.116018131544342,True
74.79156274569033,13.852104218062504,15.144148379525687,True
74.89151082710092,13.892190889905402,15.172278605059887,True
74.9914589085115,13.932287784438724,15.200408819370509,True
