phase,world,seed,selected,check,applicable,passed,reasons
development,A,730001,True,GEN-1,True,True,[]
development,A,730001,True,GEN-2,True,True,[]
development,A,730001,True,GEN-3,False,,[]
development,A,730001,True,GEN-4,True,True,[]
development,A,730001,True,GEN-5,False,,[]
development,A,730001,True,GEN-6,False,,[]
development,A,730001,True,GEN-7,True,True,[]
development,A,730002,False,GEN-1,True,True,[]
development,A,730002,False,GEN-2,True,True,[]
development,A,730002,False,GEN-3,False,,[]
development,A,730002,False,GEN-4,True,True,[]
development,A,730002,False,GEN-5,False,,[]
development,A,730002,False,GEN-6,False,,[]
development,A,730002,False,GEN-7,True,True,[]
development,A,730003,False,GEN-1,True,True,[]
development,A,730003,False,GEN-2,True,True,[]
development,A,730003,False,GEN-3,False,,[]
development,A,730003,False,GEN-4,True,True,[]
development,A,730003,False,GEN-5,False,,[]
development,A,730003,False,GEN-6,False,,[]
development,A,730003,False,GEN-7,True,True,[]
development,A,730004,False,GEN-1,True,True,[]
development,A,730004,False,GEN-2,True,True,[]
development,A,730004,False,GEN-3,False,,[]
development,A,730004,False,GEN-4,True,True,[]
development,A,730004,False,GEN-5,False,,[]
development,A,730004,False,GEN-6,False,,[]
development,A,730004,False,GEN-7,True,True,[]
development,A,730005,False,GEN-1,True,True,[]
development,A,730005,False,GEN-2,True,True,[]
development,A,730005,False,GEN-3,False,,[]
development,A,730005,False,GEN-4,True,True,[]
development,A,730005,False,GEN-5,False,,[]
development,A,730005,False,GEN-6,False,,[]
development,A,730005,False,GEN-7,True,True,[]
development,A,730006,False,GEN-1,True,True,[]
development,A,730006,False,GEN-2,True,True,[]
development,A,730006,False,GEN-3,False,,[]
development,A,730006,False,GEN-4,True,True,[]
development,A,730006,False,GEN-5,False,,[]
development,A,730006,False,GEN-6,False,,[]
development,A,730006,False,GEN-7,True,True,[]
development,A,730007,False,GEN-1,True,True,[]
development,A,730007,False,GEN-2,True,True,[]
development,A,730007,False,GEN-3,False,,[]
development,A,730007,False,GEN-4,True,True,[]
development,A,730007,False,GEN-5,False,,[]
development,A,730007,False,GEN-6,False,,[]
development,A,730007,False,GEN-7,True,True,[]
development,A,730008,False,GEN-1,True,True,[]
development,A,730008,False,GEN-2,True,True,[]
development,A,730008,False,GEN-3,False,,[]
development,A,730008,False,GEN-4,True,True,[]
development,A,730008,False,GEN-5,False,,[]
development,A,730008,False,GEN-6,False,,[]
development,A,730008,False,GEN-7,True,True,[]
development,A,730009,False,GEN-1,True,True,[]
development,A,730009,False,GEN-2,True,True,[]
development,A,730009,False,GEN-3,False,,[]
development,A,730009,False,GEN-4,True,False,"[""interval_misses_truth""]"
development,A,730009,False,GEN-5,False,,[]
development,A,730009,False,GEN-6,False,,[]
development,A,730009,False,GEN-7,True,True,[]
development,A,730010,False,GEN-1,True,True,[]
development,A,730010,False,GEN-2,True,True,[]
development,A,730010,False,GEN-3,False,,[]
development,A,730010,False,GEN-4,True,False,"[""interval_misses_truth""]"
development,A,730010,False,GEN-5,False,,[]
development,A,730010,False,GEN-6,False,,[]
development,A,730010,False,GEN-7,True,True,[]
development,B,730001,True,GEN-1,True,True,[]
development,B,730001,True,GEN-2,True,True,[]
development,B,730001,True,GEN-3,True,True,[]
development,B,730001,True,GEN-4,True,True,[]
development,B,730001,True,GEN-5,True,True,[]
development,B,730001,True,GEN-6,False,,[]
development,B,730001,True,GEN-7,True,True,[]
development,B,730002,False,GEN-1,True,True,[]
development,B,730002,False,GEN-2,True,True,[]
development,B,730002,False,GEN-3,True,True,[]
development,B,730002,False,GEN-4,True,True,[]
development,B,730002,False,GEN-5,True,True,[]
development,B,730002,False,GEN-6,False,,[]
development,B,730002,False,GEN-7,True,True,[]
development,B,730003,False,GEN-1,True,True,[]
development,B,730003,False,GEN-2,True,True,[]
development,B,730003,False,GEN-3,True,True,[]
development,B,730003,False,GEN-4,True,True,[]
development,B,730003,False,GEN-5,True,True,[]
development,B,730003,False,GEN-6,False,,[]
development,B,730003,False,GEN-7,True,True,[]
development,B,730004,False,GEN-1,True,True,[]
development,B,730004,False,GEN-2,True,True,[]
development,B,730004,False,GEN-3,True,True,[]
development,B,730004,False,GEN-4,True,True,[]
development,B,730004,False,GEN-5,True,True,[]
development,B,730004,False,GEN-6,False,,[]
development,B,730004,False,GEN-7,True,True,[]
development,B,730005,False,GEN-1,True,True,[]
development,B,730005,False,GEN-2,True,True,[]
development,B,730005,False,GEN-3,True,True,[]
development,B,730005,False,GEN-4,True,True,[]
development,B,730005,False,GEN-5,True,True,[]
development,B,730005,False,GEN-6,False,,[]
development,B,730005,False,GEN-7,True,True,[]
development,B,730006,False,GEN-1,True,True,[]
development,B,730006,False,GEN-2,True,True,[]
development,B,730006,False,GEN-3,True,True,[]
development,B,730006,False,GEN-4,True,True,[]
development,B,730006,False,GEN-5,True,True,[]
development,B,730006,False,GEN-6,False,,[]
development,B,730006,False,GEN-7,True,True,[]
development,B,730007,False,GEN-1,True,True,[]
development,B,730007,False,GEN-2,True,True,[]
development,B,730007,False,GEN-3,True,True,[]
development,B,730007,False,GEN-4,True,True,[]
development,B,730007,False,GEN-5,True,True,[]
development,B,730007,False,GEN-6,False,,[]
development,B,730007,False,GEN-7,True,True,[]
development,B,730008,False,GEN-1,True,True,[]
development,B,730008,False,GEN-2,True,True,[]
development,B,730008,False,GEN-3,True,True,[]
development,B,730008,False,GEN-4,True,True,[]
development,B,730008,False,GEN-5,True,True,[]
development,B,730008,False,GEN-6,False,,[]
development,B,730008,False,GEN-7,True,True,[]
development,B,730009,False,GEN-1,True,True,[]
development,B,730009,False,GEN-2,True,True,[]
development,B,730009,False,GEN-3,True,True,[]
development,B,730009,False,GEN-4,True,True,[]
development,B,730009,False,GEN-5,True,True,[]
development,B,730009,False,GEN-6,False,,[]
development,B,730009,False,GEN-7,True,True,[]
development,B,730010,False,GEN-1,True,True,[]
development,B,730010,False,GEN-2,True,True,[]
development,B,730010,False,GEN-3,True,True,[]
development,B,730010,False,GEN-4,True,False,"[""interval_misses_truth""]"
development,B,730010,False,GEN-5,True,True,[]
development,B,730010,False,GEN-6,False,,[]
development,B,730010,False,GEN-7,True,True,[]
development,C,730001,True,GEN-1,True,True,[]
development,C,730001,True,GEN-2,True,True,[]
development,C,730001,True,GEN-3,True,True,[]
development,C,730001,True,GEN-4,False,,[]
development,C,730001,True,GEN-5,False,,[]
development,C,730001,True,GEN-6,True,True,[]
development,C,730001,True,GEN-7,True,True,[]
development,C,730002,False,GEN-1,True,True,[]
development,C,730002,False,GEN-2,True,True,[]
development,C,730002,False,GEN-3,True,True,[]
development,C,730002,False,GEN-4,False,,[]
development,C,730002,False,GEN-5,False,,[]
development,C,730002,False,GEN-6,True,True,[]
development,C,730002,False,GEN-7,True,True,[]
development,C,730003,False,GEN-1,True,True,[]
development,C,730003,False,GEN-2,True,True,[]
development,C,730003,False,GEN-3,True,True,[]
development,C,730003,False,GEN-4,False,,[]
development,C,730003,False,GEN-5,False,,[]
development,C,730003,False,GEN-6,True,True,[]
development,C,730003,False,GEN-7,True,True,[]
development,C,730004,False,GEN-1,True,True,[]
development,C,730004,False,GEN-2,True,True,[]
development,C,730004,False,GEN-3,True,True,[]
development,C,730004,False,GEN-4,False,,[]
development,C,730004,False,GEN-5,False,,[]
development,C,730004,False,GEN-6,True,True,[]
development,C,730004,False,GEN-7,True,True,[]
development,C,730005,False,GEN-1,True,True,[]
development,C,730005,False,GEN-2,True,True,[]
development,C,730005,False,GEN-3,True,True,[]
development,C,730005,False,GEN-4,False,,[]
development,C,730005,False,GEN-5,False,,[]
development,C,730005,False,GEN-6,True,True,[]
development,C,730005,False,GEN-7,True,True,[]
development,C,730006,False,GEN-1,True,True,[]
development,C,730006,False,GEN-2,True,True,[]
development,C,730006,False,GEN-3,True,True,[]
development,C,730006,False,GEN-4,False,,[]
development,C,730006,False,GEN-5,False,,[]
development,C,730006,False,GEN-6,True,True,[]
development,C,730006,False,GEN-7,True,True,[]
development,C,730007,False,GEN-1,True,True,[]
development,C,730007,False,GEN-2,True,True,[]
development,C,730007,False,GEN-3,True,True,[]
development,C,730007,False,GEN-4,False,,[]
development,C,730007,False,GEN-5,False,,[]
development,C,730007,False,GEN-6,True,True,[]
development,C,730007,False,GEN-7,True,True,[]
development,C,730008,False,GEN-1,True,True,[]
development,C,730008,False,GEN-2,True,True,[]
development,C,730008,False,GEN-3,True,True,[]
development,C,730008,False,GEN-4,False,,[]
development,C,730008,False,GEN-5,False,,[]
development,C,730008,False,GEN-6,True,True,[]
development,C,730008,False,GEN-7,True,True,[]
development,C,730009,False,GEN-1,True,True,[]
development,C,730009,False,GEN-2,True,True,[]
development,C,730009,False,GEN-3,True,True,[]
development,C,730009,False,GEN-4,False,,[]
development,C,730009,False,GEN-5,False,,[]
development,C,730009,False,GEN-6,True,True,[]
development,C,730009,False,GEN-7,True,True,[]
development,C,730010,False,GEN-1,True,True,[]
development,C,730010,False,GEN-2,True,True,[]
development,C,730010,False,GEN-3,True,True,[]
development,C,730010,False,GEN-4,False,,[]
development,C,730010,False,GEN-5,False,,[]
development,C,730010,False,GEN-6,True,True,[]
development,C,730010,False,GEN-7,True,True,[]
formal,A,740001,True,GEN-1,True,True,[]
formal,A,740001,True,GEN-2,True,True,[]
formal,A,740001,True,GEN-3,False,,[]
formal,A,740001,True,GEN-4,True,True,[]
formal,A,740001,True,GEN-5,False,,[]
formal,A,740001,True,GEN-6,False,,[]
formal,A,740001,True,GEN-7,True,True,[]
formal,A,740002,True,GEN-1,True,True,[]
formal,A,740002,True,GEN-2,True,True,[]
formal,A,740002,True,GEN-3,False,,[]
formal,A,740002,True,GEN-4,True,True,[]
formal,A,740002,True,GEN-5,False,,[]
formal,A,740002,True,GEN-6,False,,[]
formal,A,740002,True,GEN-7,True,True,[]
formal,A,740003,False,GEN-1,True,True,[]
formal,A,740003,False,GEN-2,True,True,[]
formal,A,740003,False,GEN-3,False,,[]
formal,A,740003,False,GEN-4,True,False,"[""interval_misses_truth""]"
formal,A,740003,False,GEN-5,False,,[]
formal,A,740003,False,GEN-6,False,,[]
formal,A,740003,False,GEN-7,True,True,[]
formal,A,740004,True,GEN-1,True,True,[]
formal,A,740004,True,GEN-2,True,True,[]
formal,A,740004,True,GEN-3,False,,[]
formal,A,740004,True,GEN-4,True,True,[]
formal,A,740004,True,GEN-5,False,,[]
formal,A,740004,True,GEN-6,False,,[]
formal,A,740004,True,GEN-7,True,True,[]
formal,A,740005,False,GEN-1,True,True,[]
formal,A,740005,False,GEN-2,True,True,[]
formal,A,740005,False,GEN-3,False,,[]
formal,A,740005,False,GEN-4,True,True,[]
formal,A,740005,False,GEN-5,False,,[]
formal,A,740005,False,GEN-6,False,,[]
formal,A,740005,False,GEN-7,True,True,[]
formal,A,740006,False,GEN-1,True,True,[]
formal,A,740006,False,GEN-2,True,True,[]
formal,A,740006,False,GEN-3,False,,[]
formal,A,740006,False,GEN-4,True,True,[]
formal,A,740006,False,GEN-5,False,,[]
formal,A,740006,False,GEN-6,False,,[]
formal,A,740006,False,GEN-7,True,True,[]
formal,A,740007,False,GEN-1,True,True,[]
formal,A,740007,False,GEN-2,True,True,[]
formal,A,740007,False,GEN-3,False,,[]
formal,A,740007,False,GEN-4,True,True,[]
formal,A,740007,False,GEN-5,False,,[]
formal,A,740007,False,GEN-6,False,,[]
formal,A,740007,False,GEN-7,True,True,[]
formal,A,740008,False,GEN-1,True,True,[]
formal,A,740008,False,GEN-2,True,True,[]
formal,A,740008,False,GEN-3,False,,[]
formal,A,740008,False,GEN-4,True,True,[]
formal,A,740008,False,GEN-5,False,,[]
formal,A,740008,False,GEN-6,False,,[]
formal,A,740008,False,GEN-7,True,True,[]
formal,A,740009,False,GEN-1,True,True,[]
formal,A,740009,False,GEN-2,True,True,[]
formal,A,740009,False,GEN-3,False,,[]
formal,A,740009,False,GEN-4,True,True,[]
formal,A,740009,False,GEN-5,False,,[]
formal,A,740009,False,GEN-6,False,,[]
formal,A,740009,False,GEN-7,True,True,[]
formal,A,740010,False,GEN-1,True,True,[]
formal,A,740010,False,GEN-2,True,True,[]
formal,A,740010,False,GEN-3,False,,[]
formal,A,740010,False,GEN-4,True,True,[]
formal,A,740010,False,GEN-5,False,,[]
formal,A,740010,False,GEN-6,False,,[]
formal,A,740010,False,GEN-7,True,True,[]
formal,B,740001,True,GEN-1,True,True,[]
formal,B,740001,True,GEN-2,True,True,[]
formal,B,740001,True,GEN-3,True,True,[]
formal,B,740001,True,GEN-4,True,True,[]
formal,B,740001,True,GEN-5,True,True,[]
formal,B,740001,True,GEN-6,False,,[]
formal,B,740001,True,GEN-7,True,True,[]
formal,B,740002,True,GEN-1,True,True,[]
formal,B,740002,True,GEN-2,True,True,[]
formal,B,740002,True,GEN-3,True,True,[]
formal,B,740002,True,GEN-4,True,True,[]
formal,B,740002,True,GEN-5,True,True,[]
formal,B,740002,True,GEN-6,False,,[]
formal,B,740002,True,GEN-7,True,True,[]
formal,B,740003,True,GEN-1,True,True,[]
formal,B,740003,True,GEN-2,True,True,[]
formal,B,740003,True,GEN-3,True,True,[]
formal,B,740003,True,GEN-4,True,True,[]
formal,B,740003,True,GEN-5,True,True,[]
formal,B,740003,True,GEN-6,False,,[]
formal,B,740003,True,GEN-7,True,True,[]
formal,B,740004,False,GEN-1,True,True,[]
formal,B,740004,False,GEN-2,True,True,[]
formal,B,740004,False,GEN-3,True,True,[]
formal,B,740004,False,GEN-4,True,True,[]
formal,B,740004,False,GEN-5,True,True,[]
formal,B,740004,False,GEN-6,False,,[]
formal,B,740004,False,GEN-7,True,True,[]
formal,B,740005,False,GEN-1,True,True,[]
formal,B,740005,False,GEN-2,True,True,[]
formal,B,740005,False,GEN-3,True,True,[]
formal,B,740005,False,GEN-4,True,True,[]
formal,B,740005,False,GEN-5,True,True,[]
formal,B,740005,False,GEN-6,False,,[]
formal,B,740005,False,GEN-7,True,True,[]
formal,B,740006,False,GEN-1,True,True,[]
formal,B,740006,False,GEN-2,True,True,[]
formal,B,740006,False,GEN-3,True,True,[]
formal,B,740006,False,GEN-4,True,True,[]
formal,B,740006,False,GEN-5,True,True,[]
formal,B,740006,False,GEN-6,False,,[]
formal,B,740006,False,GEN-7,True,True,[]
formal,B,740007,False,GEN-1,True,True,[]
formal,B,740007,False,GEN-2,True,True,[]
formal,B,740007,False,GEN-3,True,True,[]
formal,B,740007,False,GEN-4,True,True,[]
formal,B,740007,False,GEN-5,True,True,[]
formal,B,740007,False,GEN-6,False,,[]
formal,B,740007,False,GEN-7,True,True,[]
formal,B,740008,False,GEN-1,True,True,[]
formal,B,740008,False,GEN-2,True,True,[]
formal,B,740008,False,GEN-3,True,True,[]
formal,B,740008,False,GEN-4,True,True,[]
formal,B,740008,False,GEN-5,True,True,[]
formal,B,740008,False,GEN-6,False,,[]
formal,B,740008,False,GEN-7,True,True,[]
formal,B,740009,False,GEN-1,True,True,[]
formal,B,740009,False,GEN-2,True,True,[]
formal,B,740009,False,GEN-3,True,True,[]
formal,B,740009,False,GEN-4,True,True,[]
formal,B,740009,False,GEN-5,True,True,[]
formal,B,740009,False,GEN-6,False,,[]
formal,B,740009,False,GEN-7,True,True,[]
formal,B,740010,False,GEN-1,True,True,[]
formal,B,740010,False,GEN-2,True,True,[]
formal,B,740010,False,GEN-3,True,True,[]
formal,B,740010,False,GEN-4,True,True,[]
formal,B,740010,False,GEN-5,True,True,[]
formal,B,740010,False,GEN-6,False,,[]
formal,B,740010,False,GEN-7,True,True,[]
formal,C,740001,True,GEN-1,True,True,[]
formal,C,740001,True,GEN-2,True,True,[]
formal,C,740001,True,GEN-3,True,True,[]
formal,C,740001,True,GEN-4,False,,[]
formal,C,740001,True,GEN-5,False,,[]
formal,C,740001,True,GEN-6,True,True,[]
formal,C,740001,True,GEN-7,True,True,[]
formal,C,740002,True,GEN-1,True,True,[]
formal,C,740002,True,GEN-2,True,True,[]
formal,C,740002,True,GEN-3,True,True,[]
formal,C,740002,True,GEN-4,False,,[]
formal,C,740002,True,GEN-5,False,,[]
formal,C,740002,True,GEN-6,True,True,[]
formal,C,740002,True,GEN-7,True,True,[]
formal,C,740003,True,GEN-1,True,True,[]
formal,C,740003,True,GEN-2,True,True,[]
formal,C,740003,True,GEN-3,True,True,[]
formal,C,740003,True,GEN-4,False,,[]
formal,C,740003,True,GEN-5,False,,[]
formal,C,740003,True,GEN-6,True,True,[]
formal,C,740003,True,GEN-7,True,True,[]
formal,C,740004,False,GEN-1,True,True,[]
formal,C,740004,False,GEN-2,True,True,[]
formal,C,740004,False,GEN-3,True,True,[]
formal,C,740004,False,GEN-4,False,,[]
formal,C,740004,False,GEN-5,False,,[]
formal,C,740004,False,GEN-6,True,True,[]
formal,C,740004,False,GEN-7,True,True,[]
formal,C,740005,False,GEN-1,True,True,[]
formal,C,740005,False,GEN-2,True,True,[]
formal,C,740005,False,GEN-3,True,True,[]
formal,C,740005,False,GEN-4,False,,[]
formal,C,740005,False,GEN-5,False,,[]
formal,C,740005,False,GEN-6,True,True,[]
formal,C,740005,False,GEN-7,True,True,[]
formal,C,740006,False,GEN-1,True,True,[]
formal,C,740006,False,GEN-2,True,True,[]
formal,C,740006,False,GEN-3,True,True,[]
formal,C,740006,False,GEN-4,False,,[]
formal,C,740006,False,GEN-5,False,,[]
formal,C,740006,False,GEN-6,True,True,[]
formal,C,740006,False,GEN-7,True,True,[]
formal,C,740007,False,GEN-1,True,True,[]
formal,C,740007,False,GEN-2,True,True,[]
formal,C,740007,False,GEN-3,True,True,[]
formal,C,740007,False,GEN-4,False,,[]
formal,C,740007,False,GEN-5,False,,[]
formal,C,740007,False,GEN-6,True,True,[]
formal,C,740007,False,GEN-7,True,True,[]
formal,C,740008,False,GEN-1,True,True,[]
formal,C,740008,False,GEN-2,True,True,[]
formal,C,740008,False,GEN-3,True,True,[]
formal,C,740008,False,GEN-4,False,,[]
formal,C,740008,False,GEN-5,False,,[]
formal,C,740008,False,GEN-6,True,True,[]
formal,C,740008,False,GEN-7,True,True,[]
formal,C,740009,False,GEN-1,True,True,[]
formal,C,740009,False,GEN-2,True,True,[]
formal,C,740009,False,GEN-3,True,True,[]
formal,C,740009,False,GEN-4,False,,[]
formal,C,740009,False,GEN-5,False,,[]
formal,C,740009,False,GEN-6,True,True,[]
formal,C,740009,False,GEN-7,True,True,[]
formal,C,740010,False,GEN-1,True,True,[]
formal,C,740010,False,GEN-2,True,True,[]
formal,C,740010,False,GEN-3,True,True,[]
formal,C,740010,False,GEN-4,False,,[]
formal,C,740010,False,GEN-5,False,,[]
formal,C,740010,False,GEN-6,True,True,[]
formal,C,740010,False,GEN-7,True,True,[]
