phase,world,seed,qualified,selected,csv_sha256,candidate_public_csv,failure_reasons
development,A,730001,True,True,cc1a14c752e5ddaba04418c7be3597c0964e7a254c6e19cb485d2d0268b670fc,results/quality_checks/data/candidate_storage/main/public/development/development-A-730001/data.csv,{}
development,A,730002,True,False,e175bc76424a8845f61a1a5b0eadfe1563cdeef3b8b374fb131f598bcbc89255,results/quality_checks/data/candidate_storage/main/public/development/development-A-730002/data.csv,{}
development,A,730003,True,False,e580d10c6f4fd669e2a21599d6f1bba63343fcc0403284e2455bb6e1fca1f56f,results/quality_checks/data/candidate_storage/main/public/development/development-A-730003/data.csv,{}
development,A,730004,True,False,1a4c6988f48c6168052fa0a26061d24cce6177e4b122ec08212fb8fa57c02aad,results/quality_checks/data/candidate_storage/main/public/development/development-A-730004/data.csv,{}
development,A,730005,True,False,c5b1ef4257395a19444e3b6f155bedd2aa7bf04e892bf2710683664609a3d286,results/quality_checks/data/candidate_storage/main/public/development/development-A-730005/data.csv,{}
development,A,730006,True,False,92934b2b60fc9c4fc75ec8ff7c789cec6e8f4549e7e47d7223628ff52dd9b615,results/quality_checks/data/candidate_storage/main/public/development/development-A-730006/data.csv,{}
development,A,730007,True,False,7740e8825e4a6c58afbe12e36a94dbd6a90d8be60d23144c7ddc12c4065f1ca4,results/quality_checks/data/candidate_storage/main/public/development/development-A-730007/data.csv,{}
development,A,730008,True,False,200fe4b6cfcb22e199b096a9b5886e466c35c96449c98578478deb6de626491c,results/quality_checks/data/candidate_storage/main/public/development/development-A-730008/data.csv,{}
development,A,730009,False,False,43ae616efdd86eccf70de3fd5216f0aeeb996eee04ed25db11b4b57cf947a06b,results/quality_checks/data/candidate_storage/main/public/development/development-A-730009/data.csv,"{""GEN-4"": [""interval_misses_truth""]}"
development,A,730010,False,False,7b58a01ec6e5ea43d6efe1d7a68a70f103bd84a36331a2de29b91efd25e088e5,results/quality_checks/data/candidate_storage/main/public/development/development-A-730010/data.csv,"{""GEN-4"": [""interval_misses_truth""]}"
development,B,730001,True,True,7b5f44fa94b9b6bee39adf054fa0b488aeb67065269da2b1d6cda3d920e5cd70,results/quality_checks/data/candidate_storage/main/public/development/development-B-730001/data.csv,{}
development,B,730002,True,False,ac2357287538fddd0171aa4edc402cadfd39c66bc13b82dcc7ff48b77ae9d867,results/quality_checks/data/candidate_storage/main/public/development/development-B-730002/data.csv,{}
development,B,730003,True,False,d3f87a5042f189bf0d9b73b278ab56f6ab5bec45bdc07f9c828b4da3642b3ac0,results/quality_checks/data/candidate_storage/main/public/development/development-B-730003/data.csv,{}
development,B,730004,True,False,c8d25e5aa272565300a0fa17ac5038027f95e848d03e2a8adc29a26b03d264fa,results/quality_checks/data/candidate_storage/main/public/development/development-B-730004/data.csv,{}
development,B,730005,True,False,4774c5afc0869e576a00a13cf1b8a0de0c075db0c2953dec7a18068b8f453995,results/quality_checks/data/candidate_storage/main/public/development/development-B-730005/data.csv,{}
development,B,730006,True,False,bbeb3c24a17d2b933867dfa3f3939d455eda3e72dabdc821a14791e2ee2e645f,results/quality_checks/data/candidate_storage/main/public/development/development-B-730006/data.csv,{}
development,B,730007,True,False,079e357c93ee794cfd93b493be957b1a4658dfb1e3a70ee98070b914d0754af1,results/quality_checks/data/candidate_storage/main/public/development/development-B-730007/data.csv,{}
development,B,730008,True,False,7cea70fedb94d8ad1615cbb41d8a2afda2b00677970cd075923a7371249c45ab,results/quality_checks/data/candidate_storage/main/public/development/development-B-730008/data.csv,{}
development,B,730009,True,False,8ef77cf0f07da26a57eaf6215e74df199ac77ba5ad4e00d3988b0a0f67d6052e,results/quality_checks/data/candidate_storage/main/public/development/development-B-730009/data.csv,{}
development,B,730010,False,False,c27be72d454d0b0e85c9d59e112fa13a261ba355763f6b7582ddc799355d7fe5,results/quality_checks/data/candidate_storage/main/public/development/development-B-730010/data.csv,"{""GEN-4"": [""interval_misses_truth""]}"
development,C,730001,True,True,07e61574e465f575e723f3284270f4e6f3c0a1af8c706e7d977efdccf9b3711d,results/quality_checks/data/candidate_storage/main/public/development/development-C-730001/data.csv,{}
development,C,730002,True,False,1360cb11c41b3f67803aa01fc2846e049b565381c6e75377396cadf810ec6d53,results/quality_checks/data/candidate_storage/main/public/development/development-C-730002/data.csv,{}
development,C,730003,True,False,1fbe9dcea1105b5ba8524c5c9282591e272d3eeae6859c1ce8641ddeeaf637df,results/quality_checks/data/candidate_storage/main/public/development/development-C-730003/data.csv,{}
development,C,730004,True,False,76012847445a331677f69fc391fd4efa7a42eed81953b8451f97cf0c2fc86c40,results/quality_checks/data/candidate_storage/main/public/development/development-C-730004/data.csv,{}
development,C,730005,True,False,888961b7262e9322079f88dfe0884389175c31c269cf94a204f63f70b530c847,results/quality_checks/data/candidate_storage/main/public/development/development-C-730005/data.csv,{}
development,C,730006,True,False,d71e4d98f4081bcf7b8ff5ece91b0b68173322646123294fe1fde441291637f5,results/quality_checks/data/candidate_storage/main/public/development/development-C-730006/data.csv,{}
development,C,730007,True,False,bec6d264bd929a874f107fb7fb508bf6be2a96478ae2e6bcb043c2cc98520bec,results/quality_checks/data/candidate_storage/main/public/development/development-C-730007/data.csv,{}
development,C,730008,True,False,430b4b248f32cc72dcbe436b66519c68dafee8be9c2b233b65329a0921472385,results/quality_checks/data/candidate_storage/main/public/development/development-C-730008/data.csv,{}
development,C,730009,True,False,4879e138263293cb0adbd9df3eedc8938a37a05beb658d3848cef092a5d02147,results/quality_checks/data/candidate_storage/main/public/development/development-C-730009/data.csv,{}
development,C,730010,True,False,5ebff5b1348d6ec49475962f7d1809a185e01d936c021d55d6e541cba412b070,results/quality_checks/data/candidate_storage/main/public/development/development-C-730010/data.csv,{}
formal,A,740001,True,True,d45479ba2c2d5eab15d418d1f5c0497a997fb1c84555e6d1ca26002bf3783179,results/quality_checks/data/candidate_storage/main/public/formal/formal-A-740001/data.csv,{}
formal,A,740002,True,True,a1b85358862fb41234877854f88710080f5c5d941ef69c38b6c9f88113bd79ae,results/quality_checks/data/candidate_storage/main/public/formal/formal-A-740002/data.csv,{}
formal,A,740003,False,False,f02545673c6a22068fa957bb2ceb59e111136e6988b77517d69e098c4963bb11,results/quality_checks/data/candidate_storage/main/public/formal/formal-A-740003/data.csv,"{""GEN-4"": [""interval_misses_truth""]}"
formal,A,740004,True,True,33a7f0e7329c87840bd42c709d5a4346bacdc210e2f077daae6030d1f78edb37,results/quality_checks/data/candidate_storage/main/public/formal/formal-A-740004/data.csv,{}
formal,A,740005,True,False,b4e26d35afa292f15d6f167eea9dc21fe14709aedac0bc51b01cd823fb3b8390,results/quality_checks/data/candidate_storage/main/public/formal/formal-A-740005/data.csv,{}
formal,A,740006,True,False,8bb5188192d26958d6d488ca745507178774e420db1a4acfdb18c4376b7ef1e6,results/quality_checks/data/candidate_storage/main/public/formal/formal-A-740006/data.csv,{}
formal,A,740007,True,False,9064afc03608dff7fc1262e30ff49ff446be2b1594f6f786174b89184fe01860,results/quality_checks/data/candidate_storage/main/public/formal/formal-A-740007/data.csv,{}
formal,A,740008,True,False,752a8c15f6728b0f12ec735d9acd67946c49be4a98336cc3aee33ac738fbfc0c,results/quality_checks/data/candidate_storage/main/public/formal/formal-A-740008/data.csv,{}
formal,A,740009,True,False,5f0cda105e1646a915ae1f309afdf9c956e9ca3a98640a3fded3b7b50d89a012,results/quality_checks/data/candidate_storage/main/public/formal/formal-A-740009/data.csv,{}
formal,A,740010,True,False,133d0c7a9da33592b9adbc27d068a3fe7a070ac314648aa8c84588023e175fd3,results/quality_checks/data/candidate_storage/main/public/formal/formal-A-740010/data.csv,{}
formal,B,740001,True,True,f1219a585528bafde4983f58c0d4dd6c40d9816e37b579354890f48438788863,results/quality_checks/data/candidate_storage/main/public/formal/formal-B-740001/data.csv,{}
formal,B,740002,True,True,d570a12afde75ae0eca57751d9dafc0d990e8b0bd6478461f8356e12e38b6fa8,results/quality_checks/data/candidate_storage/main/public/formal/formal-B-740002/data.csv,{}
formal,B,740003,True,True,186ca4a045e498c2d4b405f7bfddc4667c44e90e6a2d8399a9b74298ec964581,results/quality_checks/data/candidate_storage/main/public/formal/formal-B-740003/data.csv,{}
formal,B,740004,True,False,31b97c199d79ea78ff1dc6a7601ed540e3e629807bded967df239e72e6148df3,results/quality_checks/data/candidate_storage/main/public/formal/formal-B-740004/data.csv,{}
formal,B,740005,True,False,8ca13b44fff73264801a73c6f3f329b3c4e977b149427dfc252912ca8be5292c,results/quality_checks/data/candidate_storage/main/public/formal/formal-B-740005/data.csv,{}
formal,B,740006,True,False,f4a58dbfc657bd464ddd82b422b27464b0430c525dee8a4d9284dace89cb6264,results/quality_checks/data/candidate_storage/main/public/formal/formal-B-740006/data.csv,{}
formal,B,740007,True,False,7b16210bcc4341b6bf02be1e7ec3ff8f81fb0930f365d28e9f8f39a272b8ad7e,results/quality_checks/data/candidate_storage/main/public/formal/formal-B-740007/data.csv,{}
formal,B,740008,True,False,c3d9f5e22749d1ea0cba2b89a824f1a92ff8a327d5f09693825ef21895c095f2,results/quality_checks/data/candidate_storage/main/public/formal/formal-B-740008/data.csv,{}
formal,B,740009,True,False,ff185002f291093a13c7f99c25ae2109291daeec0bef18c84f0f7d89f947ffe6,results/quality_checks/data/candidate_storage/main/public/formal/formal-B-740009/data.csv,{}
formal,B,740010,True,False,4243ffca1eb68de904ff5c790d3e4004590f3f3768e8db2eab9cecec0f867581,results/quality_checks/data/candidate_storage/main/public/formal/formal-B-740010/data.csv,{}
formal,C,740001,True,True,f0f8b9dbd2b7b80890467cf755a72278b3cfa12fb6149ab007a5af5666a911fd,results/quality_checks/data/candidate_storage/main/public/formal/formal-C-740001/data.csv,{}
formal,C,740002,True,True,657bcaa4717267578599fa8f56ec316c2a9738c1d7d7f952ca840ed4e8b98713,results/quality_checks/data/candidate_storage/main/public/formal/formal-C-740002/data.csv,{}
formal,C,740003,True,True,13215497ec4ae090399b28c80794abe593b564b5f36b54511ba5202533b3dbe1,results/quality_checks/data/candidate_storage/main/public/formal/formal-C-740003/data.csv,{}
formal,C,740004,True,False,5a10c1f9b6b1de3be62aa11f150eeddbb2c265e58f37d8760e02b4db01bbfa96,results/quality_checks/data/candidate_storage/main/public/formal/formal-C-740004/data.csv,{}
formal,C,740005,True,False,0b88c008513efc1264bcc2862497c3547c5d4933ecb8bc946aed4fec5ce6f3cf,results/quality_checks/data/candidate_storage/main/public/formal/formal-C-740005/data.csv,{}
formal,C,740006,True,False,c7c1bf27447e9b2d1127f87f41812775366ceefa3e34d076990aaca70e5dec8c,results/quality_checks/data/candidate_storage/main/public/formal/formal-C-740006/data.csv,{}
formal,C,740007,True,False,d9c9932313734233e7ce3f7a9a6d4c38c82d92bf011dd3e050e5d707b9383c4e,results/quality_checks/data/candidate_storage/main/public/formal/formal-C-740007/data.csv,{}
formal,C,740008,True,False,fd8d00e88efbd4a64e07ddb5f52456ea8017ac956103056d9bca12516dcd38ba,results/quality_checks/data/candidate_storage/main/public/formal/formal-C-740008/data.csv,{}
formal,C,740009,True,False,099ee1f8f5931ff497b4204a665eec44ef7280f65782d625bed4e5462b06f7b2,results/quality_checks/data/candidate_storage/main/public/formal/formal-C-740009/data.csv,{}
formal,C,740010,True,False,3a9357634824ebcc2cb0705f7f15dde689fbff3e8c2d0b0bd499cc4df87a70ec,results/quality_checks/data/candidate_storage/main/public/formal/formal-C-740010/data.csv,{}
