baseline_quintile,x,n,y_mean,z_mean,z_sd
1,0,279,48.17972919969552,7.037957724495619,3.542369674367856
1,1,121,48.106650186821156,7.681612744755261,3.781370238386068
2,0,262,54.093628837318576,8.348167819767632,3.782171398899478
2,1,138,54.5438380646671,9.865592053424475,3.851000123080327
3,0,296,60.21421736835117,9.798692231000672,3.615090432996818
3,1,104,59.98113495264761,10.993387967691692,3.6533463212418558
4,0,275,66.10523084377763,11.921513257962127,3.6640972144140593
4,1,125,66.1979845039987,12.491295014786147,3.7669012842097542
5,0,288,72.11143932729468,12.715716748536543,3.767672264812226
5,1,112,71.88645841806931,14.883514534128947,4.146185763478477
