source_row,starting_score,observed_gain,estimated_gain_without_tutoring,observed_minus_estimated_no_tutoring
1,59.128120584791326,8.462545042372001,10.20886739184365,-1.746322349471649
5,64.51724947786433,19.292407580019297,11.177362815181683,8.115044764837615
8,66.87773209001496,15.64883794166608,11.587380353588667,4.061457588077413
11,69.8724744256603,9.445282456780445,12.269713575525143,-2.824431118744698
14,65.21624536844874,12.111002605763913,11.289688580564693,0.8213140251992197
16,73.62854044725394,10.450357155341774,13.27956775882831,-2.829210603486537
18,58.277673361798485,14.527931610552788,9.995417409721275,4.532514200831512
26,64.81673812225817,10.43906303398676,11.224901387648885,-0.7858383536621254
27,70.2445682296503,13.860952517913306,12.364677589656717,1.4962749282565895
29,61.166478843824365,16.16351532111232,10.63539241675384,5.528122904358481
43,64.02167452056052,11.852075243688317,11.099968287315663,0.7521069563726535
45,69.92578302441642,11.316544442411592,12.283212029322502,-0.9666675869109103
46,67.71049341041322,11.34605235522508,11.75971337090087,-0.4136610156757907
52,66.69348895533949,16.89910431742791,11.551425911540983,5.347678405886926
57,67.70952756043648,16.78228916625483,11.75950467429095,5.022784491963881
58,71.49542777551373,14.625752618502109,12.694729637272259,1.9310229812298498
66,60.140333395689616,11.445666474048412,10.435942942581898,1.0097235314665145
69,73.48157237869037,6.6664462616544045,13.238955017184336,-6.572508755529932
73,63.91768577252985,16.054013652965782,11.083849646759424,4.970164006206359
75,66.55887490187126,8.103684613189449,11.525683690319397,-3.421999077129948
90,62.94112842656399,17.87985854590486,10.932177145717036,6.9476814001878235
92,61.10130117490165,13.460364678156472,10.623494060758075,2.8368706173983966
96,62.21682576807467,7.954891517529248,10.81617863505718,-2.8612871175279313
97,63.245547429102885,9.455370662118012,10.979741250903935,-1.5243705887859225
101,73.0436514622353,17.02650231751087,13.117985786943006,3.9085165305678657
104,64.37009937535043,12.578936576278773,11.154249497749927,1.4246870785288461
108,60.16346054388837,16.362810538564062,10.440754150271408,5.9220563882926545
111,69.89889947737592,16.24241713499474,12.27640014382255,3.9660169911721894
118,69.15852114302831,20.534828362681107,12.092731982932172,8.442096379748936
121,60.55090683095953,5.931195241884812,10.51904967477522,-4.587854432890407
124,61.474897755605895,2.8386004643641702,10.690496385521017,-7.8518959211568475
125,60.446166573154485,14.39667918889554,10.49830008044263,3.898379108452909
136,64.90021885396315,12.97925742620385,11.238295292760345,1.7409621334435048
141,63.6708327099559,17.364486266465704,11.045651253037395,6.318835013428309
144,71.96558925801311,11.468411142378052,12.822068559437804,-1.3536574170597522
145,73.32988264728816,12.774668333222497,13.197038920000658,-0.4223705867781611
146,65.32556540931074,11.333615251764176,11.30775386788087,0.025861383883306388
153,70.6397560338407,18.233057851979503,12.467308199110834,5.765749652868669
154,60.056710380105045,14.236893584134672,10.418410943632972,3.818482640501699
159,66.66210037482783,6.972897937713745,11.545383338522338,-4.572485400808593
162,66.36834239303685,12.550297522612023,11.489996884603034,1.0603006380089894
164,69.77123379517398,12.164868534615772,12.244180835827958,-0.07931230121218569
170,64.29423064079174,7.483204638476637,11.142382896449446,-3.659178257972809
171,67.17945578519377,12.01136774241414,11.648008557463745,0.36335918495039543
173,67.47038061283229,14.791716080754338,11.70844074938092,3.083275331373418
178,72.87145399707084,18.35091607013047,13.070481951870178,5.280434118260292
180,73.93320460020163,8.13880590424376,13.363757791757074,-5.224951887513313
184,69.09902537179076,14.007302054160066,12.078325994842672,1.9289760593173941
185,58.64356379088012,18.63347640586852,10.089488144612009,8.543988261256512
186,65.82666382738243,5.064493119463801,11.392852618928046,-6.328359499464245
190,67.0780082547752,12.371593604980374,11.627386298505089,0.7442073064752854
196,62.520821707235385,12.286328006580389,10.86548063336511,1.4208473732152793
198,59.81117388854885,18.7950877310527,10.365664354353255,8.429423376699445
203,65.83025852224678,16.02540239677507,11.393478256272926,4.631924140502145
204,70.36834774268306,12.920404277406302,12.39663694876156,0.5237673286447411
206,59.55337551673836,12.185564052463198,10.30818057411258,1.8773834783506178
207,60.652031443449,5.274945072189266,10.538804640196433,-5.263859568007168
208,70.96505640689278,17.524073685310704,12.553003717285701,4.971069968025002
215,73.33011720258713,20.952332906048067,13.19710372885281,7.7552291771952575
219,60.42208280086184,14.642908158676144,10.493486464270143,4.149421694406001
221,68.11761166681282,11.753647216991835,11.849381011209797,-0.09573379421796169
222,58.874301974441686,9.542429917805482,10.147114323744743,-0.6046844059392615
235,73.94415282106355,20.18490761744368,13.366783192238097,6.818124425205584
237,70.58018316014606,10.190708956254896,12.451728778150015,-2.2610198218951183
246,68.61067464492929,15.38258113031088,11.962274956055058,3.4203061742558223
250,65.93324876769748,15.35367045896094,11.41150440084537,3.9421660581155695
251,61.061572057273445,12.18675817744642,10.616195603835113,1.5705625736113067
256,58.866481704601775,8.026517858570756,10.145183913359034,-2.118666054788278
258,69.63814139218145,16.860882299146294,12.210825376796492,4.650056922349801
267,59.20161743719184,16.414327411756403,10.226413026699868,6.187914385056535
268,60.00966215921024,8.90676621652451,10.408452270788725,-1.5016860542642156
271,66.04150987004326,14.003918250511012,11.43067099335618,2.573247257154831
275,71.18276663138336,12.36945211870392,12.61090160540248,-0.24144948669855992
286,73.29124260084491,15.75325641800996,13.186362871447445,2.5668935465625147
288,60.576683185826326,16.527966278148995,10.524110764399337,6.003855513749658
292,71.61241809824858,16.45013535729848,12.726282111300398,3.7238532459980807
295,68.9746987400774,6.554426672861573,12.048404711700739,-5.493978038839166
297,68.58107932987203,16.23009393233342,11.955373133245482,4.274720799087939
298,71.72551225958344,16.419162846861195,12.756871515076837,3.662291331784358
302,62.82429704552023,15.5100063704882,10.913778249777256,4.596228120710945
306,61.31222002867933,10.427492738100415,10.661670973324634,-0.23417823522421877
308,71.81258017985664,17.43123138383182,12.78047681370186,4.650754570129958
309,61.043621514914086,16.439754698304085,10.612886432409837,5.826868265894248
311,59.70668639421041,9.56822574184069,10.342624152850004,-0.7743984110093134
312,62.1302346942104,15.360755552091693,10.80193326754302,4.558822284548672
313,63.320463920285306,10.870573028743287,10.991383153619182,-0.12081012487589504
315,73.60878096500186,14.182574798175716,13.274107479220872,0.9084673189548447
316,73.60641285070693,16.901267192006323,13.273453081194255,3.627814110812068
318,67.55796475056349,12.91749707464272,11.726999958612979,1.190497116029741
319,61.40982304734901,9.209109926756275,10.679027567128658,-1.4699176403723833
322,69.65035864026267,12.639980805285123,12.213877094316361,0.42610371096876243
323,72.00907496105458,18.45008041373838,12.83391293657893,5.6161674771594505
327,71.79009462139143,12.138359708512866,12.774376212857298,-0.6360165043444326
330,66.6336654389086,12.767681026574015,11.539930430875955,1.22775059569806
332,70.3831602253176,16.7311903444732,12.400473173823515,4.330717170649686
333,69.79644222173336,13.254014888947296,12.250525627527555,1.003489261419741
338,63.198260946547805,8.936524627815805,10.972382208729062,-2.035857580913257
342,60.10773623171348,7.532077513270771,10.429134186672188,-2.8970566734014174
344,58.33972837255379,10.237203197314248,10.011592493120967,0.2256107041932811
348,66.62120442871344,18.7852602735177,11.537547141672722,7.247713131844979
350,61.41293511818745,11.615802516592948,10.67957789539373,0.9362246211992176
351,62.292033402672544,5.415131650408858,10.828474638295004,-5.413342987886146
356,61.828777597182224,8.82308690082487,10.75152605444463,-1.9284391536197596
361,64.68188405884088,9.062062164183104,11.203403371718053,-2.14134120753495
362,58.55009973480146,11.916907712236975,10.065762706508453,1.8511450057285224
369,73.51797327420522,18.391537669213072,13.249013938007085,5.142523731205987
370,58.9996070569788,11.392824888342153,10.1778216019179,1.2150032864242526
372,59.043204867916266,9.45706278399613,10.188405332685896,-0.7313425486897653
375,64.54641116381293,14.71393785209828,11.18196046309205,3.5319773890062294
379,65.43065467507702,5.699576426589437,11.325276169969351,-5.625699743379914
381,71.7297783622261,8.78223472171731,12.758027015804752,-3.975792294087441
387,64.98016744456548,10.026696954488887,11.25118942442011,-1.2244924699312225
388,60.38585104550277,10.082203191977394,10.486214391561552,-0.40401119958415777
397,74.7200752831044,14.739670826580555,13.58119941744006,1.1584714091404962
398,62.45321871129782,16.142405697535953,10.854604945851035,5.287800751684918
403,58.31989800198525,10.413062564099492,10.006433050944697,0.4066295131547957
408,67.00324203757134,10.567976468941255,11.612340784572334,-1.0443643156310785
409,70.32845854257354,8.343139490430737,12.386318534068081,-4.043179043637345
411,60.373091246921874,12.560663421354812,10.483644600386857,2.0770188209679556
413,60.47590009117887,10.783612513113356,10.504220822484323,0.27939169062903346
414,65.92777003422499,6.897953174462872,11.410540466825191,-4.512587292362319
415,64.63521075260273,6.647521019955386,11.195999496760457,-4.548478476805071
416,73.49883955377206,15.971995833039989,13.243726579656153,2.7282692533838357
418,73.52657443518001,16.023763012543792,13.251390758577172,2.772372253966621
421,72.34159584092836,17.985254383419335,12.924791987630336,5.060462395788999
422,62.56606427601711,10.639306057086332,10.87273343381333,-0.23342737672699876
424,58.30623106176354,6.214896533552519,10.002872001091204,-3.7879754675386845
427,66.1890958066399,8.405859444728621,11.457178637331012,-3.0513191926023904
430,71.46646243091628,21.16401821833423,12.68693255664106,8.477085661693172
431,61.99344743434264,14.151589738495742,10.779224595705722,3.37236514279002
432,62.82640770455325,17.205744665565394,10.91411149645719,6.291633169108204
434,62.316733727926525,15.090585318774124,10.832498105274503,4.258087213499621
435,62.74662553556881,14.812359331226396,10.901491303239212,3.910868027987185
437,68.13278677557246,13.352179078059718,11.85278722334098,1.4993918547187377
440,61.91296374344626,16.679827354390593,10.76573806806872,5.9140892863218735
442,71.63336285795256,12.978347028418993,12.73194084786692,0.2464061805520732
445,74.38354195064505,19.98207788604124,13.488202745310236,6.493875140731003
446,65.26764423208942,14.169288971734089,11.29816236907832,2.871126602655769
450,58.88471727631878,15.812535721259362,10.149682786045338,5.662852935214024
453,70.02950676506538,19.92792165244748,12.309580681417815,7.6183409710296655
461,73.87504632126851,11.565326492988763,13.347686496952337,-1.7823600039635732
464,63.53607459449942,10.697824926858514,11.024801640591976,-0.3269767137334618
465,60.00689766326053,9.796093305043689,10.40786496254291,-0.6117716574992205
467,59.76009412088896,14.855593043748025,10.354445575800217,4.501147467947808
474,74.62067319544587,7.088171954376276,13.553730924832065,-6.465558970455789
480,59.04184463304341,7.026948475001367,10.188075918519454,-3.1611274435180867
482,66.49764516334793,9.955255047032596,11.514121729336576,-1.5588666823039805
483,66.81801433024755,16.35831426770509,11.575636355169928,4.782677912535162
485,60.50102488964456,13.986614192748153,10.509204974309855,3.4774092184382983
489,60.96224893155025,14.504673165190953,10.59779362998746,3.906879535203492
494,69.4450153836659,8.436019004112845,12.162865433394243,-3.726846429281398
498,58.48175410495909,12.974018785795788,10.048278704301964,2.9257400814938244
502,68.68349356791963,11.532798472146789,11.97932250685689,-0.4465240347101016
507,60.93986289491845,11.00244232298121,10.593614730635688,0.40882759234552246
508,72.21969002791127,10.912428641626722,12.891415235828699,-1.9789865942019773
509,65.98192831059794,12.632288852656274,11.420094390487481,1.2121944621687923
511,71.45197156685452,9.279460781539225,12.68303409466507,-3.403573313125845
512,65.75323296565513,14.185693884733688,11.38012309553001,2.805570789203678
515,66.06112824194554,18.585015354189164,11.434168962394379,7.150846391794785
518,74.20113210974294,10.172383557641306,13.437796124237508,-3.2654125665962024
521,60.359188201104416,11.915724266132226,10.48083932669922,1.4348849394330063
523,70.67707878383074,8.561696060095635,12.477087435258067,-3.9153913751624323
526,67.52378950136259,9.02520249422875,11.719738411095957,-2.6945359168672063
527,71.72158070519964,8.478852225612702,12.755806730790031,-4.276954505177329
530,61.856289289859085,15.886776124635782,10.756182603948616,5.130593520687166
531,70.83546713288013,15.751939957563792,12.518743010231235,3.233196947332557
532,63.0987448727042,9.321100823678963,10.956862952761218,-1.6357621290822557
534,74.83082255001437,12.24791012316337,13.611803004891058,-1.363892881727688
535,71.67388437695632,15.671491324461895,12.742896989334387,2.9285943351275083
536,74.71792807811715,10.21141441105062,13.580606064868599,-3.3691916538179782
538,60.3951479986465,9.651920277406077,10.488083888752051,-0.8361636113459738
543,67.78471186652732,16.026667560699003,11.775808370456678,4.250859190242325
545,69.04055433350631,14.624867822569955,12.064222936171708,2.560644886398247
546,69.73396281029707,15.098023575826776,12.234815649781527,2.8632079260452485
550,72.50997511513523,13.649351544109416,12.97099116203286,0.6783603820765567
551,73.85931610580172,22.52961337729519,13.34333965356655,9.186273723728638
555,72.0889098435401,11.117392713273468,12.85568372819399,-1.738291014920522
557,72.77212856832621,14.981116462589926,13.043109041693729,1.9380074208961968
562,62.233328339838565,15.730605523674868,10.81888266789758,4.911722855777288
566,60.32149206327635,10.065531887853082,10.473205576378046,-0.4076736885249641
570,62.50585742068552,17.911436826081225,10.86307726383401,7.0483595622472155
571,69.53011240221895,17.244713260426106,12.183932295241995,5.060780965184112
573,74.78198460209214,19.13670018138924,13.598307264076238,5.538392917313002
576,58.88853849224177,8.910855604478785,10.15062439147113,-1.2397687869923448
577,67.72060868957053,9.27901780102708,11.76190020937268,-2.482882408345599
581,66.43307219289778,19.29827760207516,11.502025262363116,7.796252339712044
582,61.12257506060496,10.646224090319627,10.627387848098481,0.01883624222114655
586,60.35309095941678,6.9435582341830155,10.479607333683695,-3.53604909950068
591,66.62905757946785,13.0937957058625,11.539048682638235,1.5547470232242642
592,58.80470653247524,12.91713179590683,10.129878160430248,2.7872536354765813
593,71.75387296011239,7.611800979023657,12.764555337155155,-5.152754358131498
594,62.86196323575646,10.147185670761122,10.919720391999968,-0.7725347212388467
595,58.977698279667024,8.931650864100526,10.17248333341364,-1.2408324693131139
596,65.39204644574329,18.1523756288814,11.318820309579683,6.833555319301718
602,68.72188146862979,13.041029341019556,11.988346694438901,1.0526826465806547
604,61.044512503306734,6.802812324304561,10.613050856475462,-3.810238532170901
605,69.09604973276733,11.68042993594914,12.07760696028032,-0.39717702433117985
607,69.7592778683742,12.416794502762464,12.241174592614769,0.17561991014769518
609,71.28619778065709,13.981803420183526,12.638548302863459,1.3432551173200675
612,64.72199631228091,18.138897239206617,11.209781040999507,6.92911619820711
626,72.55998345116737,19.578751353016823,12.984731960965094,6.594019392051729
630,60.94475800409501,16.527444768425614,10.594529521516597,5.932915246909017
631,69.52527143402808,14.024875093361478,12.18273104782181,1.8421440455396692
632,68.65444527586432,12.364809324758886,11.972510901901508,0.3922984228573778
636,62.76937646162632,4.5813912859449175,10.905095155464428,-6.323703869519511
637,71.18197584194849,9.539385762129823,12.610690567844875,-3.0713048057150516
638,66.91524156098191,10.47088533820724,11.594800686863028,-1.1239153486557871
646,74.0816835200743,16.84824341841399,13.404788037791484,3.443455380622506
647,73.98602682250302,11.781349071556942,13.378354535718913,-1.5970054641619704
649,65.92473229123577,10.172492513480046,11.410006248973431,-1.2375137354933852
650,68.03474662515744,12.191695631336035,11.830860494165066,0.3608351371709695
653,71.99258316233063,17.358903440169286,12.829419804034185,4.529483636135101
658,64.00976217869963,13.321978815972518,11.098120483403607,2.223858332568911
659,74.64627169398294,16.224383456387162,13.560804741734755,2.6635787146524077
661,58.747701063650695,8.983601989819038,10.115665815466862,-1.1320638256478244
662,59.64886867761574,6.653920334272648,10.329722552598746,-3.6758022183260977
663,62.50304905617343,11.55807877145744,10.862625969418094,0.6954528020393465
664,64.29826365879734,12.345806092064333,11.143012927426517,1.202793164637816
668,65.80863778200836,20.170832420180037,11.389718808285005,8.781113611895032
672,71.55554933829947,13.062631298979618,12.710932637255333,0.351698661724285
676,60.27619934831587,5.782171960116872,10.463979516925745,-4.681807556808873
677,63.29205257800525,9.212213234817936,10.98697037000191,-1.7747571351839735
678,66.80753230342751,14.817673864783544,11.573583858408176,3.2440900063753677
680,74.12632994464782,14.06652146758628,13.417125504863447,0.6493959627228332
681,65.93412308547867,17.538088000957842,11.411658282062765,6.126429718895077
682,73.69467059834848,20.51726385742757,13.297841978306932,7.219421879120636
685,73.24354115913705,10.96286418234044,13.173184512469659,-2.2103203301292194
687,66.8613843662006,17.673626513844606,11.584156901897718,6.089469611946889
691,61.39275277270122,8.046694385971568,10.676005563222988,-2.62931117725142
712,74.69447603010198,10.02981455960588,13.574125392050544,-3.5443108324446637
713,62.97514982476485,7.380562717013662,10.937517882769656,-3.556955165755994
716,67.65690638425485,18.92197512236405,11.748164152834486,7.173810969529564
720,62.789420146465744,6.623864031535782,10.908266791618262,-4.28440276008248
724,73.89160003542537,14.642226942256324,13.35226090364402,1.2899660386123042
729,65.5902003264465,4.280959817342088,11.352193371911353,-7.071233554569265
734,61.81013992992197,9.371234680213806,10.74836468516846,-1.3771300049546529
735,73.40696948824102,16.011885978677075,13.218339568683788,2.7935464099932865
737,70.12411088428044,8.264897377922285,12.333748346400384,-4.068850968478099
741,69.0461644498394,15.998941464384616,12.065573704738634,3.933367759645982
746,69.85733480967797,12.51999887950597,12.26588677214963,0.25411210735633993
749,59.80101486476346,5.53097136432215,10.36343995259306,-4.83246858827091
755,67.62834387661997,11.440042699952349,11.74203305696192,-0.3019903570095721
757,59.752976364970735,12.742842348353031,10.352875481998415,2.389966866354616
758,72.03388352073658,19.399724132290125,12.84067464812516,6.559049484164964
762,60.45224396372494,16.082330319167227,10.499512230397656,5.582818088769571
768,69.22939508266329,14.638532946548318,12.109965376814959,2.52856756973336
770,73.24285590625021,12.077716035303244,13.172995211628523,-1.0952791763252794
774,59.17224500415169,18.830260017215743,10.21941959586181,8.610840421353933
787,60.82627110625664,13.267752105328798,10.572227159593567,2.6955249457352313
788,63.59060589539489,11.645399951192552,11.033240426091993,0.6121595251005587
791,69.65010456683959,12.458405391756338,12.213813608792519,0.24459178296381978
793,68.59569173844989,19.306624128003648,11.958778903019555,7.347845224984093
794,72.7523494012118,14.49921151653344,13.037660985772083,1.4615505307613574
796,58.38197429943931,6.5349591307708135,10.022553960561938,-3.4875948297911243
807,60.91084481833367,5.288229801343769,10.58818031563033,-5.299950514286561
821,70.68830972358387,11.844486321267368,12.480032919459958,-0.6355465981925903
827,63.79057554980651,12.074839555155684,11.06417403731071,1.0106655178449735
829,73.72487146027184,11.956511913584508,13.306187599329967,-1.3496756857454582
830,70.5131472594252,14.948463817694428,12.434242223851912,2.5142215938425156
834,66.13747256123085,12.071585616079687,11.447855526378582,0.6237300897011053
835,66.57884204970665,17.697223392787244,11.52947372331423,6.1677496694730145
836,68.71414994795035,10.537480470900912,11.986527123791001,-1.4490466528900896
838,66.06383173991821,9.654133681132068,11.434651603806508,-1.7805179226744396
839,66.17143256487407,7.1089988381858715,11.453982367696723,-4.344983529510851
840,65.1835789729918,12.391143250023925,11.284320933875454,1.1068223161484703
846,74.34880527312501,14.143661570240024,13.47860370979538,0.6650578604446444
852,72.77198483781855,19.34812348149003,13.04306944838364,6.305054033106391
853,66.3069327142827,18.39040342296921,11.478673579195839,6.911729843773372
855,71.20714351441308,20.86867974546641,12.617409589508314,8.251270155958094
856,73.37898617367912,16.762713187826893,13.210606987995268,3.5521061998316252
860,71.6319625907868,6.330071374990572,12.731562440081506,-6.401491065090934
861,58.88208142692119,9.710061940540019,10.149033046095454,-0.43897110555543506
868,70.08691375097993,17.64815653856509,12.32423277590515,5.323923762659939
869,62.32444885976865,13.420141476520246,10.83375336193293,2.586388114587317
871,67.56843048720215,11.222110838300493,11.729228745815746,-0.5071179075152532
877,67.94314943484048,15.373667838767556,11.810546362607308,3.563121476160248
878,64.55284343637918,12.546159768567104,11.182975401027713,1.3631843675393913
880,69.1771243010647,14.363379037392894,12.097247875842138,2.2661311615507564
894,66.3348224088166,15.638297038532944,11.483805644636641,4.154491393896302
898,73.39172028455587,16.35418886112508,13.214125757997714,3.1400631031273676
902,72.80291104306198,11.079389171616814,13.051589840690898,-1.972200669074084
903,64.40901800441705,8.24330726926827,11.160349350443596,-2.9170420811753264
906,71.93273838678954,16.031647223734755,12.813127654352533,3.218519569382222
909,60.783103060618274,13.267455923716714,10.564017440290487,2.7034384834262273
912,67.2690923122146,13.10480767396491,11.666425976818386,1.4383816971465233
919,70.20333788208839,17.71421611604054,12.354071612028626,5.360144504011913
926,67.5364020410268,10.458984453543012,11.722415386544538,-1.2634309330015263
936,64.30252426448773,12.839661940943843,11.143678602514926,1.695983338428917
940,71.18534812497168,18.411796640232986,12.61159056336115,5.800206076871836
943,61.65046444017017,13.070472025728558,10.721046325842662,2.349425699885895
951,67.10276839478487,15.968047079984276,11.632397609797739,4.335649470186537
953,67.73007638762635,9.735097356193062,11.763948985004983,-2.028851628811921
957,64.9570511213343,10.212405480950029,11.247454225816817,-1.0350487448667884
960,74.05556446801079,18.54354546426264,13.397570372595169,5.14597509166747
961,74.47849391078297,14.016829537145226,13.514441502227715,0.5023880349175105
964,69.47722811632863,15.635131432897545,12.170827767705493,3.464303665192052
975,71.63362578010427,12.202979366251292,12.732011901328475,-0.5290325350771834
978,63.504487727310384,13.435953808299285,11.019911793218737,2.4160420150805475
982,60.82319798161754,16.156090254139265,10.571644221963384,5.584446032175881
989,63.28591068964582,13.2213385789437,10.986016069950924,2.235322508992775
997,71.29797745471213,14.958756145219905,12.641702412796379,2.317053732423526
1000,69.14892434032762,6.841255557531186,12.090404490990824,-5.249148933459638
1001,74.05850740946809,22.832822075646963,13.398383616738938,9.434438458908025
1005,60.3680061744908,16.73083757761358,10.482619199212177,6.248218378401404
1006,71.5235369374534,15.108622844207336,12.70230199286103,2.4063208513463064
1007,65.06620067117677,14.840071546957804,11.265143090154373,3.5749284568034305
1011,66.84787945145175,18.756056566913728,11.58149884233648,7.174557724577248
1017,61.614284020104265,11.31989748540348,10.714795995867528,0.6051014895359526
1018,73.03790099872478,17.01052177300754,13.11639858246928,3.8941231905382594
1029,69.8976451370117,16.768692613782722,12.276082541383962,4.49261007239876
1030,67.23178801392406,7.689602595517581,11.658738976065274,-3.9691363805476936
1031,74.48831266733234,14.371025837933727,13.517154789725483,0.8538710482082443
1032,73.70758968099321,11.908176771551098,13.301412001175539,-1.393235229624441
1033,62.29908047688844,11.860367193401512,10.829623281186157,1.030743912215355
1035,70.18123350870269,9.525084551632316,12.348393838601151,-2.8233092869688345
1040,58.96713149874228,9.169912975805603,10.169903955729476,-0.9999909799238722
1044,68.95258131141344,8.474176668386603,12.043108052595015,-3.568931384208412
1045,65.99856284582106,12.561412256733131,11.423040238725555,1.1383720180075763
1047,60.073677541149664,9.564078903073288,10.421985528133417,-0.8579066250601297
1049,64.86731331640982,19.024497679568167,11.233007568026286,7.791490111541881
1050,60.68233102107456,10.50432155748897,10.544671833903903,-0.04035027641493372
1051,61.77042675854378,9.678898247002222,10.741609800732451,-1.0627115537302299
1052,67.24720627173527,10.548350983320471,11.661912276049495,-1.113561292729024
1053,64.95147576538523,9.971137452216007,11.24655420749298,-1.2754167552769733
1054,69.96134109562826,14.70749672751148,12.29223619696258,2.415260530548899
1067,60.5080833315004,7.6547323236450335,10.510602108150348,-2.8558697845053143
1072,68.05503092361441,9.53861990904086,11.835381611166214,-2.2967617021253552
1078,67.83688807555538,12.33328658107516,11.787191569306342,0.5460950117688181
1081,71.45730252425759,15.52988937533672,12.68446809835091,2.8454212769858103
1089,66.87097332715095,18.544012607642067,11.58604687955592,6.9579657280861475
1094,74.7249091323879,17.13213181818817,13.582535189720488,3.5495966284676825
1095,67.54076683859813,10.082015008198574,11.723342602418226,-1.6413275942196517
1096,74.55591113107137,14.762752263139191,13.535834758579913,1.2269175045592782
1103,65.89803824747034,15.146065365506107,11.40531933170057,3.7407460338055376
1106,71.24276417583476,14.83341277048588,12.626928128635754,2.2064846418501265
1108,73.64281812569635,15.684423323006444,13.283513212228666,2.4009101107777777
1115,73.98186754239485,13.133899796380884,13.377205171982226,-0.24330537560134147
1116,74.46765239027408,19.087691044796205,13.511445587021386,5.576245457774819
1124,71.37817406973763,11.114486040664431,12.663204521117352,-1.548718480452921
1127,61.91241217920208,5.800297815950603,10.765645309833715,-4.965347493883113
1136,73.55665896739414,17.10715343061343,13.259704233376379,3.847449197237051
1137,71.30016247149315,13.852771171558704,12.642287590450518,1.2104835811081855
1142,67.93215625274296,15.520814475483112,11.80811961038571,3.7126948650974025
1144,69.18746753502431,14.071078691070014,12.09976102072614,1.9713176703438737
1145,67.65991026137215,11.343655493800387,11.74880995518138,-0.4051544613809934
1146,74.60210571155096,19.36407324388585,13.548600038689441,5.81547320519641
1156,61.548592263822414,10.777976328712151,10.70338798438008,0.07458834433207073
1161,71.59584279033723,19.44251410598281,12.721805982115074,6.720708123867736
1163,73.45987090084665,16.420507020666847,13.232958092002054,3.1875489286647927
1164,67.99478400345589,20.800394104190477,11.821977151134876,8.978416953055602
1166,73.9186176898432,23.193163197035616,13.359726886081031,9.833436310954585
1168,71.09885334530017,17.528266890712928,12.588537027384348,4.93972986332858
1169,68.22459070963941,6.649724581817887,11.873488443298564,-5.223763861480677
1174,74.61919228007133,17.95904952586668,13.55332169285337,4.405727833013309
1175,60.82307945673196,12.5438297901033,10.571621734491814,1.9722080556114872
1176,70.05391783796618,15.849197067002745,12.315806170533655,3.53339089646909
1179,67.79889543329979,9.368447038078173,11.778897226129752,-2.4104501880515787
1181,72.75134724754237,20.40383627093888,13.037384975099416,7.366451295839463
1183,70.44100228160943,15.43101924204106,12.415476911026259,3.0155423310148013
1189,66.87887875048887,11.67177396569964,11.587606693361884,0.0841672723377549
1190,62.5583465024884,4.806577569991331,10.87149761464366,-6.064920044652329
1191,68.85146816723753,13.397067002399575,12.018996513179523,1.3780704892200522
1192,67.36754000766408,15.135958833024237,11.686862550249682,3.449096282774555
1193,71.08966622948587,16.783591158736,12.58609211913659,4.197499039599412
1196,69.63194387949723,15.459167335802752,12.20927810916017,3.2498892266425816
1197,58.861535707510605,8.001689144089223,10.143962171248786,-2.142273027159563
1198,62.49269590960999,11.593116208762526,10.860961563120298,0.7321546456422272
1202,72.8191819246235,17.79170733340628,13.05607351499969,4.735633818406589
1203,72.15665573476086,7.7586462245395245,12.874182961674162,-5.115536737134637
1205,63.68307044901567,16.02154932347721,11.047544169706608,4.974005153770602
1208,64.10199976617226,19.167484472739886,11.112439112759473,8.055045359980413
1212,58.212770522843385,13.063454107694822,9.978407694898571,3.0850464127962507
1215,60.00195632931028,3.939377054323234,10.406814594970978,-6.467437540647744
1217,66.08515840106733,12.823128279327657,11.438464118592886,1.3846641607347703
1221,74.9715557039445,14.450194477379128,13.650692807806545,0.7995016695725834
1232,66.78046961422034,8.250113046086716,11.568297008727567,-3.318183962640852
1234,64.4138844879395,13.227601064988889,11.16111272871534,2.066488336273549
1237,64.09704989818931,11.392123965229471,11.111670023585814,0.2804539416436569
1238,72.4856450602537,13.00252589985126,12.96430909786744,0.03821680198382005
1245,65.02788239705666,5.844125692865635,11.258917933898475,-5.41479224103284
1247,61.01313545955775,16.166153691829013,10.607249678152874,5.558904013676139
1248,71.86441839611268,10.129603850021065,12.794552649148951,-2.6649487991278864
1251,59.291085162127686,13.336444964875556,10.247560717654817,3.0888842472207383
1252,72.90279384479551,15.428733862724789,13.079123418797863,2.3496104439269256
1254,73.92862955620907,17.916075776533848,13.362493537000965,4.553582239532883
1261,71.05249111722934,12.049412898257636,12.57620642159605,-0.526793523338414
1262,71.41774226358783,16.188832373585864,12.673831546888282,3.515000826697582
1264,68.08569056926707,12.363167284251135,11.84223063470719,0.5209366495439447
1272,73.42261157087091,17.680398342703715,13.222661992302061,4.457736350401653
1276,64.57477477536294,6.656370757967697,11.186438196331212,-4.530067438363514
1284,61.407925923353424,12.985517675136627,10.678691993734917,2.30682568140171
1291,64.25869172995395,10.1699612763233,11.136834595287725,-0.9668733189644261
1292,71.34318199036127,16.40037972356694,12.653816420922869,3.74656330264407
1294,68.55248839578633,17.202669001473794,11.948720326207273,5.253948675266521
1298,64.69652033721567,9.789291636695296,11.205728879867795,-1.4164372431724992
1299,62.09643692739951,6.311923356748045,10.796346337124607,-4.4844229803765625
1300,62.77937469662983,14.213634670748334,10.906677628692577,3.306957042055757
1307,60.7214581126816,12.281539838463551,10.552213627595735,1.729326210867816
1312,72.1499970706608,10.406678682802433,12.872363708078154,-2.4656850252757216
1313,70.52109273417078,18.123636113277367,12.436312329011972,5.687323784265395
1314,65.7914255896812,13.356585707297608,11.386731938839954,1.9698537684576536
1320,69.61673533398803,14.590724817189605,12.205483424756117,2.385241392433487
1326,73.41803815404718,9.491088233430483,13.221398202013937,-3.7303099685834535
1327,71.36420018065674,10.292843447169371,12.659454312823334,-2.3666108656539624
1328,59.234562208715005,9.920004629667224,10.234227386842031,-0.3142227571748073
1331,68.16606789345585,15.291462794508735,11.86027315357144,3.431189640937296
1332,63.70632413671312,11.467359438557876,11.051140991835661,0.4162184467222154
1334,65.19308972276234,13.670314713871893,11.285882304709558,2.3844324091623346
1341,58.38636901505022,12.711325213418087,10.023691885997222,2.6876333274208655
1347,63.936060056497226,15.851275882672098,11.08669596137722,4.764579921294878
1351,72.16261912926656,12.605748935223044,12.875812435517211,-0.27006350029416737
1367,59.44646382143639,7.7143686565675775,10.283724311625173,-2.5693556550575956
1369,70.83039225138013,11.67488336881512,12.517404534956658,-0.8425211661415375
1371,59.78116763087748,14.11293520362927,10.359084409714855,3.753850793914415
1374,74.76304351001843,14.823309563577016,13.593073136102982,1.2302364274740345
1376,69.19639298813456,16.100201094370714,12.101931019693122,3.998270074677592
1383,68.61707269987424,13.778700404409578,11.963769062662779,1.8149313417467994
1384,66.49004689465919,10.886455988349208,11.512693228173575,-0.6262372398243663
1390,73.3982657908803,11.064403667150934,13.21593447041305,-2.1515308032621157
1393,58.843450848576815,3.8583660055760287,10.139489406525616,-6.281123400949587
1394,68.04357457214758,10.76253543536714,11.832827135505603,-1.0702917001384638
1395,69.17160036860493,10.701478033276471,12.095906383387026,-1.3944283501105552
1397,67.78873335540291,14.918359809985308,11.776683736439251,3.1416760735460567
1398,60.97200494176548,11.010617993799334,10.599611178780428,0.4110068150189061
1402,66.10480381829734,13.96818405608084,11.44198426251495,2.5261997935658904
1416,70.30674573612055,14.688821062157652,12.380709551677405,2.3081115104802468
1417,58.88309470036587,13.916861570992236,10.149282841076836,3.7675787299153995
1420,62.920331631838,17.21582606720652,10.928908800077545,6.286917267128976
1422,58.379447742776975,12.929604832188431,10.021899555871776,2.907705276316655
1426,73.27381682684478,16.329859661260517,13.181548510704918,3.1483111505555996
1427,73.05521380741875,9.086083605703177,13.12117730009702,-4.035093694393844
1428,65.04526228626537,14.880062057996025,11.261739364531987,3.6183226934640373
1430,71.2590059431162,20.391554967233297,12.63127166219548,7.760283305037817
1432,73.94115679221994,12.451486715231404,13.365955278075704,-0.9144685628443003
1445,58.6814565470207,11.351770184846416,10.099045243312045,1.252724941534371
1448,58.715775923039836,7.1253135492847175,10.107669832094942,-2.9823562828102244
1449,65.30650960731185,11.746905769705275,11.304593252353246,0.44231251735202903
1455,71.31695404480685,17.869194349942724,12.646785857497685,5.222408492445039
1457,64.81080500927779,6.446094826552015,11.223952051081328,-4.777857224529313
1463,74.22073501829257,11.831626128306388,13.443213136709517,-1.611587008403129
1465,59.170791652773566,14.684345875210832,10.219072916904524,4.465272958306308
1468,70.14504796007878,13.105336923655496,12.339111768184972,0.7662251554705239
1469,68.53302449733002,16.369836029111028,11.944199641674212,4.425636387436816
1474,59.210418314946814,8.929581016604171,10.228503633375764,-1.298922616771593
1475,73.4101856263475,14.88196021083168,13.219228290191925,1.6627319206397555
1478,71.84236498003429,16.007607005403074,12.788562456981479,3.2190445484215946
1481,71.07561815168265,9.244276099364024,12.582355005647983,-3.3380789062839593
1485,59.07844908776308,11.45231659352062,10.196922632583629,1.255393960936992
1489,71.54842374481379,16.52537533188525,12.70901093470351,3.81636439718174
1490,73.47274497185283,11.180437395548752,13.23651567647051,-2.056078280921758
1494,69.19411843976805,16.249279506972506,12.101377902955731,4.147901604016775
1496,68.91674142749031,16.73781762726307,12.034542231062407,4.703275396200663
1497,73.77875008666217,9.200903705219138,13.321076267018864,-4.120172561799725
1498,67.2362540210125,13.116589797634433,11.659657590374344,1.4569322072600883
1499,59.844231064344086,13.450503918000296,10.37287895461234,3.077624963387956
1500,69.81260601572356,10.974656397161128,12.254598414193302,-1.2799420170321731
1507,62.31864950341749,18.256867928659982,10.832809868039474,7.424058060620508
1508,68.5377127606651,17.834634761364715,11.945287916752141,5.889346844612573
1514,59.67411929587609,9.733356264051954,10.335370267460387,-0.6020140034084331
1519,72.73757652698941,15.686966013144392,13.033592542506188,2.653373470638204
1524,66.54863242878561,8.829687170989205,11.523743304428896,-2.694056133439691
1529,70.09361420372993,16.842140116787164,12.325945598988454,4.516194517798709
1532,66.69324403684017,11.350031594489842,11.551378668441071,-0.2013470739512293
1539,63.58041089502999,13.288312994687209,11.031662977983048,2.2566500167041603
1540,74.53241006971545,13.487258178128092,13.529340541553474,-0.042082363425381075
1541,63.00851556439845,13.474484151127283,10.942748816505487,2.5317353346217963
1542,64.74089194076515,11.793423303380443,11.21279020057467,0.5806331028057734
1546,59.59143234140606,10.137793895213864,10.316800236212758,-0.17900634099889423
1547,74.16591613387935,14.703222306885472,13.428064640769929,1.2751576661155433
1550,64.71031616603844,9.906828337244619,11.207922523015435,-1.3010941857708165
1556,67.46500515172748,13.733100677098331,11.707307109038057,2.0257935680602746
1559,70.45701424113332,19.35654664377221,12.41963681393785,6.936909829834359
1569,70.33990561009773,14.425574794506373,12.389277777983924,2.0362970165224485
1573,60.39189212911269,7.528441700520328,10.48742945170723,-2.9589877511869025
1578,74.39630060769032,20.18661104752346,13.491728436621072,6.694882610902388
1579,70.35504101756781,14.300247937229404,12.393192801777818,1.9070551354515857
1580,63.766036176455394,13.344915705902794,11.060377610815296,2.2845380950874983
1583,73.92464237546989,18.952267161238247,13.361391730718603,5.5908754305196435
1584,67.56185114611267,11.305147803140525,11.727827332146207,-0.4226795290056824
1588,64.07139355723083,16.309828616227428,11.107684973651173,5.202143642576255
1591,60.788307428084174,11.666218215565625,10.565009641461478,1.101208574104147
1592,70.59629970109718,10.787847350949477,12.455939911126576,-1.668092560177099
1602,70.82232229519649,13.320779950581247,12.515276631979226,0.8055033186020211
1605,67.02424561626233,15.894212910535018,11.61655420419643,4.277658706338588
1608,60.97932896257292,8.92366327365077,10.60097419852379,-1.6773109248730194
1611,69.58911676996335,8.203441770372645,12.198600609211399,-3.995158838838753
1615,61.250587573233965,8.308060080883811,10.650612068348236,-2.342551987464425
1616,59.35714523135261,13.948368061037746,10.26302434251484,3.6853437185229065
1617,71.31913525013996,14.1464920076067,12.647370339079446,1.4991216685272537
1619,71.73644125211524,14.715487598804748,12.759831931097638,1.9556556677071093
1620,67.61276793110775,15.968591139571007,11.738696895383141,4.229894244187866
1621,69.42222934612795,19.09599386259929,12.157242348443756,6.938751514155534
1623,70.90513781710294,16.07979704858993,12.53714302282593,3.5426540257640013
1625,65.00678646827971,17.979096327302713,11.25549784427828,6.723598483024434
1628,59.542521210816886,14.310879859279368,10.305713806935863,4.005166052343505
1629,59.37717998228828,3.6783084717623487,10.26768843635923,-6.589379964596881
1630,63.430592163923855,14.120990408208907,11.008465534620715,3.1125248735881925
1648,73.63959287961994,13.68106550928712,13.282621956822503,0.3984435524646166
1649,73.62080829975274,16.919229751337383,13.277431078991057,3.641798672346326
1653,73.46194853476666,15.345391987927623,13.23353221949018,2.1118597684374443
1657,60.21453940800277,17.815761053301873,10.45132348007999,7.364437573221883
1658,71.86894678275175,14.77809643240689,12.79578301000937,1.982313422397521
1659,74.27662204407265,11.228919879117065,13.458656799822467,-2.2297369207054025
1663,61.166957054598896,10.391177782252353,10.635479375054949,-0.24430159280259645
1666,68.75289292687185,18.89395062894251,11.995655425121578,6.898295203820931
1675,62.23475452669307,9.32690403930376,10.819116196703312,-1.4922121573995533
1677,65.83529478262089,9.76418526302668,11.394355185234144,-1.6301699222074628
1683,65.3993519386043,15.096705738495196,11.320040229041593,3.7766655094536024
1693,73.02153664183271,8.63926113570631,13.11188208429247,-4.47262094858616
1697,69.97195283354807,17.34866594353289,12.294932446770272,5.053733496762618
1703,72.03653065379699,14.59734558640196,12.841396329090289,1.7559492573116717
1704,67.51865390085321,8.171127145819163,11.718649379919695,-3.5475222341005317
1705,72.40973829758809,13.70450091860719,12.943475657322626,0.7610252612845638
1708,66.32279917116267,11.216227147359929,11.48159108191833,-0.2653639345584011
1711,58.61989054943184,16.700944630210916,10.083499195330226,6.61744543488069
1713,70.57062145342982,8.456507250858339,12.449231662670329,-3.99272441181199
1714,69.5909677461461,11.049802145497924,12.199061554953918,-1.1492594094559934
1724,61.3953765368686,9.073432018275623,10.676470426241089,-1.6030384079654656
1727,65.67605333576833,7.626379545688312,11.366845413596707,-3.7404658679083944
1731,58.79283414150973,6.747135119154928,10.12692513631206,-3.3797900171571325
1734,71.28247222903246,11.421689262524955,12.637550982746427,-1.215861720221472
1737,71.76736751891038,15.398231122632032,12.768213207872094,2.6300179147599376
1740,63.79438586746623,8.897612042510419,11.06476356331584,-2.1671515208054206
1743,61.411787555232,13.666098205372633,10.67937498605593,2.986723219316703
1745,73.65120846149489,16.417322402340638,13.285831773964029,3.131490628376609
1748,66.995981232574,16.925841015334615,11.610886644204646,5.31495437112997
1751,70.07660990044072,8.464016537618683,12.321599901022859,-3.857583363404176
1752,67.99645404991219,14.029395656382007,11.822347752780326,2.2070479036016817
1764,63.925983969501786,11.81259420992285,11.085135017210026,0.7274591927128231
1768,63.151847703901375,13.21145078994115,10.96514989979695,2.2463008901442
1770,73.70184382199001,17.0570342267674,13.29982420670086,3.7572100200665393
1771,68.46807866900505,17.00258279597671,11.929164689029788,5.073418106946923
1772,63.01499744910004,12.318445878877569,10.943764254901742,1.3746816239758264
1776,68.67089842941616,11.200583811978154,11.976367233313674,-0.7757834213355199
1777,67.9688749583875,13.940632418852674,11.816234774942133,2.124397643910541
1778,74.89684028369999,12.98967729668831,13.6300461592599,-0.6403688625715898
1779,74.12358457384684,22.465127105679443,13.416366856837735,9.048760248841708
1783,73.6602642003838,16.478516018852346,13.288334211313073,3.1901818075392736
1786,72.47452213244316,12.206756695660523,12.961254968844946,-0.7544982731844225
1787,70.12166631859826,14.919389559368192,12.333122472235267,2.5862670871329243
1798,72.18877961394686,16.58466564969381,12.882962662977274,3.701702986716537
1801,71.87541172946563,9.61020954044104,12.797539739640678,-3.1873301991996374
1803,64.32628606632382,8.807951659277489,11.147392876175216,-2.339441216897727
1805,62.97988085765078,8.644485837722401,10.93826000017943,-2.2937741624570283
1807,74.93019244528445,11.935729360451138,13.639262601545191,-1.7035332410940534
1808,58.420645945688726,4.932008679054779,10.032551820626244,-5.100543141571465
1813,70.39820592026865,14.35919689920401,12.404372316735055,1.9548245824689552
1815,60.481359055687896,11.357638583115516,10.5053052133432,0.8523333697723157
1822,58.25371841040501,12.1778111268891,9.989150196504509,2.188660930384591
1823,69.88021298448645,13.893432778634748,12.271670790206416,1.6217619884283323
1833,73.48913923630144,19.465030532226976,13.241046021279434,6.223984510947542
1834,64.09187148340213,10.80423540850454,11.110865513605917,-0.30663010510137667
1837,68.92725765536616,10.635663899801408,12.037053438652052,-1.401389538850644
1845,62.39190809534093,13.529242754647449,10.844699913338918,2.684542841308531
1852,68.97936886377872,17.554339118149347,12.04952413186297,5.504814986286377
1855,72.42955474148954,17.50077310015139,12.948912430565825,4.551860669585567
1857,72.26367038784988,16.798113129106763,12.903449264577207,3.894663864529557
1866,72.90364377759497,19.8166639071496,13.079357802705866,6.737306104443734
1871,70.85632558116926,13.680060427595134,12.524246907000487,1.1558135205946467
1872,72.32875170320567,21.1824574964188,12.92127240042328,8.261185095995518
1876,62.29487327971461,7.806785278987903,10.82893759714925,-3.022152318161348
1877,72.98068689503006,11.76429908573922,13.100609626269707,-1.3363105405304871
1879,69.98642941360404,9.628374558549314,12.298612990556125,-2.67023843200681
1880,69.24330092703798,10.21039104887697,12.113355789440607,-1.9029647405636378
1886,71.92761554796999,8.240033515948777,12.811733928141525,-4.571700412192747
1890,64.8792257976736,14.313862121014328,11.2349205698642,3.0789415511501286
1894,70.76059735132841,13.042951625246303,12.499021722750218,0.5439299024960853
1895,61.60794198568884,16.026274491968667,10.713698007306382,5.312576484662285
1897,62.65799902003644,4.24022977005086,10.887411757094844,-6.647181987043984
1898,74.38300420504169,16.859646295405927,13.488054146206553,3.3715921491993743
1904,64.16885317667716,13.112933705155982,11.122835251543671,1.99009845361231
1907,71.87707497095796,14.8676598257258,12.7979917338493,2.069668091876501
1915,72.14237264175128,12.789668066323111,12.870280852433638,-0.08061278611052636
1916,71.76640907621884,11.647557219770036,12.767953372671283,-1.1203961529012467
1920,72.44029077626406,15.429579383274998,12.951858551963639,2.477720831311359
1921,66.33367125089684,14.753819447412168,11.48359347232582,3.2702259750863476
1922,70.73624185879216,12.998210827783538,12.492618111932225,0.5055927158513125
1930,74.52072431936372,16.43981558096035,13.526111334252944,2.9137042467074057
1935,66.37221904164001,11.754119069488205,11.490714555335618,0.2634045141525867
1938,64.36684452816195,8.204771065127936,11.153739755588829,-2.9489686904608927
1939,64.8866556369886,12.18490349205706,11.236114436261822,0.9487890557952383
1949,73.18557259748563,8.645037385160812,13.15717216229533,-4.512134777134518
1954,72.56155980770694,10.982166081855487,12.985165232754055,-2.0029991508985674
1957,73.39155969372747,9.847562864745523,13.214081382248969,-3.3665185175034456
1959,71.5878186346903,12.915433978900491,12.719639744688186,0.1957942342123058
1964,66.63529411909339,13.700298670349303,11.540242217298488,2.1600564530508155
1966,58.51605385704514,14.043633119799246,10.057067235716072,3.9865658840831735
1967,71.52215916765167,10.465996259107518,12.701930703354607,-2.235934444247089
1971,65.72549226664725,17.304503800280255,11.375338891034204,5.929164909246051
1973,65.49284418608275,7.561268140928725,11.335721657094027,-3.774453516165302
1974,66.32570028119028,15.408445496847545,11.482125141654107,3.926320355193438
1976,71.80895550162845,11.267945636781878,12.779493188668939,-1.5115475518870607
1978,64.30341501884558,11.994194803674043,11.143817785415228,0.8503770182588148
1984,62.3979942588861,7.223883995386848,10.84568499218997,-3.6218009968031213
1989,65.22809238911418,12.456687140732528,11.291638645616256,1.165048495116272
1993,71.55133015843211,9.84422016838513,12.709794723230834,-2.865574554845704
1994,61.707717641426896,13.265450531599184,10.730890745967852,2.534559785631332
1996,63.473272517679206,7.990505297733389,11.015077900050954,-3.0245726023175656
1997,73.10958779251112,10.148254579456978,13.136188524376026,-2.987933944919048
2000,60.98579721846083,9.832773973691667,10.602176928179578,-0.7694029544879104
