baseline_decile,x,n,y_mean,z_mean,z_sd
1,0,135,46.527066758023885,6.848185559045294,3.3788268248265263
1,1,65,46.64855727829511,7.417808458564141,3.470650258868891
2,0,144,49.72910023876269,7.215869129605299,3.6920095150036114
2,1,56,49.799079455646044,7.987814148369952,4.123482229117024
3,0,144,52.715330605298426,8.146699159453986,3.9674901663690396
3,1,56,52.66777569433255,9.756178033529553,4.046884809997346
4,0,118,55.77561990012283,8.594027879811401,3.54413032401729
4,1,82,55.82505139074923,9.940313823108815,3.7348198366747862
5,0,141,58.70464234124824,9.522859374090368,3.640525295045989
5,1,59,58.538395334561095,10.868629936422264,3.5780362864645765
6,0,155,61.587443683328665,10.049611152448106,3.5851000999747202
6,1,45,61.87272689636104,11.156959608689387,3.7841670889953627
7,0,139,64.701042209094,11.892623496493304,3.880487200535471
7,1,61,64.72050811799225,11.932125180262949,4.0090979157104725
8,0,136,67.54039422775575,11.951040293580999,3.4430317730102895
8,1,64,67.60620418441108,13.024253763316068,3.4684057967522652
9,0,140,70.4553785575571,12.17724373314933,3.7190047514372844
9,1,60,70.50281833535873,14.114266183915673,4.100318953233417
10,0,148,73.67798329866805,13.225083114443368,3.7548748712055025
10,1,52,73.4829662058123,15.771108784375032,4.057839995711752
