input_row_1_based,y,observed_z,estimated_z_without_Q,observed_minus_estimated_without_Q
2,63.042411829616015,15.25399432292168,10.506549146169368,4.747445176752311
3,67.98079760121834,11.181130814100534,12.179017933450517,-0.9978871193499828
7,63.46343451134998,11.181239047738137,10.521683471020859,0.6595555767172776
8,68.50796442145415,16.997953765824956,12.402382002982991,4.595571762841965
11,62.94087466575129,13.586067155545678,10.505331600604901,3.0807355549407767
13,62.421083901526096,14.312523514310572,10.51012143337558,3.802402080934991
14,57.854909710098894,12.874906291723711,10.13935817964187,2.7355481120818403
20,68.74501247011705,5.498609515463258,12.487913454817111,-6.989303939353853
22,69.97293308455565,16.4369570001813,12.716243464671546,3.7207135355097556
23,71.24744205714006,19.601062062570985,12.530186151832783,7.070875910738202
26,71.04136200648841,9.228758650639682,12.57640613786866,-3.3476474872289774
27,73.25951099728432,13.8100711391736,12.382958395885247,1.4271127432883528
28,68.33800352907393,16.755360117517117,12.334904483428094,4.4204556340890235
46,63.59918758911558,9.59121100934744,10.530587390210385,-0.9393763808629458
47,67.16999160982314,8.188058089889573,11.778003682630402,-3.589945592740829
49,74.66899378939631,16.341996930415263,13.361085822367727,2.980911108047536
51,67.0176189206536,10.671164166251565,11.698938160167408,-1.0277739939158437
59,59.29548669717904,4.746335837664351,10.453356034408243,-5.707020196743891
64,65.1026238065675,7.901781506715879,10.817417668115375,-2.9156361613994966
72,57.645552653538864,8.54568183279287,10.079669025654841,-1.5339871928619715
73,71.9750593067103,10.421919957623588,12.375731180679956,-1.953811223056368
75,74.00477434571715,14.607152447001264,12.730428964881295,1.876723482119969
76,61.19797234475213,16.963133865848622,10.549969342626941,6.413164523221681
81,68.1563639757623,10.14182302631632,12.257809989446844,-2.115986963130524
87,69.77723610915183,11.635572247080392,12.708738688821313,-1.0731664417409217
96,72.13435382572113,9.752134922373767,12.350377685836348,-2.598242763462581
105,65.74209870289363,13.451558435289886,11.066998529506751,2.384559905783135
107,68.41717250631027,18.12534748145924,12.366931410116775,5.758416071342465
112,66.44100430813634,8.746037921670679,11.401173334113036,-2.655135412442357
113,72.39699639153503,12.258984604837632,12.320692891351692,-0.06170828651405991
114,66.31260112098178,6.608828423002777,11.336619985202269,-4.727791562199492
115,64.30423369895365,13.495940929457236,10.616796199527395,2.879144729929841
120,60.54602715629685,15.58436891052831,10.554701227611368,5.029667682916942
121,72.13362941179417,15.225526913184275,12.350481725300973,2.875045187883302
131,74.73107183416855,18.56638256127048,13.438339639023624,5.1280429222468555
132,61.19656648003476,10.41434843474532,10.550004480755241,-0.1356560460099221
136,73.79410974553434,13.038789935616483,12.597836966669913,0.4409529689465703
145,67.85237721573539,7.05242972857247,12.119075997603417,-5.066646269030947
150,74.48077388685687,21.692381480266206,13.146952580673519,8.545428899592688
153,69.29496519468154,6.964526030251329,12.640144171442685,-5.675618141191356
157,64.34323274649782,14.253386725560052,10.62380789411689,3.629578831443162
161,72.02632200202184,14.85557860699376,12.367054911732371,2.4885236952613887
164,67.64905557795106,10.322728642746016,12.02082124885236,-1.6980926061063446
165,65.40306029589023,11.161787965399592,10.926021430709323,0.23576653469026887
167,65.3852508127076,8.375490250111243,10.919122484255695,-2.543632234144452
169,70.28712726309942,11.33331739956069,12.702278763158002,-1.3689613635973128
170,68.94890247698517,14.17800463151506,12.552462803287074,1.6255418282279859
171,74.3283903022879,16.770856224159715,12.99483379450829,3.776022429651425
176,71.40752808200472,11.59213773664248,12.493604200400869,-0.9014664637583891
177,73.53749889971257,16.23750838085885,12.474356644567619,3.7631517362912295
182,72.01736491840322,19.271601415656647,12.368537423699077,6.90306399195757
183,67.29603806608914,13.88971032257616,11.842970212820376,2.0467401097557847
186,71.1596861551737,12.542829981975991,12.550098950685097,-0.00726896870910565
188,73.58404428156065,7.129311941150833,12.493830060552444,-5.364518119401611
194,74.00426747081907,16.404410348920887,12.730074014008432,3.6743363349124554
203,64.85707381353161,14.166468344563016,10.742167030725836,3.42430131383718
204,73.98681613295113,21.28641542123912,12.71796160016663,8.56845382107249
206,72.21802665805204,22.448421504999253,12.339126677488451,10.109294827510801
212,74.90880765263763,17.327640551041924,13.678495091948864,3.6491454590930594
215,58.398793378528495,8.974840216077482,10.279134213496445,-1.304293997418963
216,65.02437725749677,8.870510145915198,10.792045737345159,-1.9215355914299614
219,62.44777588671215,8.183420931756245,10.509514195564666,-2.3260932638084206
221,69.21532770394214,10.394502236126405,12.622591354872698,-2.2280891187462935
224,73.48198300648899,13.114742717248443,12.452748576026233,0.6619941412222108
226,61.57781513451858,16.63168248920855,10.538206362382779,6.093476126825772
228,62.53957084882886,9.885765982439969,10.50767537770739,-0.6219093952674211
235,58.89876030581152,8.173088870518711,10.385686809129027,-2.2125979386103154
238,71.68425367722294,8.592703285413739,12.43231476519572,-3.839611479781981
239,66.1786692308614,15.56197474545322,11.270516629165732,4.2914581162874885
241,62.212363818729926,11.68064328409592,10.515816259385828,1.1648270247100925
250,74.02928099587305,15.800960879565904,12.747803246344521,3.0531576332213834
251,74.19847444654714,18.260548902147367,12.87941286299658,5.381136039150787
263,72.92615983864094,9.39913465218728,12.323846931164267,-2.924712278976987
265,65.64083395099172,5.208636243817025,11.023086762807942,-5.814450518990918
266,72.18773644505843,9.597265605900049,12.343020473510864,-2.745754867610815
269,58.967914623248085,15.74710179207868,10.398605827816535,5.3484959642621455
273,64.34569758911384,13.45386631239775,10.624259809566869,2.829606502830881
274,68.70614451647631,10.953509485675273,12.474627017788373,-1.5211175321131005
276,65.50300185816985,13.458525768516376,10.96572654160622,2.492799226910156
280,64.67214742703372,11.397372416822922,10.693757575282405,0.7036148415405172
282,64.21307428157759,8.594241229980284,10.601405583209932,-2.0071643532296477
286,63.92796494181549,9.871717256846692,10.56180241825458,-0.6900851614078878
289,64.67343172427933,8.5528296217347,10.69407035884757,-2.14124073711287
290,60.721939959979125,12.644905964660792,10.556154064271755,2.0887519003890365
296,57.68890738972004,11.723020284842852,10.09227913486152,1.630741149981331
300,73.0200506559824,17.098995523353352,12.335426445152043,4.763569078201309
302,57.35599040912017,11.708605057190208,9.992287973196028,1.7163170839941806
303,70.33999885706426,14.161962425633432,12.697119200750041,1.4648432248833902
304,60.41032947770803,19.048078918417428,10.551827955727369,8.496250962690059
308,68.13704970577054,9.797044320406831,12.249336425746431,-2.4522921053396
310,67.52111272178908,15.511030511726068,11.957249715776321,3.5537807959497467
312,66.77582862427532,11.672618196994136,11.57320634800404,0.09941184899009592
317,69.91790268096327,10.127876770404471,12.715408980415631,-2.58753221001116
318,74.73878365328336,13.867293037121154,13.448172305760611,0.4191207313605432
327,59.714081967137176,15.164147179787172,10.506871861783628,4.657275318003544
333,72.0088519268708,14.070359751292605,12.369959790830869,1.700399960461736
334,68.37579722865577,12.05860508479897,12.35031919068383,-0.2917141058848607
341,64.75528235189955,12.799316483800371,10.714672427683515,2.084644056116856
345,57.80633056153254,16.73421355369474,10.125782004553038,6.608431549141702
352,73.28491966943287,10.532961602243164,12.389623327654357,-1.8566617254111932
372,58.285180802996486,10.611717937343172,10.251878174292433,0.35983976305073995
378,58.19360968573665,13.10161914080866,10.22913961499598,2.8724795258126807
380,67.80984897846443,10.317530655408095,12.098842357615126,-1.7813117022070308
383,66.88523430458574,13.272026043225868,11.630061638866056,1.6419644043598112
390,60.67582737518004,8.16898199176758,10.556003447577607,-2.387021455810027
391,69.18248861675906,17.34719180582513,12.614880328874063,4.732311476951066
392,69.10490257624289,15.7308816742093,12.595595342431137,3.135286331778163
393,71.26870316781964,10.218370036006846,12.52533293036117,-2.3069628943543243
394,60.51832286534913,16.015124773502624,10.554245463793553,5.460879309709071
396,74.90743594355823,13.943321911184183,13.676531497870853,0.26679041331333053
397,61.38683961331087,16.642847943874646,10.544608573343105,6.098239370531541
399,67.52432799247676,15.092389245678822,11.958861349454565,3.1335278962242565
400,64.23735607282835,5.200197989530041,10.605370320093538,-5.405172330563497
407,65.47854250054174,11.110477858620293,10.955857097729227,0.15462076089106525
408,60.59224697488654,15.1153065463082,10.555319144290532,4.5599874020176685
409,74.16810532862065,13.354010693231448,12.854260468122792,0.49975022510865585
417,60.29702117872304,8.336504524690909,10.548124651257826,-2.211620126566917
424,64.60974698216754,16.320932256833867,10.678943787222313,5.6419884696115545
427,57.3597559669068,11.987641557226636,9.993458240844184,1.9941833163824523
434,73.02128915762663,15.932160780349506,12.33560454788421,3.5965562324652964
435,67.85484778467014,9.604882856403774,12.120245822719099,-2.5153629663153243
437,67.84151475891085,8.662900495400542,12.113925201195599,-3.4510247057950565
438,57.43494258270555,11.901329919253522,10.016642396904338,1.884687522349184
441,61.81499012372295,8.20315957334711,10.529585300096269,-2.326425726749159
449,74.80725008450986,12.729194290201283,13.537781997518392,-0.808587707317109
451,69.95512376693237,8.439746508504172,12.716084855203325,-4.276338346699154
452,70.78817321717473,11.213817117055973,12.628748899858008,-1.4149317828020358
454,74.9754398432263,14.1345848451104,13.775989497783907,0.35859534732649223
455,69.12812501850198,13.479714931070673,12.60152272468483,0.8781922063858421
456,73.84548806298217,16.67720206210235,12.627470352261742,4.049731709840607
459,73.68057495047475,18.72223630275334,12.538278968433296,6.183957334320045
464,71.90032264467071,14.256312581252208,12.389165135086117,1.8671474461660917
465,73.66988455160218,13.395040327138927,12.533081242608603,0.8619590845303247
466,68.50865343431519,14.334730849259447,12.40264561326627,1.9320852359931777
469,68.61204260813919,20.6676504897768,12.44123682826994,8.22641366150686
471,69.94433478549296,13.203962695175406,12.715936740221295,0.48802595495411083
475,65.0065471324357,8.021549513467324,10.786445270547393,-2.764895757080069
478,58.869722426906726,10.38110583731593,10.38012527839404,0.0009805589218903066
487,59.27183495944273,7.823691799521997,10.44976947203514,-2.6260776725131425
491,63.19142776000498,13.447908119656985,10.509933495493515,2.93797462416347
492,60.054757096730825,19.21342760193151,10.535749503034005,8.677678098897506
495,64.49055362076243,17.65250151922276,10.652691739870626,6.999809779352134
497,59.70497686797636,13.964461568579871,10.505914486348736,3.458547082231135
498,72.94872763752363,9.445449143797767,12.326288785622124,-2.880839641824357
499,71.70982377116852,14.752446532047085,12.426929718349099,2.325516813697986
504,65.78459649936599,14.55709246761292,11.085841455668305,3.4712510119446147
509,69.29934489833494,9.43765325689235,12.641061575677872,-3.203408318785522
512,59.60148607448016,12.156353957490674,10.494373374916986,1.6619805825736886
514,65.30885802833274,3.735199950731508,10.890161394636518,-7.154961443905011
518,63.32133706925531,14.75819052394688,10.514589168017473,4.243601355929407
522,71.04524081997705,6.282138110834239,12.575557482421628,-6.2934193715873885
532,74.0068621108968,12.629335274620152,12.731892847184797,-0.10255757256464548
534,71.00793662959722,14.908958829223405,12.583672661722998,2.3252861675004066
535,63.41130010776057,12.618634325690136,10.518826128231819,2.0998081974583176
539,65.76447335815564,20.591786909128505,11.076889629249926,9.514897279878578
541,59.81738381092576,9.365898800410728,10.517067289799822,-1.1511684893890948
552,68.79445901561172,13.757188972914236,12.504374439542502,1.2528145333717333
555,62.80644260603326,12.260769223177924,10.504939637914667,1.7558295852632568
559,71.26706762176771,22.003738229936545,12.525706523486145,9.4780317064504
562,63.668715651826254,14.710164845437808,10.53600799287205,4.174156852565758
565,67.27837691726751,19.533528421034426,11.833900554596626,7.699627866437799
567,72.18638664986456,14.94440255889582,12.343198816692482,2.6012037422033387
570,67.29073381543884,13.195762678739577,11.84024756663569,1.3555151121038875
571,57.43194719931046,11.58039471447634,10.015725465528226,1.564669248948114
572,69.36216501371695,22.09472959463669,12.65365901545194,9.44107057918475
575,65.8256633363472,13.681091757436652,11.104270913858,2.576820843578652
576,61.769350949722075,5.0928468834554925,10.531264347214838,-5.438417463759346
581,73.73935773385804,13.144636508354706,12.568111362276355,0.5765251460783514
589,68.75187244216012,13.559472704628435,12.49022696232382,1.0692457423046147
593,68.79889976297837,11.412637595294816,12.505828173171317,-1.0931905778765003
595,61.25775970777157,17.701541079573577,10.548404533360884,7.153136546212693
596,73.22085678192617,11.713694153298531,12.373437028811285,-0.6597428755127535
598,71.519110246156,13.736309318553593,12.468378783767776,1.2679305347858172
599,72.27450228283561,16.551912480070026,12.332439228402215,4.219473251667811
607,63.76143640627414,10.330688245122086,10.544193933284408,-0.2135056881623214
608,60.11211323108656,14.28454923410082,10.539263611674528,3.7452856224262927
610,74.82088773759327,9.367067059093936,13.556132251151707,-4.189065192057772
611,64.31056292231041,13.070603005712565,10.617916502404636,2.4526865033079286
612,61.84545413150288,8.830311285199635,10.528466179695494,-1.6981548944958593
619,74.97566682818609,9.69923446307508,13.776328729981074,-4.077094266905995
622,69.62816134603972,17.047614175575948,12.694827690230369,4.352786485345579
623,73.28097206481286,12.08880686675514,12.38856647202943,-0.29975960527428924
626,70.38026667214078,6.747623974826418,12.692712331901193,-5.945088357074775
627,68.47479224087579,13.334240014407015,12.389592798552751,0.944647215854264
632,59.75812219252308,15.39228781337019,10.511368752459724,4.8809190609104665
639,71.47971525856829,12.06017760338033,12.47723081739005,-0.4170532140097194
640,57.690368863870944,10.008861905890331,10.092701988641835,-0.08384008275150379
641,73.59450111967656,8.019580330438313,12.498378077235149,-4.478797746796836
643,74.67457097936462,12.287431083188435,13.367889359369665,-1.0804582761812291
648,69.54476841520184,19.197215562638707,12.68410960181124,6.513105960827467
650,58.79054356133582,10.986028599463214,10.364554908222845,0.6214736912403698
656,73.42903459566051,19.492182688961964,12.433741902356132,7.058440786605832
658,74.07745119352755,10.195453951782929,12.783181174029872,-2.5877272222469436
680,64.1558504198731,12.977926621372442,10.592441453646593,2.3854851677258484
681,65.51879800968169,12.777583545802823,10.972151382507764,1.805432163295059
690,60.192251016975945,16.081784975186757,10.543553508793448,5.538231466393309
691,70.2850234432955,14.340598571539063,12.702468876010384,1.6381296955286793
694,70.43671992632065,19.16753089449628,12.685874456583868,6.481656437912413
697,68.9981257117199,11.393924750192484,12.56668292607522,-1.172758175882736
704,74.33264258058267,10.94737450375445,12.998829974625579,-2.0514554708711294
709,58.661529284532335,8.894275029602996,10.337937338881355,-1.4436623092783591
711,62.56291732691683,7.16030291362285,10.507273654509103,-3.3469707408862526
714,61.492289266769134,11.485906889326085,10.541165721094064,0.9447411682320208
719,71.93153605959441,12.025649625563034,12.38344684443865,-0.357797218875616
728,59.9583822559423,14.4311759412828,10.52897332301593,3.9022026182668714
731,64.03635212569239,11.806402667006497,10.575392160097518,1.2310105069089783
733,66.27356843449125,6.230226066117617,11.317213867701101,-5.086987801583484
734,63.596570986741256,6.759104955841923,10.53039505367478,-3.771290097832858
735,71.22474557236104,20.093336098108367,12.53535740283933,7.557978695269037
742,64.36415268223996,12.930174297880232,10.62767679399623,2.302497503884002
743,73.38556243270483,17.685507582958103,12.419278769238982,5.26622881371912
745,66.86786194280721,10.687705588943658,11.621025237535472,-0.933319648591814
747,68.890298965576,8.741930501316336,12.534824219088469,-3.7928937177721327
752,71.92723258562704,10.502937977549434,12.384226300484594,-1.8812883229351591
754,67.16749087546432,13.745866071392536,11.776709848046183,1.9691562233463529
758,58.796931152611215,14.03078250792745,10.36583284158989,3.6649496663375594
770,74.51934026458042,11.054808852400466,13.188418808659886,-2.13360995625942
772,59.6048160908104,10.210035803858394,10.494763468094398,-0.28472766423600326
776,59.55153241812217,8.033274392796384,10.488373598780232,-2.4550992059838475
777,65.40552752340744,4.910139180255827,10.926981473078486,-6.016842292822659
782,62.27390864527576,14.068905836373236,10.51398025451227,3.5549255818609673
783,63.359239236270895,13.801673619537848,10.516269472515392,3.285404147022456
784,69.91151051734293,13.379276639087443,12.715246355254397,0.6640302838330463
792,68.7865547326851,17.227987207479394,12.501776763338311,4.726210444141083
793,61.202127966869526,5.193353320143322,10.549865017456764,-5.356511697313442
802,58.15734972724206,15.5906567054897,10.219949862441045,5.370706843048655
804,60.511071877716496,7.9948909433326385,10.554115379582754,-2.5592244362501155
805,70.91971794317229,13.885299931199995,12.60239113501165,1.2829087961883445
806,62.01909765274047,7.209331641302239,10.522211747246871,-3.3128801059446324
808,63.637441518735535,10.7531522764446,10.533495321791058,0.2196569546535425
811,60.85946732796262,4.833978096785728,10.555720801559119,-5.721742704773391
818,57.67415991944279,10.192641050742631,10.08800403371847,0.10463701702416195
821,72.77194671901037,13.52377294711538,12.312652614696741,1.2111203324186377
828,61.54727324255971,4.7338327424762525,10.53927731344681,-5.8054445709705575
838,70.10395586719774,17.570825875042203,12.714137854369687,4.856688020672516
850,74.63964371804407,12.809369971284234,13.325723946267429,-0.5163539749831951
853,66.95771969301393,12.417839238678395,11.66777792881649,0.7500613098619056
855,60.088629335363485,11.378957627427608,10.537870480877856,0.8410871465497518
859,57.79972529150616,7.8759760620433426,10.123923059899225,-2.247946997855882
863,65.58555353363853,14.277015880339414,10.999734461906467,3.2772814184329473
864,70.80956779783935,16.17818396312467,12.62460881720822,3.553575145916451
874,61.94052798130895,8.348937480088193,10.52500495469529,-2.1760674746070983
877,58.993380524244074,3.1966049775731302,10.403246462477144,-7.206641484904013
881,65.42883277965569,15.114139229999273,10.936101109253082,4.178038120746191
887,59.30110867004291,8.636289229611346,10.454199954363947,-1.8179107247526005
889,67.6462316364945,15.191320546039524,12.019431283073569,3.171889262965955
894,65.68501713102299,7.992746094280298,11.042070293402485,-3.0493241991221876
895,73.18366230877545,17.83009130293848,12.364966993397477,5.465124309541004
896,61.06037860571927,6.991493799247316,10.553005777908709,-3.561511978661393
910,61.11224984867504,10.258388036088046,10.551960818407778,-0.29357278231973183
911,67.27189411197803,14.12206880783042,11.830568380543262,2.2915004272871577
913,72.426744416323,11.642799012985703,12.318450808883256,-0.6756517958975525
916,59.21082467968488,13.600425775031963,10.440249710608372,3.1601760644235917
920,63.499325565508826,8.923865758977831,10.52382831211342,-1.5999625531355885
921,72.3209730116352,17.935706405497648,12.327522815347399,5.608183590150249
923,71.38087012585575,20.9479169218522,12.499685082707408,8.448231839144793
927,66.88774904413216,11.192755128633934,11.631369864566448,-0.4386147359325143
928,70.19882975841084,18.6529507338264,12.709211914359019,5.943738819467383
931,68.31020008203544,13.265836835764546,12.32342148254424,0.942415353220305
936,70.82183679714271,12.241099375327918,12.622207170403035,-0.38110779507511694
937,64.05605180035249,12.357895337207458,10.578050776062774,1.7798445611446834
939,71.20993668500087,13.062132979378584,12.53872475477448,0.5234082246041041
944,62.74826568911836,11.89144276633469,10.505163938892874,1.3862788274418154
945,62.14710614545625,5.639062336527223,10.517880782024793,-4.87881844549757
946,65.15963297018271,12.2265695089644,10.836696271292325,1.3898732376720755
951,73.62205241549512,22.070353719354245,12.51066900862002,9.559684710734224
954,67.10977259359353,12.893946654849788,11.74680638826846,1.147140266581328
956,68.37365779010406,21.059789068995848,12.349452659105527,8.71033640989032
958,68.93296511550398,14.240668396629252,12.54774137530089,1.6929270213283623
961,61.36915638323846,4.574076593884644,10.545158549447514,-5.97108195556287
966,61.601754308147335,9.423101055664729,10.537357555543714,-1.1142564998789855
981,62.471615571729615,15.357871252120516,10.508998561414382,4.848872690706134
989,61.75274894095354,9.909480095749151,10.53187478237587,-0.622394686626718
992,70.53238449947534,15.502402879022128,12.67264941876118,2.8297534602609478
997,72.57891013527626,10.176238147745504,12.311076479237366,-2.1348383314918618
1002,60.86180740060416,13.667553664831528,10.555702677074757,3.111850987756771
1003,66.35273909926221,11.304563228981676,11.356686434871584,-0.05212320588990771
1007,73.99349615807763,19.181924213625816,12.722573164025,6.459351049600816
1011,69.56072683203061,17.494868339078433,12.686319316499123,4.80854902257931
1012,70.03029466810952,8.01691971109689,12.716022441328224,-4.699102730231335
1014,68.05267367190264,12.348777513076096,12.211743531465931,0.13703398161016445
1015,67.35730276959032,13.50425106415942,11.874331189097624,1.6299198750617947
1016,66.12735475464122,15.979465129547291,11.245578013723925,4.733887115823366
1023,62.38571271804467,8.389883582431452,10.510972683934188,-2.1210891015027364
1024,59.5272112290736,9.588955552837856,10.485352554481288,-0.8963970016434324
1027,74.58437382462793,17.750649875969657,13.261130878533082,4.489518997436575
1032,68.98653731875876,10.761324823922742,12.563384836606824,-1.8020600126840822
1033,64.86744938940231,7.71222375039824,10.745088716649033,-3.0328649662507923
1036,70.42128168013281,14.701236925619057,12.687818694248111,2.013418231370945
1039,70.18524309307735,19.95928904970561,12.710082567851387,7.249206481854223
1041,67.68732912634175,13.462609221711068,12.03959625059473,1.4230129711163375
1046,68.80092558956858,10.268013497716089,12.506489991612586,-2.2384764938964974
1049,67.97397979406827,16.673926181116144,12.17588184101889,4.498044340097254
1050,65.99467599143395,16.110201463744456,11.18223791966154,4.927963544082916
1054,67.69272749243818,13.910170857484228,12.042234680083832,1.8679361774003969
1057,58.341628519918565,3.5001827319954315,10.265554267185227,-6.765371535189795
1059,70.43234268088878,21.583745227621,12.686431283024321,8.89731394459668
1062,72.60368869132438,16.192875596586113,12.310563134531922,3.882312462054191
1063,72.50235369534339,11.706961359379164,12.31390420412691,-0.6069428447477456
1064,62.30693795640924,11.385524311552873,10.513044986798953,0.87247932475392
1065,68.10030770576532,16.788285202550846,12.23307967724844,4.555205525302405
1069,57.49798714668095,10.235382390001488,10.035809925310883,0.19957246469060586
1072,70.02112053058063,10.22093965240121,12.716132593061099,-2.495192940659889
1076,61.7033119455011,10.176936755645402,10.53368732853879,-0.35675057289338774
1077,58.06254865431521,8.442139469659443,10.195435681815614,-1.7532962121561706
1079,73.77184537265533,15.249895228853248,12.585520897551683,2.6643743313015644
1080,67.04640785964311,7.5790833746562285,11.713904532641033,-4.134821157984804
1082,67.85833696026273,14.97840324097642,12.121896896960802,2.8565063440156173
1087,58.31989692458843,11.491765099591412,10.260320287222651,1.2314448123687605
1089,60.18725292241144,8.38947256157456,10.54330652639938,-2.1538339648248197
1091,61.45933736010342,11.899726350463636,10.542269182612184,1.357457167851452
1098,64.68278239076729,15.787692365725276,10.696357340749447,5.0913350249758285
1107,68.27205229386757,9.605715657513713,12.307473849648261,-2.701758192134548
1108,67.68887691045383,17.426931235993823,12.040352974093487,5.386578261900336
1111,64.9149108838429,17.242384982514668,10.758739529612681,6.483645452901987
1115,63.579389220059326,12.322802208694894,10.529152758975975,1.7936494497189184
1120,61.38192006133136,6.078704137745053,10.544762446215934,-4.466058308470881
1121,71.32160510749995,20.686570570606968,12.513235655570826,8.173334915036142
1122,66.59991078939372,12.602211572201218,11.48230157825958,1.1199099939416381
1124,60.44465826096511,13.837587461637362,10.552709906903857,3.284877554733505
1131,67.17418491044154,11.678217796264867,11.780172854970523,-0.10195505870565569
1132,73.15332212537551,9.234460685726514,12.358550907553404,-3.12409022182689
1134,66.28309449942473,17.979220104024524,11.32193983356479,6.657280270459735
1135,64.52380299222379,16.89299980747674,10.659749702671665,6.233250104805077
1136,64.95723488234896,18.160467441309983,10.771312909709344,7.389154531600639
1142,66.86742100484857,12.214373738996509,11.62079590746244,0.5935778315340681
1144,58.977986511324715,10.00695311184542,10.400448780742172,-0.3934956688967528
1146,73.7025797531822,13.428011756084963,12.549197225766479,0.8788145303184844
1149,69.70439374572815,14.674748030431704,12.702798908265216,1.9719491221664889
1150,70.83667410759875,11.002494070788025,12.619276875583278,-1.6167828047952533
1152,67.38043952492087,15.99893618186814,11.8861303429059,4.11280583896224
1159,64.24685702056641,15.659726028384725,10.606948074423599,5.052777953961126
1161,64.53826351712374,15.349586732098818,10.662882746513976,4.686703985584842
1167,58.825990801102776,16.35537478648476,10.371598475573933,5.983776310910827
1168,62.48169026423496,11.759822055301594,10.508788463182853,1.2510335921187412
1170,61.334483216694885,2.9102262269327857,10.546210902452785,-7.63598467552
1172,68.22955831401575,15.665968797318191,12.289454217679877,3.3765145796383145
1173,73.74003149096464,16.46769079974703,12.568465696693744,3.8992251030532845
1177,73.57500967283246,11.62010013127268,12.489952052784895,-0.8698519215122147
1181,74.67194449787395,11.659908999751568,13.364681999528557,-1.7047729997769885
1188,60.36977552922375,15.140223630538507,10.550644731293273,4.589578899245234
1189,72.4805182738539,15.097859862271484,12.315043208608854,2.78281665366263
1190,71.33195706367582,6.732632028116726,12.51086723319116,-5.778235205074434
1195,66.60513967273876,13.619583329234134,11.484989767717838,2.1345935615162954
1196,59.96886207495488,9.715314659087635,10.529764100186991,-0.8144494410993559
1200,62.844806705305935,9.11630946298746,10.504917931544638,-1.3886084685571785
1204,63.04452518864519,11.095740820980046,10.506583498490604,0.5891573224894415
1212,71.60904142091943,19.154029081987165,12.448492997442516,6.705536084544649
1213,74.27214730425318,16.039939757968572,12.943290975026292,3.09664878294228
1215,58.210186742869794,11.703407627990124,10.23330604906305,1.4701015789270748
1216,71.68318434403109,11.17492220333878,12.432541329403445,-1.2576191260646663
1224,67.74640240953407,18.346048120513416,12.068331516460365,6.277716604053051
1229,70.35120908197256,17.039362165008235,12.69593291882388,4.343429246184355
1232,65.56553871489923,9.539683935099362,10.991392301318886,-1.451708366219524
1235,74.15244563342442,18.80336376281405,12.841556038417464,5.9618077243965875
1236,73.3275874292217,20.19541040615083,12.401553717263464,7.793856688887367
1238,73.21904338013235,12.337660662662667,12.373008454812732,-0.03534779215006445
1240,67.88075161417851,11.365205699074734,12.132473428948357,-0.7672677298736232
1241,65.06639669552897,13.16594413467605,10.805511603538768,2.360432531137281
1244,66.85967686707582,12.52696806674707,11.616768468850157,0.9101995978969128
1250,71.1522343055534,13.188229721950416,12.551777476846603,0.636452245103813
1259,62.79730577742368,11.113021449777769,10.50495983578006,0.6080616139977089
1266,73.67402220089697,15.721793499307608,12.53508475321533,3.186708746092279
1267,68.17660258300808,8.874339229410062,12.266634584756634,-3.3922953553465724
1271,74.58520707076207,20.123180310160457,13.262085468158425,6.861094842002032
1275,60.020781847538686,14.35226023220384,10.533487316650325,3.818772915553515
1277,59.988121631598666,8.282903251564113,10.531183034215907,-2.248279782651794
1280,61.25847483675092,11.805815507006333,10.548385012868707,1.2574304941376262
1282,68.99511020728471,13.347508409579914,12.565827672395416,0.781680737184498
1283,59.50978337649531,6.631690004194764,10.483147774946659,-3.851457770751894
1284,62.34315530716885,12.21064019246086,10.512063324855491,1.698576867605368
1286,71.03583547915291,15.856298722855076,12.577613416489747,3.278685306365329
1288,72.57961622587845,21.662081184032647,12.311059073934347,9.3510221100983
1292,71.59293671563161,17.97176080427303,12.452015427725925,5.519745376547103
1294,69.04516205202262,9.57986289800706,12.579750508646931,-2.999887610639872
1296,67.78851818826224,11.269760052658164,12.088626928806015,-0.818866876147851
1299,59.759023735608096,8.654298924594361,10.511458483163207,-1.8571595585688456
1303,63.4717263815112,13.873609075284143,10.52216596028286,3.351443115001283
1307,69.62860470074239,11.971962244226145,12.694879145630429,-0.7229169014042842
1318,63.88875555949723,7.220968631627722,10.557308065344312,-3.3363394337165904
1324,72.97404472146945,13.937408434606075,12.329282864538543,1.608125570067532
1327,68.85581226306999,17.50714973757981,12.524092858470858,4.9830568791089505
1331,63.60957296157007,15.104542710765353,10.531359031114532,4.573183679650821
1335,57.607460558856616,11.230188813875968,10.06848499062356,1.1617038232524077
1337,68.41052195125316,10.798264636933393,12.364280078834252,-1.5660154419008592
1340,63.69195773910005,12.641072244592843,10.537955515231573,2.10311672936127
1342,59.582882391237774,7.062977957408124,10.492171321648016,-3.4291933642398913
1343,62.76944512002458,14.990069352080914,10.505056243978068,4.485013108102846
1345,60.3676262940016,6.7773318598240095,10.550577672919001,-3.7732458130949915
1352,63.71412289079549,10.9763314778551,10.539877348438026,0.43645412941707384
1353,64.17735739492298,15.2932093184797,10.595748557688296,4.6974607607914045
1354,66.48217710695164,10.99173299112195,11.422077404801549,-0.43034441367959886
1360,73.80840995719836,13.981707510698431,12.60591416226326,1.375793348435172
1372,67.94699552466246,17.395753778485997,12.163417021967597,5.2323367565184
1374,68.6799119066576,11.14302448080462,12.465490734337045,-1.3224662535324256
1376,65.41601604081366,10.78683663174639,10.931074346008954,-0.14423771426256415
1377,62.14785997838287,11.744088464366646,10.517856310312785,1.2262321540538608
1384,59.667517919026245,6.989490920068436,10.501876655312753,-3.512385735244317
1390,74.08266397207622,13.595809770319088,12.787108097091293,0.8087016732277945
1393,68.1011139870972,11.703767331151182,12.233438323419698,-0.5296709922685157
1397,64.80814782644114,10.677847888550636,10.728688647048621,-0.050840758497985306
1401,67.72016973948361,11.936876784963726,12.055608592150037,-0.11873180718631104
1402,58.199881313896114,9.41251871536697,10.230718492868451,-0.8181997775014818
1406,62.26510731019674,14.239613343287877,10.51423559433356,3.725377748954317
1410,57.41788439405312,14.197238430828955,10.011413136140689,4.185825294688266
1411,62.087921733699375,4.667206693570996,10.519842585515423,-5.852635891944427
1417,64.00244577102586,15.364883581787844,10.570953653886505,4.793929927901338
1419,66.00435076253333,16.48022092374758,11.18679710792674,5.293423815820841
1427,58.019413565900926,8.378917496427892,10.184051915365172,-1.8051344189372802
1428,72.66764759757542,21.46076376139365,12.310186843525225,9.150576917868426
1429,73.73159152524623,12.593773783632455,12.564047484309521,0.02972629932293458
1431,67.193724504155,13.421782180060752,11.79027432232983,1.6315078577309219
1436,57.817340988133,10.638543525511846,10.128873816867765,0.5096697086440809
1437,63.26792109656374,13.89900535746475,10.512472209778071,3.386533147686679
1451,58.002358480286766,9.689784965097257,10.17951188839487,-0.4897269232976136
1452,67.34312004097293,16.92184837996873,11.867085864332488,5.0547625156362415
1455,62.39789655405133,10.850883951407315,10.51067363120676,0.34021032020055486
1456,67.58679709655854,7.765978265203724,11.99003460553539,-4.224056340331666
1468,74.81159691872875,17.807450519436692,13.54361271395632,4.263837805480373
1470,68.63954377953128,13.984923686650244,12.451170474158317,1.533753212491927
1471,65.72629663377066,7.306385403429527,11.060053145629094,-3.7536677421995677
1477,64.12472534960767,10.418009971483896,10.587785911722406,-0.16977594023851061
1479,61.68913096170474,7.604731643630966,10.534205009221104,-2.9294733655901375
1480,72.1570411284099,13.46789448123687,12.347175582104471,1.1207188991323989
1483,74.28989832484153,18.76604154906031,12.959296163982478,5.806745385077834
1484,67.26038851569666,11.963694292813951,11.824650637209773,0.13904365560417808
1485,68.4536841465818,18.520139689517123,12.381356176320004,6.138783513197119
1494,73.69453977487245,13.422065251229611,12.545173620411788,0.8768916308178234
1499,73.64678820826924,22.013835169633435,12.522087794457436,9.491747375175999
1502,73.42492618402643,18.47401817480956,12.432331379157974,6.041686795651588
1504,70.12879293588499,19.29307662406719,12.71311274593559,6.5799638781316006
1505,68.31567198676498,19.529275159308227,12.325690855813855,7.203584303494372
1507,58.10846187435547,12.034983692306898,10.207395564548527,1.8275881277583714
1517,71.182601065295,9.341209744099634,12.544923290589418,-3.2037135464897837
1524,66.40291479196192,8.359285704692132,11.381918211740885,-3.022632507048753
1525,58.3167656008146,14.613541630093213,10.259562897185965,4.3539787329072475
1530,72.02505588918146,19.91573893156264,12.36726358819842,7.54847534336422
1531,58.34244657654438,11.022918813462386,10.26575052822114,0.7571682852412458
1532,71.75934236142223,14.59136085790836,12.416691260519709,2.1746695973886503
1538,64.89187368146004,13.270901249519396,10.752054755298323,2.518846494221073
1539,71.90562645386754,12.75985305908486,12.388182998349237,0.3716700607356227
1543,65.33661412084035,17.155986381665763,10.900563799024457,6.255422582641305
1544,69.8059794948994,10.35562586673194,12.710621919592672,-2.3549960528607325
1549,63.737113863738365,9.81578435407428,10.541938167649118,-0.7261538135748378
1552,69.03149660789106,12.203357340920588,12.576007143018177,-0.37264980209758924
1557,59.452589451213065,12.3147149606351,10.475679261331774,1.8390356993033272
1560,63.63153508471432,10.448508774941011,10.533034524921982,-0.08452574998097084
1562,58.05430424823109,12.584302355250395,10.1932708950088,2.391031460241596
1564,58.073710453926886,16.86477510439817,10.198358186316659,6.666416918081511
1565,71.49364195491175,18.552845671008715,12.47409344608007,6.078752224928644
1569,73.94237570598753,14.528340772181988,12.688059936412287,1.8402808357697005
1572,68.68867608816295,6.196181337858165,12.468558114795597,-6.272376776937432
1577,69.08893729304388,16.43967035452921,12.591444504011626,3.848225850517583
1580,69.2191452898947,12.730819977875935,12.62347004862938,0.10734992924655451
1581,68.16796026444217,12.90245936962408,12.262873173727069,0.6395861958970102
1583,63.43098919521627,13.270490028963383,10.519869781795117,2.750620247168266
1587,60.033156238653206,8.24907318934197,10.534327038073052,-2.285253848731081
1594,67.56677526768235,13.936630043327783,11.980072844838523,1.9565571984892607
1596,70.00280253958235,17.522110691938114,12.716267794625121,4.805842897312992
1600,66.23591347522658,14.978761463198968,11.29859969454435,3.6801617686546173
1604,69.2815156150179,13.138282656366377,12.637295401053061,0.5009872553133157
1606,68.84388902166559,7.5250378410858065,12.520323153443384,-4.995285312357577
1607,66.28534867094987,15.004274109530025,11.3230591220304,3.681214987499624
1610,69.85734350424693,10.3144815767933,12.713326467261773,-2.3988448904684727
1619,70.51578834776043,14.833158338197494,12.67508376096349,2.1580745772340038
1620,70.70607527817995,12.070463350173975,12.64402846088881,-0.573565110714835
1628,67.87658146197977,14.695883558521627,12.130509679140168,2.5653738793814593
1631,69.82377299688622,13.287061939601752,12.71165527009601,0.5754066695057425
1634,73.7869520796156,13.726561398266398,12.593843161824473,1.1327182364419244
1635,66.53851701024733,11.634583117056176,11.450820163968201,0.18376295308797452
1638,61.47669483035156,12.28843464293139,10.541690787137998,1.746743855793392
1642,67.35578296375354,15.899308058993796,11.873555233458331,4.025752825535465
1644,69.31422383357416,15.157515644573394,12.644140379197648,2.513375265375746
1648,74.78714149807062,17.723344821230157,13.511029844304705,4.212314976925452
1650,70.35394203256075,9.739767527922515,12.695638926888522,-2.955871398966007
1651,57.48419470805146,14.403416225706962,10.031638154996356,4.371778070710606
1652,68.52855074925797,13.345171800821786,12.41022207043575,0.9349497303860357
1653,60.79388609977807,13.75415722820188,10.556086012944842,3.1980712152570376
1655,57.735698710209526,15.224250453355848,10.105744542966693,5.118505910389155
1656,60.20339379648016,10.77088418605168,10.54409446463171,0.22678972141996923
1659,62.08706881715892,11.76669711167226,10.51987140699633,1.2468257046759295
1662,71.53960730080813,16.17547999192729,12.463803394761603,3.7116765971656864
1663,58.3769695085071,14.290409001488078,10.27398210531396,4.016426896174117
1664,68.2684950542728,21.59409252996099,12.305975599723805,9.288116930237184
1667,67.84825482571675,17.715714641921974,12.117122640451186,5.598592001470788
1671,57.72953668010169,12.381135954423277,10.103979901673952,2.2771560527493246
1672,66.35544913261363,19.12918111462375,11.358045152191231,7.7711359624325205
1674,64.84798022849941,12.098012186998824,10.739624657105804,1.3583875298930206
1677,72.13994590383592,13.603197220969498,12.349578270966793,1.2536189500027053
1681,62.9283047639714,9.272042773985314,10.505238001365584,-1.2331952273802695
1683,73.49522067642953,16.52942280682319,12.457743265046904,4.071679541776287
1688,65.9674487514076,9.249010557870768,11.16946043663027,-1.9204498787595021
1692,68.62613730862971,9.048894888668585,12.446345762605871,-3.397450873937286
1696,60.55782143993838,15.639451085323802,10.554875653559277,5.0845754317645255
1697,59.77630618389372,7.08249112366255,10.513160502789582,-3.430669379127032
1703,72.82867707486332,14.582864658886178,12.315685216265692,2.2671794426204865
1704,72.32612771328628,13.140038142391615,12.327011321626777,0.8130268207648381
1706,74.70836000536012,13.830078618855689,13.409685409258838,0.4203932095968508
1707,64.9461030343249,14.643026121131278,10.76796904653881,3.875057074592469
1711,74.61024417784344,11.984340056630536,13.291042191829645,-1.3067021351991084
1712,60.76666651525096,7.667585218192219,10.556153952599173,-2.888568734406954
1717,68.72905142314733,12.47177321076328,12.482493933443596,-0.010720722680316541
1719,59.316088019102565,12.850635605663744,10.456432344026734,2.39420326163701
1720,68.33260023346243,14.761756010262744,12.332682278017373,2.429073732245371
1722,67.83844457424688,16.630741860783683,12.112467205230843,4.51827465555284
1727,63.03869339438569,5.912204629992938,10.506489619448299,-4.594284989455361
1732,69.57851018236994,19.495809084845465,12.688693814482582,6.807115270362884
1736,66.26690311095736,12.45281366564959,11.313911136046027,1.1389025296035626
1737,69.90931028690986,10.527096800693885,12.715187237605216,-2.188090436911331
1741,60.61877559470735,10.873811187393764,10.555595526834649,0.3182156605591153
1742,72.29744302697756,17.972089689524477,12.329944189705161,5.642145499819316
1743,74.62715541416051,18.29828338749676,13.310901800742345,4.987381586754415
1746,72.33012302679974,15.787921920286726,12.326619610311424,3.461302309975302
1748,69.2824307716539,12.2172472566541,12.637490745806758,-0.42024348915265897
1750,65.07306449139027,13.902622555436688,10.807682545250959,3.094940010185729
1760,60.182228427592285,9.62437036716615,10.543055520431922,-0.9186851532657716
1762,71.57212640873641,12.706621925406912,12.45659381359231,0.2500281118146024
1765,71.23892307221192,10.637246253595844,12.532128468166094,-1.8948822145702504
1766,65.20262721706546,12.20460376198429,10.851663425429575,1.352940336554715
1773,69.90771715747394,9.852778678086036,12.715143429187982,-2.8623647511019463
1777,67.56379496737193,16.842831218729092,11.978587580788991,4.864243637940101
1779,61.84779106616368,13.061509183302803,10.528380452208065,2.533128731094738
1783,57.7409531124786,4.476517063055673,10.107247181522137,-5.630730118466464
1785,57.48210885932723,6.2102679062691735,10.031006195405826,-3.820738289136653
1786,72.27622352342723,16.934665941066058,12.33224749517891,4.602418445887148
1787,66.77362882681666,13.228650847121834,11.572064896384251,1.6565859507375826
1788,60.70831177352808,12.947866501329328,10.556125771406862,2.391740729922466
1789,64.47170525010128,6.286919820424167,10.648780313087244,-4.361860492663077
1792,73.52866495172401,16.17120782817157,12.470801460889028,3.700406367282543
1795,59.88089467090788,17.454657044594587,10.522720442926877,6.93193660166771
1798,61.96592755635953,8.40967927625237,10.52409350445075,-2.1144142281983793
1799,67.04121225204321,16.546009829611204,11.711204184234049,4.8348056453771555
1800,72.27758594607353,18.232210070026188,12.332096249151762,5.9001138208744255
1802,64.90716763316885,6.832297883716574,10.756480209430245,-3.924182325713671
1804,64.77132342363737,11.453613585856225,10.718865872835394,0.7347477130208304
1805,61.70292025678768,13.623771578111167,10.53370164372166,3.0900699343895077
1809,71.42560378025273,12.127706967380792,12.489489659534199,-0.3617826921534064
1812,62.93650068651442,16.903079078166257,10.505297645470982,6.397781432695275
1819,68.5718383292751,7.816104581068432,12.426460845143886,-4.610356264075454
1822,70.42393510947622,21.08629165985395,12.687488446997236,8.398803212856713
1824,66.54652235749467,10.162585599771512,11.45491616587367,-1.292330566102157
1825,70.5808308218186,15.348984281319783,12.665226549599106,2.683757731720677
1826,74.12192022029677,9.265970322299998,12.81730555297251,-3.551335230672512
1829,58.06680821547752,7.824731591243813,10.196552097543522,-2.3718205062997093
1835,67.8818023162645,9.24717069653187,12.132967922293645,-2.8857972257617757
1836,73.83580803186241,14.584799780102774,12.621756783337144,1.9630429967656298
1837,67.44449579589872,7.3851916160690845,11.918655006756415,-4.533463390687331
1838,74.36107474839598,15.469072003190398,13.025911919789742,2.443160083400656
1842,68.6435980204379,12.644724560264684,12.452622796254147,0.19210176401053758
1848,59.68769517253291,4.868939967526566,10.504071414498332,-5.635131446971767
1851,73.3543174885319,11.772304666674032,12.409506772681118,-0.637202106007086
1853,68.15178929810463,12.907031520841816,12.255807544270045,0.6512239765717709
1854,73.75815157970617,9.199589906689432,12.57810176060078,-3.3785118539113483
1856,70.98072369993213,16.31716325009429,12.5895222460242,3.7276410040700885
1857,72.77181308505612,11.472462322572992,12.312646912131012,-0.8401845895580191
1864,74.53070255535779,12.608677891758736,13.200868933641848,-0.5921910418831118
1865,72.2763549874181,13.531061186083935,12.332232881075099,1.1988283050088366
1866,70.2260493605972,15.70724511364634,12.70730731214205,2.9999378015042915
1869,69.0663785206663,13.65177230831536,12.58547512181216,1.066297186503201
1870,74.17675858927302,10.679036640708055,12.861357938447462,-2.1823212977394064
1871,71.06148258744187,12.235111948091522,12.571992418697421,-0.3368804706058999
1873,74.79848972842233,17.795162535464346,13.526082750560954,4.269079784903392
1881,62.67317479703077,9.076312253305247,10.505775154420085,-1.4294629011148388
1883,72.42667488756743,8.563285874538643,12.318455757509575,-3.7551698829709323
1887,70.64502703597185,12.938868716670289,12.654703919905531,0.2841647967647578
1892,68.72170212808092,20.98617546583931,12.47998133943365,8.50619412640566
1897,69.9572161960458,19.420350725469575,12.71610904369015,6.7042416817794255
1898,71.84011027236886,17.94989395695943,12.40060033713367,5.549293619825759
1900,59.261591127393295,12.280711383609455,10.44819800117476,1.832513382434696
1908,70.70900820944186,16.479087412889907,12.64350020159283,3.835587211297076
1911,61.197849224693286,7.15989818235187,10.54997242303395,-3.39007424068208
1913,66.3757767029736,5.277347403182993,11.368251760539358,-6.090904357356366
1914,66.3694296712883,12.042402461009535,11.365062046654966,0.6773404143545694
1917,66.70239790500615,16.220520334178392,11.535158496195468,4.685361837982924
1925,67.94186392999553,17.479446570805422,12.161037232343846,5.318409338461576
1934,70.2683340644842,8.803531058057358,12.703934855956843,-3.900403797899486
1940,70.97048244873338,5.910166343559629,12.591707064767828,-6.681540721208199
1941,64.32845290381523,16.30785705826251,10.621120000515376,5.686737057747134
1942,63.065724782847866,14.780011786237653,10.506949118095784,4.273062668141868
1943,62.45247333511263,11.238568447007816,10.509410567588208,0.7291578794196081
1945,60.28336233779184,11.602953945472924,10.547592957010584,1.0553609884623398
1949,73.51213702513206,15.506709804453203,12.464269144232295,3.042440660220908
1951,60.6106659636372,16.736055439070956,10.555516988714615,6.180538450356341
1953,60.236077731731264,11.116637870253204,10.545604978664842,0.5710328915883611
1954,74.77275828481673,21.761265339957152,13.492116676658439,8.269148663298713
1955,63.74285209411259,8.847141894209363,10.54246331389281,-1.695321419683447
1956,67.69671298743947,13.877372414599783,12.044180998403174,1.833191416196609
1958,73.25657250951213,18.17804452123897,12.382208519216734,5.795836002022236
1965,61.45990167180239,10.005660478140118,10.542250481688923,-0.5365900035488043
1968,73.95105924952425,9.371796637009293,12.693796900268548,-3.3220002632592553
1969,71.53198352688837,13.433239589047098,12.465502544953491,0.9677370440936066
1971,65.89928217645881,14.156314680551116,11.13782767032193,3.0184870102291868
1976,62.22978007498361,9.100914188686838,10.515285046769467,-1.4143708580826289
1979,72.76355571988663,16.505369443050494,12.312307490526853,4.193061952523641
1985,65.84552679002365,11.030892931459894,11.113260595644041,-0.08236766418414732
1990,71.53761971249266,13.481512698267808,12.464246068408475,1.0172666298593338
1995,60.640816397486695,5.957600746753496,10.555782872481048,-4.598182125727552
1996,60.50906111209476,5.1680864065476495,10.554078504900183,-5.385992098352533
1998,70.71562529702075,13.16576909259263,12.642303390209376,0.5234657023832536
2000,69.36659203691663,12.866385709605208,12.654506793718289,0.21187891588691876
