,,y,y,y,z,z,z
,,count,mean,std,count,mean,std
baseline_band,x,,,,,,
"(-0.001, 20.0]",0,0,,,0,,
"(-0.001, 20.0]",1,0,,,0,,
"(20.0, 40.0]",0,0,,,0,,
"(20.0, 40.0]",1,0,,,0,,
"(40.0, 60.0]",0,674,52.53963993067147,4.343910344543209,674,8.019047336484729,3.7638828994942637
"(40.0, 60.0]",1,317,52.812910924953705,4.304429335786388,317,9.22036975540249,3.9755406178808963
"(60.0, 80.0]",0,726,67.45647277982314,4.446493968090666,726,11.82772415842562,3.81281375585982
"(60.0, 80.0]",1,283,67.73968552373867,4.017686428798274,283,13.214655428749191,4.16027070678237
"(80.0, 100.0]",0,0,,,0,,
"(80.0, 100.0]",1,0,,,0,,
