replicate,att
1,1.284285318424107
2,1.1994703808195213
3,1.2029109057650027
4,1.4657274148362784
5,1.1795379528813952
6,1.4559021668990348
7,1.0436365322414267
8,1.1860673508945225
9,1.0037721380081337
10,1.3577009146985748
11,0.9998627506424875
12,1.5980285157681398
13,1.0448444565840251
14,1.1890720772601413
15,0.7237837493049739
16,1.3909276681516105
17,1.4182738333792604
18,1.2665717949198225
19,1.1557541269402543
20,1.692125348372272
21,1.2899429302955907
22,1.570544849574067
23,0.9185249296873784
24,1.1227035030881323
25,1.3451243273248534
26,1.2416178605410937
27,1.1837359770954192
28,1.2335021211807842
29,1.1445907880833557
30,0.9254303762229756
31,1.2303112676009862
32,0.4952536408224298
33,1.329794741769883
34,1.2830604460704615
35,0.8922086322996475
36,1.2803771410769111
37,1.2058985037871321
38,1.5502147992253223
39,1.6122811518807383
40,1.3732415682700392
41,1.0442077050653016
42,1.191914933515244
43,1.1243001411023887
44,1.236201120492648
45,1.5060447499960197
46,1.2607795605422523
47,1.1004762283375795
48,1.3275968459260545
49,1.1730087270216478
50,1.472063228864836
51,1.3272568694479803
52,1.5211374124479946
53,1.0458712733891629
54,1.395052362248094
55,0.953298414357007
56,1.3051139675409233
57,1.4930010402583218
58,1.3083361143650498
59,1.0546308211695619
60,1.283035989788374
61,1.587313023091975
62,0.9661909382621933
63,1.222726129944183
64,0.9799776678909704
65,1.374189897878352
66,1.5397227819599772
67,1.6687784472666378
68,0.9853876715196986
69,0.9702595342813796
70,0.8545695375571006
71,1.2332879948425053
72,1.279586935777763
73,1.146749561299203
74,1.2797253898386247
75,1.1610075058078864
76,1.5027642067760116
77,1.0703632524946294
78,1.3090815918717396
79,1.319189746525561
80,1.2412142893238232
81,1.0959219296080278
82,1.142714652420972
83,1.2275517584694864
84,1.4911709065882022
85,1.312831251904925
86,1.2744040954987519
87,1.2123754513336706
88,1.2029956330270462
89,1.6221903304604761
90,1.538483081155881
91,1.005210449492537
92,1.1789241693311028
93,1.167679270736455
94,1.2148462340654858
95,0.9998399088893746
96,1.454813005175087
97,1.0275892111197875
98,1.3368405861292383
99,1.2203632319527717
100,1.1014477282403046
101,1.0499379164342266
102,1.2237875818828825
103,1.3278094530010955
104,0.7022871579408748
105,1.4202678126043922
106,1.3722681762902686
107,1.594131364962278
108,1.4551418474994564
109,1.319632253629657
110,0.9677941438019869
111,0.9000565000937217
112,1.0944595474463954
113,1.4492806464450074
114,1.0585604339611294
115,1.2507752975378947
116,1.169771397254515
117,1.1677541216972258
118,1.3885482573125285
119,1.0990789669274865
120,1.0943549618751227
121,1.1650221737542297
122,1.3168269043883845
123,1.5125638678904427
124,1.2240842562393615
125,0.8687519506805628
126,1.3511129659113108
127,1.2276975044134766
128,1.6380277518453612
129,1.503660980740147
130,1.5722907037927285
131,1.6082852402337378
132,0.9492670297501775
133,1.347258910236592
134,1.2269067638893014
135,1.1852555367121915
136,1.5737339657093146
137,1.2879005873961562
138,1.277501184214673
139,1.2058892169594064
140,1.4830504345508428
141,1.008055295784526
142,1.2782741143200584
143,1.3810881744411116
144,0.5402013153015133
145,1.0933549130322824
146,1.6322060764971844
147,1.0696614981675687
148,1.0298573011249126
149,1.3265986415219748
150,0.9830766647040263
151,1.2797725797522579
152,1.5369837925378258
153,1.4302285763351186
154,1.1051891017606195
155,1.0255883200093263
156,1.1871630744522803
157,1.193811095205265
158,1.4605956031545182
159,1.607545293521322
160,1.4244954252311772
161,1.4692443732278497
162,0.5442683630111262
163,1.078593496437665
164,1.1490323300153515
165,1.3005317356928685
166,1.2421427656550854
167,1.191323753459506
168,1.5146144408904683
169,1.1772528084549894
170,1.342536557524638
171,1.3373910531389595
172,0.7297519338772518
173,1.4168071291822295
174,1.1089776045813424
175,1.326415820171559
176,1.5640172290756376
177,1.2113441070551918
178,1.317126191553015
179,1.2093126125732256
180,1.0886680720451873
181,1.6773854846896594
182,1.3568602954843128
183,1.0238612976717043
184,0.8414972532322554
185,1.3698130193337406
186,1.460023340069376
187,1.204806910038571
188,1.4719157199670616
189,1.0255083250092278
190,1.0001758085208667
191,1.2147915987330746
192,1.1071292193596818
193,1.1389776923437842
194,1.4428106838019388
195,1.4915764491639845
196,1.355145805641014
197,0.9965958312672958
198,1.2383076344628725
199,1.1268578644964293
200,1.3214331080174293
201,1.0465919816496019
202,1.2365244983652102
203,1.2931165564955511
204,0.8771497946138446
205,1.2503826917280911
206,1.3044575185174205
207,1.051404797113115
208,1.362862297840913
209,0.8847789083871931
210,1.0948288160424324
211,1.1614750351950092
212,1.20189102765859
213,1.4694215071941124
214,1.2166880708897163
215,1.01543250997379
216,1.164404063690878
217,1.0747711167334482
218,1.5536627630763276
219,1.2390447175935417
220,0.992349829283205
221,1.3097530479398394
222,1.6253274145035663
223,1.5030468826085408
224,1.3441762962473056
225,0.7999477168540775
226,1.342483251100122
227,1.2030752854143423
228,0.8874415152003508
229,1.056413916690713
230,1.2779815532066456
231,1.4093042513743388
232,1.271497846323569
233,1.2103941142387482
234,1.4072516833246582
235,1.128965192808874
236,1.3112492672051046
237,1.5514546930017246
238,0.9634266393357128
239,1.2797109592635048
240,1.0248001389801973
241,0.8907001125494676
242,1.2251410575306785
243,1.2494480751291792
244,1.2922735598596489
245,1.4365922664833173
246,1.0968580017991323
247,1.1524662517175561
248,1.2268516814770627
249,1.167210403923515
250,0.978810284344459
251,1.1158110304360351
252,1.5653312675352016
253,1.1998572076799439
254,1.3756874743706218
255,1.1166176982472518
256,1.2355805456114985
257,1.3635879185238742
258,1.3576368047272414
259,1.3918051860642595
260,1.4011731231278444
261,1.3434333964823875
262,1.1357319968493345
263,1.1113123550176511
264,1.215947117423744
265,0.9856704758357754
266,1.3634456514766198
267,1.1736783198330036
268,0.9995286915047192
269,1.308496085373851
270,0.899693281632035
271,1.59665747032735
272,0.5963355952774788
273,1.2416990641378676
274,1.4438283812672628
275,1.0918266191182662
276,1.342501211725972
277,0.9991783086308298
278,1.2445984148921483
279,1.490687947281156
280,1.2653660707784378
281,1.33959692774622
282,1.4335138340760303
283,1.2314031731923614
284,1.2012297716892548
285,1.461504020083044
286,0.7701878100938488
287,1.299093671269738
288,1.1313995176811205
289,0.9817244886038524
290,1.073548216583246
291,1.083624422853421
292,0.8731690035047878
293,1.220796663019953
294,1.1078590473337318
295,1.5138346929248643
296,1.350631835330968
297,1.6751095908291518
298,1.028237352662845
299,1.2681770170133446
300,1.0550987896875486
301,1.2837296660011497
302,1.7273733118681989
303,1.2751357124037046
304,1.0816498007245048
305,1.2166769139154276
306,0.8391206394870494
307,1.0833800528320678
308,1.2294869944787188
309,1.1071881291437526
310,1.4031477449452041
311,1.552667033363254
312,1.2416515783414772
313,1.0021931988041481
314,0.8809503721869868
315,0.9107302840616333
316,1.2791355599071892
317,1.2547670656726464
318,1.3522039441613887
319,1.597157156152466
320,1.346729014592439
321,1.5505123982056033
322,1.1565046361701639
323,1.1926026658282736
324,1.1033757197771763
325,1.3809274664925275
326,0.8447140374804246
327,1.2239945677049764
328,1.5295560572360931
329,1.3580902008404134
330,1.232114516124623
331,1.177841516211823
332,1.0430107010262892
333,1.2824253206687686
334,1.5522049347787592
335,1.2449296366386617
336,1.630904940288579
337,0.9571635982963445
338,1.305117804926554
339,1.2300314744761416
340,1.1036581302404271
341,1.195812698726531
342,1.1836636066140973
343,1.6216733699528403
344,0.7914888356219225
345,1.0370665437532143
346,1.3018972673019555
347,1.3558745158940295
348,1.1274912442990441
349,1.0499163183924447
350,1.0759148188767105
351,0.9802645935781762
352,1.1465415408696857
353,1.7107792923933525
354,1.2780743722190062
355,1.4052047498570508
356,1.3185207447066667
357,1.315477545465635
358,1.2673981193002397
359,1.0725904888923212
360,1.1724042289705847
361,1.2333899967135435
362,1.0141231188108493
363,1.294856577982295
364,0.9525809802162009
365,1.30659953874959
366,0.6793303245684236
367,1.523266051496645
368,0.9634245887052507
369,0.7464317567271318
370,1.0261736299227089
371,1.302258111505246
372,1.7199576494302014
373,1.0633657593336359
374,1.2139532397321624
375,0.9519843320147657
376,1.4144279334207912
377,1.0785431509030337
378,1.0828852765551367
379,1.3943611400858367
380,0.6528031063010434
381,1.1797908378399773
382,1.2600568019726865
383,1.2946028753020218
384,1.2336153983040703
385,1.3370424242843748
386,0.719566515592842
387,1.1144828002242886
388,1.1868784423769854
389,1.3201660650472968
390,1.3289867398112285
391,1.118570865000407
392,1.1496110685520768
393,1.4239624772522401
394,1.0521346467221355
395,1.536556731209371
396,1.1733008208812763
397,1.0183467256880614
398,0.8584402127818872
399,1.0334986201250245
400,1.6003619648704295
401,1.4725042189595474
402,1.018483198646881
403,1.4022568224932648
404,1.0061411421314308
405,1.4631208348537985
406,0.9376362165401353
407,1.4091745528252797
408,1.2463328536195186
409,0.9367497448601318
410,1.4667336818815404
411,1.093618342249889
412,1.293204482890724
413,1.21353701543189
414,1.2000943877837074
415,1.0249479793905847
416,1.459964865287346
417,1.088397955035944
418,1.2227113466313009
419,1.21383546307315
420,1.5711866099173877
421,1.1946503740876742
422,1.4903228274089975
423,1.1459083156050214
424,0.9449322278691996
425,1.0518709675973943
426,1.1530784579021918
427,1.1232933112398633
428,1.4349215884719293
429,1.2770743324494864
430,1.4709788414194533
431,0.9515882618320715
432,1.5308681161294118
433,1.3115549226815961
434,0.9893649213749334
435,1.0075897630496669
436,1.1894669967270977
437,1.185177834047608
438,1.2249071923982107
439,1.4599132302049076
440,1.0559813265566174
441,0.9913836474293924
442,1.3979290629102568
443,1.1785595225449523
444,1.130308768403804
445,1.4399691610888017
446,1.3395249276946435
447,1.4129669958412345
448,1.5272609398105976
449,1.5679521382180035
450,0.9513190032354498
451,1.6317960387143031
452,1.1469617383390782
453,1.2994605753707222
454,1.1794912238851751
455,0.9684112029619287
456,1.1231892539020027
457,0.849616034174143
458,1.3722914988857524
459,0.9592345489722178
460,1.333709406491774
461,1.286585455926001
462,1.1582593249641422
463,1.501080432031859
464,1.0051299068440263
465,1.259109533951888
466,1.207815731643466
467,1.2244026033791042
468,1.4055969793914775
469,1.2016126770533564
470,0.9319107940679707
471,0.972760223382085
472,1.4990672415971593
473,0.9113149214496868
474,1.0470588943606247
475,1.415983765678129
476,1.1653274314910709
477,1.0611762612531201
478,1.258444221814766
479,1.2186185659137754
480,1.1479487558032746
481,0.8810315880301365
482,1.1927220194676167
483,1.3062569995068316
484,1.1568294556945649
485,1.1623725669549265
486,1.7070122464584414
487,1.1545551358572876
488,1.3844459490685268
489,1.1829490847873447
490,0.8941382382931647
491,0.9589856659388328
492,1.1753275414483157
493,0.8334225420727237
494,0.742138998352104
495,1.0399210277911304
496,1.0393180136926936
497,1.4422597641539492
498,1.2166943026970003
499,1.250325644977764
500,0.8850503781410843
501,1.3177300276226083
502,1.1889851434249297
503,1.0811498672413746
504,1.1965272275678216
505,0.6935654355921435
506,1.0458930865921194
507,1.166811951745826
508,1.2797617451903727
509,1.5097208950413636
510,1.576510993758098
511,0.7358131445014622
512,1.381792100677648
513,1.174264388427241
514,0.856020133219461
515,1.2447510780127684
516,0.9830477390865727
517,1.2987693506375617
518,1.2260512178439336
519,1.406413894461735
520,1.3735536149375958
521,1.132005922264121
522,0.8119006318846774
523,1.599229522312834
524,1.1676411625741416
525,1.4404070475388584
526,1.3404767320914361
527,1.4997734471774393
528,1.2064835112782228
529,1.4643362539821685
530,1.388241586401642
531,1.348129923949243
532,1.0506719071368096
533,0.8790481639221931
534,1.1864952582975845
535,1.5263268866328652
536,1.455502882225267
537,1.1838592051155354
538,1.1049546687566572
539,1.1311213373867914
540,1.1721218584873576
541,0.8925832683554923
542,1.1857383893783067
543,1.1421594247932096
544,1.0034500809782938
545,0.8499616713266617
546,1.2084902028512685
547,1.330942838956204
548,1.5227572325314591
549,1.4632965356686929
550,1.7661846243930832
551,0.8270144073758883
552,1.2683751810267867
553,1.0881073739628584
554,1.0383275978547715
555,1.6792697961287664
556,1.167537490380201
557,1.0007231342202134
558,0.9140557275040292
559,0.7497899006442639
560,0.7949203484280366
561,1.1379243299310355
562,1.1796500418561102
563,1.3172010204142444
564,1.4335375040553113
565,1.3019145700184291
566,1.066445387961934
567,1.306979756201592
568,1.1696349123066465
569,1.2711054756607616
570,1.4140928899481542
571,1.5010753202904994
572,1.0609597712149605
573,1.4419270487981286
574,1.4099592269554062
575,1.500737601352025
576,1.3938292977741868
577,0.8481976438690368
578,1.3585866519593557
579,1.4323860750532087
580,1.1596904415008407
581,1.3433016633106607
582,1.075809041032438
583,0.8908397277246396
584,1.4107514870221212
585,1.0920207079606
586,1.1299868125530952
587,1.5988961718397168
588,0.9360539615869243
589,1.2085881738638602
590,1.232824193604038
591,1.2906581552852494
592,1.2114716198905124
593,1.264315711353064
594,1.1886633809588747
595,0.7964944489535378
596,1.050975741096913
597,1.3913108685622322
598,1.3168019792080365
599,1.2368515694036888
600,1.180983972656516
601,1.085959388277684
602,1.1748460554372897
603,1.3259152217300922
604,1.3204673764679509
605,1.121543868532142
606,1.3310192629908242
607,0.9589675826634771
608,1.0676351699288198
609,1.2903573856558002
610,1.1773570677572336
611,1.125517839384843
612,1.2506077406951377
613,1.4313278894118036
614,1.050284366927776
615,1.076077794905848
616,1.0344851447914842
617,0.9552471393919207
618,1.2891382067415835
619,1.2377460213020215
620,1.2814172598825917
621,0.9030204219683833
622,1.1917975977192423
623,1.0531274163606623
624,1.0013260689600059
625,1.1491131275965454
626,0.984041210998588
627,1.4532247254823756
628,1.3419621030391098
629,1.1137626858322265
630,1.3934878253178633
631,1.4210297497564706
632,0.8089711091080501
633,1.0605136529597625
634,1.0620177286406438
635,1.0882170644464382
636,1.4471504512926538
637,1.2558188021178553
638,0.8266535531274619
639,1.2839211357900653
640,1.2362133759047595
641,1.14869179497192
642,1.4650275231988603
643,0.946694843240535
644,0.9926129920633445
645,1.4759821638951713
646,0.9533856644897636
647,1.548313589753587
648,1.04754357596597
649,1.2369857950778431
650,1.2349201998298562
651,1.2192072823437476
652,1.1861433022412429
653,1.2519608268599742
654,1.2370381907343753
655,1.2482455864088142
656,1.4766150961766396
657,1.4531992056294252
658,1.0192653866033219
659,1.138954975567105
660,1.2602081738326998
661,0.8359768861740849
662,1.0905865704536128
663,0.911341963559199
664,0.9370825676304461
665,0.9764167079546079
666,1.5205820934190553
667,1.6003643179111238
668,1.1100516239316505
669,1.4572906318775791
670,1.1059225706810814
671,1.375501589614532
672,1.2602449826107192
673,1.3844416445480543
674,1.4483687610940126
675,1.269604410602406
676,1.4253755339534229
677,0.9866977190625734
678,1.3826768848502407
679,1.032301836424331
680,1.3097740285601942
681,1.2526883299121196
682,0.7536817921538809
683,1.2723269377343391
684,1.3764286342552126
685,1.3014072955555165
686,1.7168181002480207
687,1.3976766116418182
688,1.719672737243438
689,1.0931365360756775
690,0.9629592529311797
691,1.1520936781417443
692,0.9254510812844989
693,1.3362733777345204
694,1.4714703393093183
695,1.300122321597795
696,1.379157007816535
697,1.215645015154748
698,1.586497438147979
699,0.840880587955911
700,1.1453637740938587
701,1.332919711402887
702,1.1630794263105724
703,1.2549445749077741
704,1.0213305985027723
705,1.1024855337928938
706,1.4498473199052861
707,1.035125426423444
708,0.9601598223107995
709,1.2812593868806301
710,1.0371104129871682
711,1.1273954368040515
712,1.3232228505536592
713,1.3154259661345997
714,0.890700981866237
715,1.4033758903970486
716,1.3295971185571953
717,1.0879836247619135
718,1.2254476893724615
719,0.9284924660343172
720,1.016411241983025
721,1.2391016786239102
722,1.4495009608257776
723,1.3319115727206405
724,1.0049036082605918
725,1.4515079435349711
726,1.2744623291667119
727,1.5878125818818587
728,1.176639532164429
729,1.4974594949445432
730,1.1852769822949938
731,1.474124398556736
732,1.2418992016331716
733,1.4373437629908978
734,0.8977524768758913
735,1.3865971488305289
736,1.2224208653413122
737,1.0655749519114628
738,1.0084090120927653
739,1.1050634798964316
740,1.403330692889268
741,1.4682331463019462
742,1.4471374583498304
743,1.5714074374551412
744,0.8241045417345636
745,1.3948071296132114
746,1.4265019939826884
747,1.229485630946852
748,0.9987292767596201
749,0.9128223205756081
750,1.5181072883005864
751,1.1052557191557557
752,1.0817646639464344
753,1.3983357669362575
754,1.228424373038916
755,1.37931226429018
756,1.1150714907366852
757,1.2584067918891935
758,0.7976841507366937
759,1.145033683888841
760,1.2794324690179903
761,1.4834001855082313
762,0.7958968632822397
763,1.1169850383672217
764,1.4135212542466395
765,1.6408182735819783
766,1.4071394990106898
767,0.9768221104418466
768,1.2961638987910618
769,1.0666011708808953
770,1.2780566140481564
771,1.4480126780352542
772,1.3079004577143558
773,1.1169229197041692
774,1.6081795491055615
775,0.8684041953425238
776,1.1754898163998162
777,1.5568854010325037
778,0.931320215132582
779,1.2757230779685491
780,1.2697689156228564
781,1.3474487456930413
782,1.3730035699195746
783,1.1323543895469879
784,1.060116356869283
785,0.9369298939377749
786,1.2241237069940611
787,1.3855646272898814
788,0.787559593963338
789,1.1858987635230207
790,1.267032865515324
791,0.8883401824748419
792,1.2556280048517525
793,1.3043106747875408
794,0.8615861508461035
795,1.3919559381108946
796,1.2280440624606457
797,1.3092742749381137
798,1.3621868604002676
799,1.6653696348908367
800,1.2749234008255783
801,1.3867805621746272
802,1.1429633135509112
803,0.9878653730816287
804,1.1808862377148976
805,1.0297142162643336
806,1.1190435851242346
807,1.2512750765259113
808,1.0548581232488496
809,0.9054463558214051
810,1.049790150163785
811,1.1449171245247627
812,1.373494002315319
813,0.9597061854081147
814,1.381558669767821
815,1.211611412894724
816,1.233579457127018
817,1.3607471403726765
818,1.1642979740056332
819,1.308389494708077
820,1.4925036610989204
821,1.0289999395362324
822,1.2507595831678429
823,1.3339213464546815
824,1.3298555729863926
825,0.9284031545210019
826,0.9915756614504376
827,1.3459764039300375
828,1.3733800440079909
829,1.088010182962462
830,1.262542803556028
831,1.100948671606326
832,1.0719460386531818
833,1.2472321391452745
834,1.2354875253342996
835,1.153402648517501
836,1.0672627057760573
837,1.5292868642901674
838,1.1241909350892645
839,1.0984134331583502
840,0.9982315332315514
841,1.1131294152156481
842,1.2775800787932663
843,1.2500753518126924
844,1.145642677215538
845,1.1504991662843909
846,1.0063940591152114
847,1.1933969504791544
848,1.2008543932189162
849,1.2620845432012977
850,0.9878278581375025
851,0.7240423699867982
852,1.6023101982968624
853,1.1389466408370963
854,1.4155845084267735
855,0.9589479664607833
856,1.368018985152888
857,1.1818931321315995
858,0.8218011929842607
859,1.31271575922877
860,1.24448538633836
861,1.2942091259405257
862,0.9148677204147615
863,1.190356227953927
864,1.456853065415627
865,0.7832744006777572
866,1.090788514999408
867,1.2964413260087924
868,1.2826663232934585
869,1.2414307935285411
870,1.1648712048805274
871,1.4342990992096387
872,1.0559372620826788
873,1.1023996255772033
874,1.1076545405621687
875,1.5033278932788077
876,1.3348985961703814
877,0.8254277557802485
878,0.9644056213352733
879,1.1972585415219044
880,1.137901179731573
881,1.2656224102302913
882,1.3598842532608053
883,1.4601890308013905
884,1.2250055821169052
885,1.1882657021307967
886,1.2465049343773116
887,0.8135760250007034
888,0.7444431607321097
889,0.9452156531747494
890,1.016295763889284
891,1.2912420943706149
892,1.0008597652397022
893,1.1984375265286926
894,1.056511234834644
895,1.32946067867791
896,1.242279801936664
897,1.159317842031822
898,1.7128319669724976
899,1.2274267352400114
900,1.0802770219445537
901,1.2226525192208413
902,1.1584512984417843
903,1.0014901937786491
904,1.0533043171406515
905,1.3502248456274202
906,0.8283770373879911
907,1.447049735096967
908,0.7942062545444796
909,1.2454368085841125
910,1.2084253323972414
911,1.4807736684156922
912,1.0446877583640584
913,1.0352594878780574
914,0.903736880309333
915,1.0813603937185128
916,1.3374059581140292
917,1.414444663865654
918,1.0776732530087374
919,0.9481096482717214
920,0.9581862162342748
921,1.3159564271061643
922,0.815816999175898
923,1.2314223288449277
924,1.2843796507743985
925,1.3495039130077036
926,1.380944909707121
927,1.047789941048399
928,1.065534303990143
929,1.1571385760710549
930,1.5966257051664257
931,1.1745143297235177
932,1.1119697582354797
933,0.9740130611058068
934,1.6221566653407349
935,1.3358611573198877
936,1.2995523768515163
937,1.39648071580846
938,1.1519911898266526
939,1.1087637650463216
940,1.263065854729119
941,1.3210580872248716
942,1.19494939357723
943,1.4013213489886436
944,1.7085293181058143
945,1.4323672735055268
946,1.3583947261571974
947,1.181242392668291
948,1.0052650744653373
949,1.383578870517902
950,1.3934184491220372
951,1.3674366611104132
952,1.373899736926488
953,1.2333429960538853
954,1.06843683902263
955,0.8783178454667158
956,1.4377422800396766
957,1.2580814826034714
958,1.3021731861387975
959,1.121047971835768
960,1.4442631231954879
961,1.1396754483950486
962,1.4559741228310181
963,1.2824126517624463
964,1.0183490451222041
965,0.7800491574978514
966,0.9218889326490419
967,0.8931754000584531
968,1.260221459495843
969,1.0926707049987943
970,1.4380776252813094
971,0.9179618806706507
972,0.9809913064075988
973,1.235027533167996
974,0.7263555963272303
975,1.0596182210438803
976,1.5066760020483805
977,1.2017750213077711
978,1.335201846692056
979,1.2917178208903937
980,1.0974251977516958
981,1.3678763902179996
982,1.5163265774474728
983,1.4151963803903278
984,1.1342589680984778
985,1.0337111590623564
986,0.8906856771737208
987,1.6231704700254597
988,1.2989625692643103
989,1.0820873734633003
990,1.1230173032469009
991,1.081750702694679
992,0.9461561229295394
993,1.4460996667776902
994,1.00309005440614
995,1.3622011229280508
996,1.5310999113847785
997,0.880524306907126
998,1.074825069066576
999,1.1590572045532483
1000,1.312744393669918
1001,1.4402830255347134
1002,1.1734008511746528
1003,0.9699982160672423
1004,1.2893821094670925
1005,0.7211616314259528
1006,0.919141043225342
1007,1.1747858132716602
1008,1.1005758510066541
1009,1.1700181224442092
1010,1.222945323574091
1011,1.2805626795581158
1012,0.8949160941307048
1013,1.3788749351480578
1014,1.573330135674312
1015,1.0321211048467471
1016,1.1444143686257167
1017,1.0788578762250967
1018,0.9458960783763655
1019,1.1469261157207293
1020,1.6019775693481126
1021,1.1464875519636863
1022,1.2618648225383817
1023,1.2724449565427813
1024,0.9010426958358354
1025,0.9883397686789772
1026,1.13652983201679
1027,0.5924973092152891
1028,1.226180381814961
1029,1.24848412633452
1030,1.6324394432092564
1031,1.458036484992259
1032,1.449213901039119
1033,0.8970859407846956
1034,1.162015099100835
1035,1.3947867548162163
1036,0.7820113365484286
1037,1.1045327804794358
1038,1.282546279896687
1039,1.3203084095974391
1040,1.3609818959184736
1041,1.0328611455795098
1042,1.3965608747458267
1043,1.187119143378203
1044,1.3120731640505208
1045,1.6206002587269104
1046,1.3628455382159461
1047,0.75303356545538
1048,1.1781624741996266
1049,0.9979161045351479
1050,1.1899022922705258
1051,0.9976169365971187
1052,1.1880152951784404
1053,1.4394123555418046
1054,1.2882463488602656
1055,1.3876712457188172
1056,0.991210682785619
1057,1.218065776739789
1058,1.1843916211744034
1059,1.3530986679193513
1060,0.8951993263779574
1061,1.0178595062230842
1062,1.1513001318586706
1063,1.0530742761176668
1064,1.3980443177296082
1065,1.4244286557256658
1066,1.3066452474187713
1067,1.384728932696521
1068,1.4323915699342964
1069,1.217762286551753
1070,1.6910320906753593
1071,0.9002779168280594
1072,0.9624155811687397
1073,1.1966239766701379
1074,1.2328679296050233
1075,1.3305258556315538
1076,1.8471229500084463
1077,1.5377925585418917
1078,0.6949273224896682
1079,1.2037421568565942
1080,0.9894503164628583
1081,1.0695917018561503
1082,1.141923625076815
1083,1.5353843672650513
1084,1.3805930029279805
1085,1.4304130407444724
1086,1.6029862482039432
1087,0.8575783198267918
1088,1.0120881067959129
1089,1.2096824612515933
1090,0.7669685036774295
1091,1.186130668462376
1092,1.1840688322743504
1093,1.240462832006832
1094,1.2998328968971016
1095,1.7604786946572237
1096,0.8345234467695286
1097,1.100653360230757
1098,1.07603198778918
1099,1.3203140760335346
1100,1.2795663313494143
1101,1.071545427645007
1102,0.9005311554578098
1103,1.069069069952154
1104,0.9307461412285962
1105,1.0964047050487464
1106,1.4205382147608911
1107,1.0021938279833567
1108,1.060775817487431
1109,1.2023222775492621
1110,1.4043686984974906
1111,1.1354941845166668
1112,1.1611865190259534
1113,0.9998204352646519
1114,1.6735839027418815
1115,1.3265689229066568
1116,1.4433745017319026
1117,0.9572590304488703
1118,1.4968520640207914
1119,1.279147754053053
1120,1.1024706675833278
1121,1.258741807445629
1122,0.9494554813642891
1123,1.2283148789830522
1124,1.0671843057853565
1125,1.3115399616563237
1126,1.0728044911917676
1127,1.0989136513915738
1128,1.3372842983381679
1129,0.9743646691038913
1130,1.1244972710981775
1131,1.1677884705661463
1132,1.4854567386507116
1133,1.0248055442571922
1134,1.1532144302229403
1135,1.1864379339181768
1136,1.2414999554766346
1137,0.7121541425657124
1138,1.279628190621653
1139,1.4657601960484548
1140,1.1852588103431636
1141,0.8065878562421904
1142,1.2150575476185974
1143,1.0702237318024153
1144,1.157469395677311
1145,1.1398465542421197
1146,1.129850368604762
1147,1.315286244295496
1148,1.5677465503439485
1149,1.1423140464543602
1150,1.1328146869854208
1151,1.0818751524179369
1152,1.0407487689607426
1153,1.4355984546472376
1154,1.4072559491050072
1155,1.2379136343821695
1156,1.311868028713928
1157,1.1716761241799842
1158,0.9936523188128501
1159,1.3191940254927714
1160,1.0508245803178844
1161,1.2258879260781774
1162,0.9568874028911986
1163,1.2395949934749504
1164,1.1863556152167527
1165,1.1591633535633474
1166,1.0610684591849038
1167,1.0436893890188572
1168,1.2684052175457066
1169,0.9362780397256857
1170,1.2542876514002543
1171,1.0403934272424855
1172,1.1381440514240333
1173,1.1285050859096877
1174,1.2045157026378446
1175,1.2242817125188101
1176,1.255885015565855
1177,1.1290372206424866
1178,1.7147336031471998
1179,1.1386424228153098
1180,1.028045696236534
1181,1.2950819797942983
1182,0.9517755151993424
1183,1.2372364416485553
1184,1.4195902093555244
1185,0.794598679658002
1186,1.5223306979497713
1187,1.390046838577479
1188,0.8973346663677192
1189,1.2015957010153913
1190,0.5987701507106922
1191,1.0831488303606729
1192,0.7170777103533308
1193,1.4761754763576789
1194,1.4441091698009476
1195,1.159775392583743
1196,1.4026589256025923
1197,1.092192452190008
1198,1.1104070817621658
1199,1.4863814650382188
1200,1.4422253668831728
1201,1.3518592965356064
1202,1.344730409242565
1203,1.5928669840987915
1204,1.2320905224077672
1205,0.7107423409335655
1206,1.1548006188028541
1207,1.5187765876251982
1208,1.4544992611882281
1209,1.3651292599041058
1210,1.1201894711851599
1211,1.2668214925935755
1212,1.5166544419492793
1213,0.6802459930886957
1214,1.291704110409322
1215,1.4572394607844585
1216,1.2886223122238045
1217,0.7685395892924012
1218,0.8444557951102277
1219,1.1266211704755562
1220,1.1776174647526432
1221,1.2388509392733302
1222,1.3264806377219045
1223,1.4880934351315775
1224,1.301875319964609
1225,1.373453975017725
1226,1.21384417038423
1227,1.361381551727803
1228,1.2162165626180381
1229,1.5527234738612223
1230,0.8083289602993555
1231,1.2639892228390335
1232,1.0395309420704033
1233,0.71106678675996
1234,1.2815181757206042
1235,0.980626052250583
1236,1.3169187596168832
1237,0.9854003293690685
1238,0.9906064540104587
1239,1.2836462868484528
1240,1.141482189759987
1241,1.0135052787508225
1242,0.7818374961154687
1243,1.4720021447062486
1244,1.0539027023585636
1245,1.1909863604723447
1246,1.0954610394541449
1247,1.311166588390479
1248,1.3817183497211125
1249,0.9877643266965193
1250,1.2708979058909282
1251,1.001157584482599
1252,0.9866763494594776
1253,1.07536579869001
1254,1.4668532483852041
1255,1.4373436616514566
1256,0.8857910291173171
1257,1.0623419457642436
1258,1.1890938857190991
1259,0.9569336209414708
1260,1.304222373275547
1261,1.1219641554512854
1262,1.0106996488870341
1263,1.0254699589919185
1264,1.380248837752085
1265,1.178575357310178
1266,1.2092314651122762
1267,1.0872190771485728
1268,1.208044608946416
1269,1.0752794320765704
1270,1.2408902514854478
1271,1.258195294936488
1272,1.3755006316829232
1273,0.854324255330168
1274,1.2111380331620933
1275,0.9989462703047927
1276,1.4184555066147906
1277,1.544511071492135
1278,1.5149452239333234
1279,1.3901463967330423
1280,1.240956370306893
1281,1.309969826274317
1282,1.4606013460195428
1283,1.1952417222416585
1284,1.3167309501353792
1285,1.204131867797945
1286,1.248334280971418
1287,1.3867599796210974
1288,1.1902896645753134
1289,1.111668596293241
1290,1.5820307958455186
1291,1.072391844545686
1292,1.0116371444332992
1293,0.8180890192290173
1294,1.2172715455177832
1295,1.6582910419171017
1296,1.3882639242978827
1297,1.5689950282255483
1298,1.3510176394447955
1299,1.5166590583503865
1300,1.434142561206088
1301,0.872075076863789
1302,1.0061085626673552
1303,1.1915548378324634
1304,1.6169354279376862
1305,1.16115977748362
1306,1.296929336697492
1307,1.5743095179593998
1308,1.5316458092203358
1309,1.0963550988457011
1310,1.2916203677406244
1311,1.1709566466284873
1312,1.2007348303042935
1313,1.3486394763337917
1314,1.5015294857677275
1315,0.9183999854263781
1316,1.3629465956883515
1317,1.1559122209083528
1318,1.3127544609464776
1319,1.0546777328639887
1320,1.045721520248578
1321,1.4828179586314492
1322,1.4726876425745676
1323,1.4973650690978135
1324,0.8754704715070547
1325,1.6222434107789478
1326,1.4539127320822336
1327,1.496306044611172
1328,0.9254396964711248
1329,1.5465261501810763
1330,1.2728825267768764
1331,1.0739619732243713
1332,1.3143034989434474
1333,1.389351110135186
1334,1.1436821213628194
1335,1.2356006671003317
1336,1.008591609971565
1337,1.3317544792805627
1338,1.2873862158132718
1339,1.153407571476493
1340,0.9910751561810934
1341,1.0987457348414098
1342,1.7039235995497286
1343,1.1590545118960034
1344,1.1675683481584072
1345,1.102631030143736
1346,1.1634739754832701
1347,1.0749385324967566
1348,1.0339986623437876
1349,1.0757655489383113
1350,1.2422615637804195
1351,1.3660859524263333
1352,0.8854882924725935
1353,1.032782796905901
1354,0.9504211568646559
1355,0.9035341913532441
1356,0.8764204856411811
1357,1.2585133331499736
1358,1.2519343617874203
1359,1.3710980185283799
1360,1.1915330843709229
1361,0.9515470326223457
1362,1.5467183762454633
1363,1.2372429903410644
1364,1.4803981916273115
1365,1.217436927543295
1366,1.3461834366914962
1367,1.0787813309834302
1368,1.1386460046230171
1369,1.105633750824444
1370,1.4914169365428056
1371,1.380315460212244
1372,1.0813100001415272
1373,1.1500594957257453
1374,1.300854048623365
1375,0.7638276402906896
1376,0.970050860291395
1377,0.8410497318799885
1378,1.2563453660027044
1379,1.2091103302615378
1380,1.3413449246600913
1381,1.0823515437280253
1382,1.313790809567193
1383,1.348496883126949
1384,1.5331822749565285
1385,1.4056456593680942
1386,1.6714991334978841
1387,1.3745548239448204
1388,1.107651730318271
1389,1.115821607285956
1390,1.2473490220131676
1391,1.0507075089637157
1392,1.146291699352564
1393,1.4214519398583438
1394,0.8332503454501833
1395,1.2594887087478235
1396,1.213435952959181
1397,1.0979896361846335
1398,0.8566272547588936
1399,1.458478663741725
1400,1.2498031109994896
1401,0.9412089956938068
1402,1.067518231414104
1403,1.0041913122307624
1404,1.0904836317448217
1405,0.9126406563733531
1406,1.290475625408614
1407,1.2550324783456652
1408,1.0956096057376155
1409,0.8741228855006585
1410,1.0380513204599415
1411,1.1265035258388123
1412,1.200446101572788
1413,0.9997349916973838
1414,1.0451567096862875
1415,0.8833957829968487
1416,1.0574743036591987
1417,1.449140337753529
1418,1.1130836814748761
1419,1.0884845366369333
1420,1.3307177829557673
1421,1.4351381040385642
1422,1.310973806785056
1423,1.2731909094817684
1424,1.3594506312296983
1425,1.4201414540411965
1426,1.3112038029797843
1427,0.9347978075106276
1428,1.5941166972923282
1429,0.8979821377441403
1430,1.0056355840292133
1431,1.072760193153644
1432,0.910739076989352
1433,1.0248678725202058
1434,1.0607825970963718
1435,1.0620517201141666
1436,1.1591026204681187
1437,1.343885787613011
1438,1.1352141392175326
1439,1.5382439644049315
1440,0.9517497212801596
1441,1.414713457762115
1442,1.073544758673116
1443,1.2767211369278282
1444,0.8992275045467621
1445,1.333149606805573
1446,1.6672434453280207
1447,1.10449680015033
1448,1.4584350356473001
1449,1.3566303396313244
1450,0.7859020669112048
1451,0.892100866405233
1452,1.2654098074819151
1453,0.8521114037552017
1454,1.1745682055244535
1455,1.4814745539853593
1456,1.0699187915188528
1457,1.064154479131768
1458,1.4308504369526194
1459,1.4952062677745352
1460,0.9639876530147812
1461,0.998768551466225
1462,1.2075344341658747
1463,0.8081326613436712
1464,0.9457938001623302
1465,1.341565853163553
1466,1.1989879433518402
1467,1.1259434872548089
1468,1.199658182393725
1469,1.152844379257764
1470,0.9988626845225228
1471,1.134133627291541
1472,0.8524664008354549
1473,1.0402335985943785
1474,1.0339881630540773
1475,0.9359054716911744
1476,1.3148524129215189
1477,1.2383010628315223
1478,1.2821264714473428
1479,1.0007600799960357
1480,1.4410593171816422
1481,1.1772470696092459
1482,1.2939835339754309
1483,1.4281290674446518
1484,1.2761781908018088
1485,1.2818633073877796
1486,1.186014346781215
1487,1.2566518863660383
1488,1.2790194534241648
1489,1.0218363061464477
1490,1.1977233747036145
1491,1.3311281817923981
1492,1.1302125040052915
1493,0.9327552971839101
1494,1.0354200078145064
1495,1.4418790058118058
1496,1.3633456852459005
1497,1.3281742162411847
1498,1.2335713107758004
1499,1.132973103323067
1500,1.1237810675444762
1501,1.218044773097162
1502,1.1977301502407005
1503,1.017632633389001
1504,1.3325593367871513
1505,1.1811170162851512
1506,0.9666207179868355
1507,1.0711789880322995
1508,1.1731119046942047
1509,1.3085426963503264
1510,0.9734390653829827
1511,0.9047940562131284
1512,1.2049447799027924
1513,1.3345084946279735
1514,1.1737450962556126
1515,1.359972633018345
1516,1.5496498780615509
1517,1.4233040521726092
1518,1.283077050727419
1519,1.7602580347435162
1520,1.0533693611969481
1521,1.2378572290589647
1522,1.0472358699201947
1523,1.6677536103157933
1524,1.376284927494851
1525,0.8899903832583902
1526,1.194201496312293
1527,1.3218668252861978
1528,1.0882615722817044
1529,1.358913454631507
1530,1.258344377076056
1531,1.3063960713873188
1532,1.1117942199785602
1533,1.07040875224615
1534,1.4644292961690368
1535,1.3688488227341782
1536,1.19585286537301
1537,1.772346654612909
1538,1.3120069988662082
1539,1.361595993889744
1540,0.8668301686846704
1541,1.2260830170776202
1542,0.7798571760706687
1543,1.0516567102087706
1544,1.32908658808815
1545,1.5743912367929151
1546,1.062621540215739
1547,1.2957117744129485
1548,1.3238513002115064
1549,0.8908421201664645
1550,1.2496986732652768
1551,1.4241555109526844
1552,1.6466435707823082
1553,1.410418976622605
1554,0.803896436771105
1555,1.1358780440624847
1556,1.405960664922251
1557,1.2221073692708326
1558,1.0797819971009834
1559,1.2556813271052367
1560,1.409406319994227
1561,1.294539366096323
1562,1.313741960868448
1563,1.3900592392379538
1564,1.0786855874178676
1565,1.5107660992874727
1566,1.4587162401822875
1567,1.530568950833081
1568,1.438036450657844
1569,1.1653612261779789
1570,0.9152381530682021
1571,1.1271849584655154
1572,1.3251715022345296
1573,1.145372893752218
1574,1.669356083883149
1575,1.5054915948683556
1576,1.4836215439571916
1577,1.3276050836440305
1578,1.1652915554717156
1579,1.01583486072657
1580,0.9913815491758132
1581,1.0460536989778242
1582,0.9414779428385852
1583,1.2204938380740524
1584,1.1089430966858214
1585,0.7559049830634584
1586,1.4148046229841207
1587,0.9870901047430977
1588,1.2973192547742536
1589,1.542021055903225
1590,1.436164531747595
1591,1.27251738779904
1592,1.5200312766099555
1593,1.4261431243616782
1594,1.3572515316020604
1595,1.114284130388933
1596,1.0079270939132947
1597,1.4876618597992233
1598,1.04543874992259
1599,1.8831733921751244
1600,1.2550957678237227
1601,1.3551030875039363
1602,1.4885009696504512
1603,1.3855703211578823
1604,1.3335005539752547
1605,1.216959716536738
1606,1.2070762870456337
1607,1.303775985015493
1608,1.6791904285659465
1609,1.1588268462194176
1610,1.5824489917178302
1611,0.9608326557954476
1612,1.173034637308516
1613,1.2649253886999625
1614,1.0074202195374344
1615,1.0558526794886605
1616,1.309807460308053
1617,1.0874218129698927
1618,1.4626584533931648
1619,1.3364182145380963
1620,1.4115616039183352
1621,1.047435442853331
1622,1.1266820875145585
1623,1.637952753271694
1624,1.2970448012052187
1625,1.7721099082215293
1626,1.1778792186934124
1627,1.2592321290468014
1628,1.4220187281574446
1629,1.103253620871839
1630,1.4998919694172825
1631,1.2946136629580351
1632,1.4309355167172384
1633,0.946848530223054
1634,1.1271381880636437
1635,1.2098886574501153
1636,1.067294849497548
1637,1.247020817389047
1638,1.4755658514003938
1639,1.6592277742969832
1640,1.5221769885641554
1641,1.2281565169277326
1642,1.2584364555215257
1643,1.6002571235321894
1644,1.193736292747024
1645,1.0346359399405431
1646,1.487977193920418
1647,1.1189184422867458
1648,1.2790644653732763
1649,0.9697147258211442
1650,1.4402388803879451
1651,1.0022919244768422
1652,1.2177891101463993
1653,1.1919948620654122
1654,1.1176505102673993
1655,1.4897979800357677
1656,0.9662420421299256
1657,1.2970863492493965
1658,1.4184766883601347
1659,0.6706712943821412
1660,0.8549059675479501
1661,1.2644719139649623
1662,1.0995220272691442
1663,1.4282039212074646
1664,1.6598384270145918
1665,1.040257479208674
1666,1.1890539766248074
1667,1.3786243399479532
1668,1.157968579810412
1669,1.0161906433383752
1670,1.255475249292907
1671,1.3313189835234804
1672,1.4785866789698467
1673,1.0741376937338176
1674,1.293585653768618
1675,1.0446602544310886
1676,1.104602772749735
1677,1.2066992947271853
1678,1.0568350176147616
1679,1.0351667722896214
1680,1.4252048091198828
1681,1.5503796993342533
1682,1.3923249957672312
1683,1.246089804402173
1684,1.2823204932510899
1685,1.0002697685008348
1686,1.0492370252884466
1687,1.2220226585755947
1688,1.0073652228243448
1689,1.4527885120263317
1690,1.18098330480548
1691,1.1582417833755212
1692,1.3895789834227616
1693,1.1648524908013378
1694,1.2133314946691647
1695,1.2590757540880144
1696,1.339137175591067
1697,1.3491804309684954
1698,1.4594260241434012
1699,1.2203187511210767
1700,1.0715607439658084
1701,1.2127188746040267
1702,1.3390300863166786
1703,1.0324682981253681
1704,0.6633791971833986
1705,1.3287803328045213
1706,1.1543092085896716
1707,1.1675352629259257
1708,1.525030274709936
1709,1.4213708334405657
1710,1.26805350193602
1711,1.417262172034082
1712,1.1763751918514782
1713,0.9885764311411367
1714,1.4412014226511778
1715,1.1148071558207655
1716,1.2908830191875256
1717,1.4838022686821615
1718,1.0269160610902637
1719,1.0471208178983902
1720,0.8262115724842634
1721,1.2078729352340236
1722,1.4285104453867106
1723,1.4684881068055802
1724,1.289865113287497
1725,1.3355023364947343
1726,1.5872493969833574
1727,1.4406516536959282
1728,1.6495090085490725
1729,1.0395203218494593
1730,1.2479231274060907
1731,0.8954601092308287
1732,1.1096185686810232
1733,1.3825030561439329
1734,1.0663607670560495
1735,1.2719030660384354
1736,1.5590233606327781
1737,0.991683145206718
1738,1.0729677006506402
1739,1.5023926157652705
1740,1.301842081643791
1741,1.4561206751119176
1742,0.9771759396199539
1743,1.4268642388397064
1744,1.3782311994871856
1745,1.368066265734635
1746,1.2871068030930257
1747,1.009341847784744
1748,1.3386970077025875
1749,0.7411731671953747
1750,1.4239300698660877
1751,1.1451336418474802
1752,1.350519450955441
1753,0.8909707732079976
1754,1.4796531327530638
1755,1.5635441632605265
1756,0.9322788526121895
1757,1.304943576655721
1758,1.012767137736524
1759,1.2278983918664608
1760,1.3365634973239207
1761,1.0509914088647452
1762,1.2702733133512758
1763,1.311028180614256
1764,1.2414734960556775
1765,1.180235218416651
1766,0.6228638720409401
1767,0.7724744058926376
1768,1.2107290090134104
1769,1.3170017299872547
1770,1.4057678955836985
1771,1.1695233120784667
1772,1.0829004683354064
1773,1.0701835292225694
1774,0.8333785775316727
1775,0.9768572240558752
1776,1.405565459012658
1777,1.2453242565551272
1778,1.479247523940924
1779,0.9983047699231364
1780,1.0871789054401941
1781,1.4939092951752588
1782,1.0590554544018256
1783,1.5041782977007452
1784,1.5358302312851815
1785,1.4210710850355814
1786,1.348828158256094
1787,1.3327100918396653
1788,1.7997575553129876
1789,1.4321183809727809
1790,1.250641465995734
1791,1.31259242087479
1792,1.3684362413218958
1793,1.0284589041222252
1794,1.5143104371820533
1795,0.8916022089361512
1796,1.3932373589695157
1797,0.7139761487148822
1798,1.5556238138520024
1799,1.726450731031036
1800,1.2683153975840549
1801,0.9455743596014042
1802,1.3058336065727616
1803,1.2228669258426685
1804,1.1765440543624544
1805,1.201044404177148
1806,1.1310689658860387
1807,1.2733261815033032
1808,1.0062514674214549
1809,1.1292972334414493
1810,1.2925171018722876
1811,1.0084164687886223
1812,0.5853521674146164
1813,1.1624556660404999
1814,1.6236279788258259
1815,1.1434504336746611
1816,1.0798355785769904
1817,1.3811262203420775
1818,1.2173186320913765
1819,1.0412113222446902
1820,1.3403536211201106
1821,1.1626545211171762
1822,0.8505495294044931
1823,1.1047451564320563
1824,1.2372126590244406
1825,1.3863458727150764
1826,1.1994045600146501
1827,1.0451296728397015
1828,1.187408470219995
1829,1.1345805276937353
1830,1.0683260497018834
1831,1.382564446316467
1832,1.0766510966252796
1833,0.9921175669522417
1834,0.9658636032614654
1835,1.0883649570755316
1836,1.466337303729341
1837,1.2056779710860663
1838,1.3775314371151608
1839,0.9361686652055681
1840,1.0835591308671804
1841,1.3263200613221704
1842,1.4390421169868703
1843,0.7634967112729976
1844,1.2214299685117416
1845,0.9463975210481065
1846,1.145253109763839
1847,1.0832953557162834
1848,1.2036950451866701
1849,1.2650597157184418
1850,1.3272806048646615
1851,0.9238091523685829
1852,1.2204171232823702
1853,1.0576358836281587
1854,0.9483738283701537
1855,1.1465860157289847
1856,1.2180824754511852
1857,1.3779431245304765
1858,0.9757154572071033
1859,1.1096506538837092
1860,1.0099856287898594
1861,1.3263745437399954
1862,1.378567027622051
1863,1.043617109056937
1864,1.6410602459987118
1865,1.061927179167355
1866,1.6574330103725272
1867,1.0512019546134297
1868,1.0601368102004984
1869,1.2549699591521404
1870,1.1250083655162306
1871,1.5239592629898497
1872,1.0957349323467072
1873,1.0545467161780315
1874,1.0171576120201997
1875,1.0358781117292188
1876,1.1333800969147005
1877,1.1061604841352108
1878,1.4572600578083847
1879,1.131163193875013
1880,1.2755073614909085
1881,1.0659290890497624
1882,1.3713626711920597
1883,0.8018077755444785
1884,1.2110903265093222
1885,0.9630154253208563
1886,1.0576200718958335
1887,1.2723476526120738
1888,1.2159851730145907
1889,1.2288910680224845
1890,1.1045362230570492
1891,1.2840105419666619
1892,1.096438101072771
1893,1.3216995329729229
1894,1.3776416807591658
1895,1.1850617495391131
1896,1.4787626032796792
1897,1.8840978980333376
1898,1.1016390836034724
1899,1.1474850839446777
1900,1.6034168961551272
1901,1.1787746927037988
1902,0.9428584602131078
1903,1.217120401020574
1904,1.4497760624976483
1905,1.4331170192846618
1906,0.9076785485169672
1907,1.4846330717858198
1908,1.1636675258863567
1909,0.8860260838737488
1910,1.2606609032182539
1911,0.9575385595453417
1912,0.9257231342480967
1913,1.2111145765460163
1914,1.4146932440961273
1915,0.8705910277088988
1916,1.263971266810102
1917,0.9697346204681551
1918,1.2230310606706989
1919,1.2891913567163453
1920,0.6157416760832808
1921,1.328734739800187
1922,1.4964339465797565
1923,1.0635922293412634
1924,1.2001486545221818
1925,1.3700514548106215
1926,1.0655469692831327
1927,1.464893854487083
1928,1.6353844161955673
1929,1.052551572054081
1930,1.080736686978918
1931,0.6054507392440189
1932,1.276788175919518
1933,1.5300037950930088
1934,1.4001048414416906
1935,1.4125138944170865
1936,1.395917828373332
1937,0.9849967127960827
1938,1.226602862124841
1939,0.999380544049013
1940,1.1733996603723418
1941,1.0197183736750688
1942,1.2130427590366946
1943,1.0404979801828391
1944,1.434182100124981
1945,0.8616000069780841
1946,1.2657188252750071
1947,0.9808117697927946
1948,1.552094737662501
1949,1.1674190246221963
1950,1.3798722392478824
1951,1.267801732478578
1952,1.3134901513695068
1953,1.7783110544586256
1954,1.0379312668774041
1955,1.1214064068032115
1956,0.9765462101143533
1957,0.9552014546799381
1958,0.9029734811282402
1959,0.7148015371097264
1960,1.087511061339989
1961,0.8315135944205888
1962,1.249455123261353
1963,1.3172299434533405
1964,1.191518064426238
1965,0.8703673338309761
1966,1.4835649639126478
1967,1.208411722773686
1968,1.4905138780374363
1969,0.8864988569523723
1970,1.2219573453430688
1971,1.2259724886462806
1972,1.0503617160152297
1973,1.2084437959995957
1974,1.2224122727993523
1975,1.2677609706323565
1976,1.1888050108067243
1977,1.4921730932724737
1978,1.0884523298337963
1979,0.9231041326320211
1980,0.9973508659539441
1981,1.2857365204443292
1982,1.0348236829125388
1983,1.2685828924026972
1984,1.4851679135133364
1985,1.037260076639184
1986,1.1335780175407002
1987,0.8849616955038546
1988,1.2570905612163619
1989,1.185113056247953
1990,1.0468376528077097
1991,1.2457477830644605
1992,1.0784652176497473
1993,1.1530132982356733
1994,0.6557406061527636
1995,1.0299413382327516
1996,0.9174138366905252
1997,1.6657116850667602
1998,1.3701182404403283
1999,1.0293342178806182
2000,1.2039311211048516
