lower,upper,n_treated,n_control,treated_mean,control_mean,weight
57.0,58.0,20,46,11.206510649645319,9.498249888622105,0.03333333333333333
58.0,59.0,27,34,11.033501029885212,10.71932280219009,0.045
59.0,60.0,25,39,10.292086378194126,10.89177839523613,0.041666666666666664
60.0,61.0,32,29,11.90543196532343,9.603591347533442,0.05333333333333334
61.0,62.0,29,45,9.876673638980504,10.710159875269047,0.04833333333333333
62.0,63.0,29,41,11.002095984470914,10.08331547459325,0.04833333333333333
63.0,64.0,27,35,11.56332438159976,11.139790069015605,0.045
64.0,65.0,34,34,12.896521045094168,11.592218086519846,0.056666666666666664
65.0,66.0,30,32,11.40107215500229,10.339599287555288,0.05
66.0,67.0,29,27,12.364784698528867,10.425918934303544,0.04833333333333333
67.0,68.0,46,32,13.370265781011058,11.91180648276054,0.07666666666666666
68.0,69.0,48,32,13.344754078869324,13.002063949555875,0.08
69.0,70.0,34,32,13.538150545896034,12.665059210326737,0.056666666666666664
70.0,71.0,33,33,14.325311618299354,12.62369090156994,0.055
71.0,72.0,38,33,13.831220060906809,11.977994259389865,0.06333333333333334
72.0,73.0,35,33,14.710458250114243,12.237669105668855,0.058333333333333334
73.0,74.0,44,16,14.829804879121207,13.8115565323827,0.07333333333333333
74.0,75.0,40,27,14.918809660597736,12.989158532650672,0.06666666666666667
