input_row_1_based,y,observed_z,estimated_z_without_Q,observed_minus_estimated_untreated
2,63.042411829616015,15.25399432292168,10.822775453325761,4.431218869595918
3,67.98079760121834,11.181130814100534,11.745934633830293,-0.5648038197297591
7,63.46343451134998,11.181239047738137,10.880138261378582,0.3011007863595552
8,68.50796442145415,16.997953765824956,11.896036417021827,5.101917348803129
11,62.94087466575129,13.586067155545678,10.809072978788592,2.7769941767570856
13,62.421083901526096,14.312523514310572,10.739141910466945,3.573381603843627
14,57.854909710098894,12.874906291723711,9.94634940985453,2.9285568818691807
20,68.74501247011705,5.498609515463258,11.965564301886552,-6.466954786423294
22,69.97293308455565,16.4369570001813,12.327569030464735,4.1093879697165665
23,71.24744205714006,19.601062062570985,12.661878522825365,6.9391835397456205
26,71.04136200648841,9.228758650639682,12.613269967253677,-3.3845113166139953
27,73.25951099728432,13.8100711391736,12.951004950596108,0.8590661885774917
28,68.33800352907393,16.755360117517117,11.846835363692408,4.908524753824709
46,63.59918758911558,9.59121100934744,10.898908216365019,-1.3076972070175792
47,67.16999160982314,8.188058089889573,11.535738704011031,-3.347680614121458
49,74.66899378939631,16.341996930415263,12.863623546614415,3.4783733838008484
51,67.0176189206536,10.671164166251565,11.499708600712824,-0.8285444344612589
59,59.29548669717904,4.746335837664351,10.252443368579215,-5.506107530914863
64,65.1026238065675,7.901781506715879,11.124558116627941,-3.2227766099120627
72,57.645552653538864,8.54568183279287,9.896793191151861,-1.3511113583589918
73,71.9750593067103,10.421919957623588,12.809736353132408,-2.3878163955088194
75,74.00477434571715,14.607152447001264,12.941544560536013,1.665607886465251
76,61.19797234475213,16.963133865848622,10.56916068835582,6.393973177492802
81,68.1563639757623,10.14182302631632,11.795045678069869,-1.6532226517535484
87,69.77723610915183,11.635572247080392,12.270979852252257,-0.6354076051718653
96,72.13435382572113,9.752134922373767,12.836373756691271,-3.084238834317505
105,65.74209870289363,13.451558435289886,11.235857883110006,2.2157005521798805
107,68.41717250631027,18.12534748145924,11.869673994769329,6.255673486689911
112,66.44100430813634,8.746037921670679,11.372588168209749,-2.62655024653907
113,72.39699639153503,12.258984604837632,12.875144768726084,-0.616160163888452
114,66.31260112098178,6.608828423002777,11.346132221162874,-4.737303798160097
115,64.30423369895365,13.495940929457236,10.999843753693334,2.496097175763902
120,60.54602715629685,15.58436891052831,10.470347522375958,5.114021388152352
121,72.13362941179417,15.225526913184275,12.836257801210538,2.3892691119737375
131,74.73107183416855,18.56638256127048,12.852654992757868,5.713727568512612
132,61.19656648003476,10.41434843474532,10.568955697920249,-0.15460726317492934
136,73.79410974553434,13.038789935616483,12.952073843096864,0.08671609251961954
145,67.85237721573539,7.05242972857247,11.710698214921175,-4.658268486348705
150,74.48077388685687,21.692381480266206,12.89291382653506,8.799467653731147
153,69.29496519468154,6.964526030251329,12.128815089948706,-5.164289059697377
157,64.34323274649782,14.253386725560052,11.005640342905595,3.247746382654457
161,72.02632200202184,14.85557860699376,12.818555335958408,2.037023271035352
164,67.64905557795106,10.322728642746016,11.65627138231655,-1.3335427395705342
165,65.40306029589023,11.161787965399592,11.175389921933064,-0.013601956533472404
167,65.3852508127076,8.375490250111243,11.172307720170428,-2.7968174700591852
169,70.28712726309942,11.33331739956069,12.416283722925687,-1.0829663233649978
170,68.94890247698517,14.17800463151506,12.025930044687323,2.1520745868277373
171,74.3283903022879,16.770856224159715,12.912364666092556,3.8584915580671595
176,71.40752808200472,11.59213773664248,12.697757919656178,-1.1056201830136985
177,73.53749889971257,16.23750838085885,12.956365677151798,3.281142703707051
182,72.01736491840322,19.271601415656647,12.81703106209028,6.454570353566368
183,67.29603806608914,13.88971032257616,11.56636620683972,2.3233441157364396
186,71.1596861551737,12.542829981975991,12.641499280904082,-0.0986692989280904
188,73.58404428156065,7.129311941150833,12.956262028681945,-5.826950087531111
194,74.00426747081907,16.404410348920887,12.941577730523726,3.4628326183971616
203,64.85707381353161,14.166468344563016,11.084726174905573,3.081742169657444
204,73.98681613295113,21.28641542123912,12.942696387408175,8.343719033830945
206,72.21802665805204,22.448421504999253,12.849439763736228,9.598981741263025
212,74.90880765263763,17.327640551041924,12.81756910481534,4.5100714462265845
215,58.398793378528495,8.974840216077482,10.069024369158347,-1.0941841530808656
216,65.02437725749677,8.870510145915198,11.111706659550453,-2.2411965136352556
219,62.44777588671215,8.183420931756245,10.742737838810339,-2.559316907054093
221,69.21532770394214,10.394502236126405,12.105142268203394,-1.7106400320769897
224,73.48198300648899,13.114742717248443,12.956107294047785,0.15863542320065882
226,61.57781513451858,16.63168248920855,10.623524797023041,6.0081576921855095
228,62.53957084882886,9.885765982439969,10.755092777644789,-0.8693267952048203
235,58.89876030581152,8.173088870518711,10.174156227169204,-2.001067356650493
238,71.68425367722294,8.592703285413739,12.755503944022369,-4.16280065860863
239,66.1786692308614,15.56197474545322,11.319204552943013,4.242770192510207
241,62.212363818729926,11.68064328409592,10.710942761983222,0.9697005221126975
250,74.02928099587305,15.800960879565904,12.939895011885353,2.8610658676805514
251,74.19847444654714,18.260548902147367,12.926023836280521,5.3345250658668455
263,72.92615983864094,9.39913465218728,12.931754843285448,-3.532620191098168
265,65.64083395099172,5.208636243817025,11.217429781807816,-6.008793537990791
266,72.18773644505843,9.597265605900049,12.84478516746001,-3.2475195615599617
269,58.967914623248085,15.74710179207868,10.188127893066298,5.558973899012383
273,64.34569758911384,13.45386631239775,11.006007587164714,2.4478587252330364
274,68.70614451647631,10.953509485675273,11.954106218472255,-1.000596732796982
276,65.50300185816985,13.458525768516376,11.192855757781007,2.2656700107353682
280,64.67214742703372,11.397372416822922,11.055644407706918,0.34172800911600376
282,64.21307428157759,8.594241229980284,10.98639430481718,-2.392153074836896
286,63.92796494181549,9.871717256846692,10.945156068834095,-1.073438811987403
289,64.67343172427933,8.5528296217347,11.055843840073553,-2.503014218338853
290,60.721939959979125,12.644905964660792,10.497820146581859,2.147085818078933
296,57.68890738972004,11.723020284842852,9.90716281450063,1.8158574703422214
300,73.0200506559824,17.098995523353352,12.938531808622843,4.1604637147305095
302,57.35599040912017,11.708605057190208,9.826092040629105,1.882513016561104
303,70.33999885706426,14.161962425633432,12.430897224010563,1.7310652016228687
304,60.41032947770803,19.048078918417428,10.448688315611061,8.599390602806366
308,68.13704970577054,9.797044320406831,11.789594236175407,-1.992549915768576
310,67.52111272178908,15.511030511726068,11.622977604299068,3.8880529074269994
312,66.77582862427532,11.672618196994136,11.444682163844249,0.22793603314988786
317,69.91790268096327,10.127876770404471,12.311744813060587,-2.1838680426561154
318,74.73878365328336,13.867293037121154,12.851246371659832,1.0160466654613227
327,59.714081967137176,15.164147179787172,10.330180802658587,4.833966377128585
333,72.0088519268708,14.070359751292605,12.815575797781351,1.2547839535112537
334,68.37579722865577,12.05860508479897,11.857719706411412,0.20088537838755727
341,64.75528235189955,12.799316483800371,11.068626048355197,1.7306904354451742
345,57.80633056153254,16.73421355369474,9.934966683590552,6.799246870104188
352,73.28491966943287,10.532961602243164,12.95191049085276,-2.418948888609595
372,58.285180802996486,10.611717937343172,10.04411814905775,0.5675997882854222
378,58.19360968573665,13.10161914080866,10.023768197907845,3.077850942900815
380,67.80984897846443,10.317530655408095,11.699169914352892,-1.3816392589447961
383,66.88523430458574,13.272026043225868,11.469261457349752,1.8027645858761154
390,60.67582737518004,8.16898199176758,10.490682004418526,-2.321700012650945
391,69.18248861675906,17.34719180582513,12.095375580246868,5.251816225578262
392,69.10490257624289,15.7308816742093,12.07229734221782,3.658584331991481
393,71.26870316781964,10.218370036006846,12.666741803371734,-2.448371767364888
394,60.51832286534913,16.015124773502624,10.465959645501426,5.5491651280011975
396,74.90743594355823,13.943321911184183,12.817861078709283,1.1254608324749
397,61.38683961331087,16.642847943874646,10.596434255112108,6.046413688762538
399,67.52432799247676,15.092389245678822,11.623804584519412,3.4685846611594098
400,64.23735607282835,5.200197989530041,10.989963403635986,-5.789765414105945
407,65.47854250054174,11.110477858620293,11.188554347937533,-0.07807648931724032
408,60.59224697488654,15.1153065463082,10.477630067640852,4.637676478667348
409,74.16810532862065,13.354010693231448,12.92883652844881,0.4251741647826375
417,60.29702117872304,8.336504524690909,10.430270247160902,-2.0937657224699926
424,64.60974698216754,16.320932256833867,11.045995592656952,5.274936664176915
427,57.3597559669068,11.987641557226636,9.82702762290972,2.160613934316917
434,73.02128915762663,15.932160780349506,12.938614245568036,2.993546534781469
435,67.85484778467014,9.604882856403774,11.711370145797408,-2.106487289393634
437,67.84151475891085,8.662900495400542,11.707746781083314,-3.0448462856827714
438,57.43494258270555,11.901329919253522,9.845619002760955,2.0557109164925667
441,61.81499012372295,8.20315957334711,10.656595596724364,-2.453436023377254
449,74.80725008450986,12.729194290201283,12.838290791971817,-0.10909650177053365
451,69.95512376693237,8.439746508504172,12.322456094213104,-3.882709585708932
452,70.78817321717473,11.213817117055973,12.550187987060408,-1.3363708700044352
454,74.9754398432263,14.1345848451104,12.802983570202768,1.3316012749076318
455,69.12812501850198,13.479714931070673,12.079204867184272,1.4005100638864008
456,73.84548806298217,16.67720206210235,12.950101235353138,3.7271008267492114
459,73.68057495047475,18.72223630275334,12.955101875108738,5.767134427644603
464,71.90032264467071,14.256312581252208,12.796470679414847,1.4598419018373612
465,73.66988455160218,13.395040327138927,12.955293781427821,0.43974654571110605
466,68.50865343431519,14.334730849259447,11.896237122096538,2.438493727162909
469,68.61204260813919,20.6676504897768,11.926452719866456,8.741197769910345
471,69.94433478549296,13.203962695175406,12.319354788417874,0.8846079067575321
475,65.0065471324357,8.021549513467324,11.108799394351418,-3.0872498808840945
478,58.869722426906726,10.38110583731593,10.168248423044528,0.2128574142714026
487,59.27183495944273,7.823691799521997,10.247902427050162,-2.424210627528165
491,63.19142776000498,13.447908119656985,10.842960120946579,2.604947998710406
492,60.054757096730825,19.21342760193151,10.389801750845223,8.823625851086287
495,64.49055362076243,17.65250151922276,11.027781739136884,6.624719780085876
497,59.70497686797636,13.964461568579871,10.328542628641932,3.6359189399379392
498,72.94872763752363,9.445449143797767,12.933478218578168,-3.4880290747804015
499,71.70982377116852,14.752446532047085,12.760548132018469,1.9918984000286155
504,65.78459649936599,14.55709246761292,11.243688889272287,3.3134035783406333
509,69.29934489833494,9.43765325689235,12.130116267402135,-2.692463010509785
512,59.60148607448016,12.156353957490674,10.30975841260821,1.8465955448824651
514,65.30885802833274,3.735199950731508,11.159187962758185,-7.423988012026678
518,63.32133706925531,14.75819052394688,10.860653447993016,3.8975370759538635
522,71.04524081997705,6.282138110834239,12.614208577794704,-6.332070466960465
532,74.0068621108968,12.629335274620152,12.941407532429869,-0.31207225780971726
534,71.00793662959722,14.908958829223405,12.60514540215943,2.303813427063975
535,63.41130010776057,12.618634325690136,10.872971689260012,1.745662636430124
539,65.76447335815564,20.591786909128505,11.23997356165135,9.351813347477155
541,59.81738381092576,9.365898800410728,10.348603287775514,-0.9827044873647868
552,68.79445901561172,13.757188972914236,11.980167288921098,1.7770216839931372
555,62.80644260603326,12.260769223177924,10.790973715570725,1.4697955076071985
559,71.26706762176771,22.003738229936545,12.666368731461473,9.337369498475072
562,63.668715651826254,14.710164845437808,10.908588864084486,3.801575981353322
565,67.27837691726751,19.533528421034426,11.562029064556574,7.971499356477851
567,72.18638664986456,14.94440255889582,12.844575746098624,2.099826812797197
570,67.29073381543884,13.195762678739577,11.565062034058974,1.6307006446806032
571,57.43194719931046,11.58039471447634,9.844881586461767,1.7355131280145724
572,69.36216501371695,22.09472959463669,12.148768211702865,9.945961382933824
575,65.8256633363472,13.681091757436652,11.251311961713423,2.4297797957232294
576,61.769350949722075,5.0928468834554925,10.650275369776443,-5.55742848632095
581,73.73935773385804,13.144636508354706,12.95376115335406,0.1908753550006459
589,68.75187244216012,13.559472704628435,11.967588552040318,1.5918841525881167
593,68.79889976297837,11.412637595294816,11.981480101718809,-0.5688425064239926
595,61.25775970777157,17.701541079573577,10.577850502878574,7.123690576695003
596,73.22085678192617,11.713694153298531,12.949471018749263,-1.235776865450731
598,71.519110246156,13.736309318553593,12.721719814167416,1.0145895043861763
599,72.27450228283561,16.551912480070026,12.857886176939274,3.6940263031307516
607,63.76143640627414,10.330688245122086,10.92157747938038,-0.5908892342582934
608,60.11211323108656,14.28454923410082,10.399522253599024,3.885026980501797
610,74.82088773759327,9.367067059093936,12.835613151102706,-3.4685460920087703
611,64.31056292231041,13.070603005712565,11.00078271530521,2.069820290407355
612,61.84545413150288,8.830311285199635,10.660803864133626,-1.8304925789339919
619,74.97566682818609,9.69923446307508,12.80293253036991,-3.1036980672948307
622,69.62816134603972,17.047614175575948,12.227359031726461,4.8202551438494865
623,73.28097206481286,12.08880686675514,12.951775176654264,-0.8629683098991237
626,70.38026667214078,6.747623974826418,12.441958374852979,-5.694334400026561
627,68.47479224087579,13.334240014407015,11.886384692978886,1.4478553214281291
632,59.75812219252308,15.39228781337019,10.338071489197613,5.054216324172577
639,71.47971525856829,12.06017760338033,12.713361432753034,-0.6531838293727041
640,57.690368863870944,10.008861905890331,9.90751139346773,0.1013505124226004
641,73.59450111967656,8.019580330438313,12.956198212969293,-4.93661788253098
643,74.67457097936462,12.287431083188435,12.862664956200076,-0.5752338730116406
648,69.54476841520184,19.197215562638707,12.202806269444398,6.994409293194309
650,58.79054356133582,10.986028599463214,10.152015616978085,0.8340129824851292
656,73.42903459566051,19.492182688961964,12.955478217404202,6.536704471557762
658,74.07745119352755,10.195453951782929,12.936389622174755,-2.740935670391826
680,64.1558504198731,12.977926621372442,10.978020386832899,1.9999062345395426
681,65.51879800968169,12.777583545802823,11.195643047068442,1.5819404987343813
690,60.192251016975945,16.081784975186757,10.412956694933088,5.668828280253669
691,70.2850234432955,14.340598571539063,12.415700172713892,1.9248983988251709
694,70.43671992632065,19.16753089449628,12.45736127907972,6.710169615416561
697,68.9981257117199,11.393924750192484,12.040550398880793,-0.6466256486883086
704,74.33264258058267,10.94737450375445,12.911872537214117,-1.9644980334596678
709,58.661529284532335,8.894275029602996,10.125177079430955,-1.230902049827959
711,62.56291732691683,7.16030291362285,10.758232835942822,-3.597929922319972
714,61.492289266769134,11.485906889326085,10.611448638723651,0.8744582506024337
719,71.93153605959441,12.025649625563034,12.802069276512395,-0.7764196509493608
728,59.9583822559423,14.4311759412828,10.373264911512706,4.057911029770095
731,64.03635212569239,11.806402667006497,10.960694626754412,0.8457080402520845
733,66.27356843449125,6.230226066117617,11.338215224522145,-5.107989158404528
734,63.596570986741256,6.759104955841923,10.898544831361779,-4.139439875519856
735,71.22474557236104,20.093336098108367,12.656654681090751,7.436681417017615
742,64.36415268223996,12.930174297880232,11.008760648304593,1.9214136495756389
743,73.38556243270483,17.685507582958103,12.954685708984012,4.73082187397409
745,66.86786194280721,10.687705588943658,11.465323733598268,-0.7776181446546104
747,68.890298965576,8.741930501316336,12.008542598676092,-3.266612097359756
752,71.92723258562704,10.502937977549434,12.80130232076833,-2.2983643432188963
754,67.16749087546432,13.745866071392536,11.535138679160578,2.2107273922319575
758,58.796931152611215,14.03078250792745,10.153331885978185,3.877450621949265
770,74.51934026458042,11.054808852400466,12.887391883428748,-1.8325830310282818
772,59.6048160908104,10.210035803858394,10.310367539687281,-0.10033173582888644
776,59.55153241812217,8.033274392796384,10.300583250195444,-2.26730885739906
777,65.40552752340744,4.910139180255827,11.175817624917947,-6.26567844466212
782,62.27390864527576,14.068905836373236,10.719275364603105,3.3496304717701317
783,63.359239236270895,13.801673619537848,10.865836113879391,2.9358375056584567
784,69.91151051734293,13.379276639087443,12.309901947637362,1.069374691450081
792,68.7865547326851,17.227987207479394,11.977831077835024,5.25015612964437
793,61.202127966869526,5.193353320143322,10.569766445381518,-5.376413125238196
802,58.15734972724206,15.5906567054897,10.015641945518745,5.575014759970955
804,60.511071877716496,7.9948909433326385,10.464808370460442,-2.469917427127804
805,70.91971794317229,13.885299931199995,12.583398138221598,1.3019017929783967
806,62.01909765274047,7.209331641302239,10.684646242952661,-3.475314601650423
808,63.637441518735535,10.7531522764446,10.90422844618056,-0.15107616973596016
811,60.85946732796262,4.833978096785728,10.518855626935558,-5.68487753014983
818,57.67415991944279,10.192641050742631,9.903641800211453,0.2889992505311785
821,72.77194671901037,13.52377294711538,12.9184133730379,0.6053595740774789
828,61.54727324255971,4.7338327424762525,10.619222270808486,-5.885389528332233
838,70.10395586719774,17.570825875042203,12.364924838785425,5.205901036256778
850,74.63964371804407,12.809369971284234,12.868581306566988,-0.05921133528275391
853,66.95771969301393,12.417839238678395,11.485835323521306,0.9320039151570896
855,60.088629335363485,11.378957627427608,10.395553047523865,0.983404579903743
859,57.79972529150616,7.8759760620433426,9.93341356377566,-2.057437501732318
863,65.58555353363853,14.277015880339414,11.207504677993557,3.0695112023458577
864,70.80956779783935,16.17818396312467,12.55565070782488,3.622533255299791
874,61.94052798130895,8.348937480088193,10.67388695479163,-2.3249494747034376
877,58.993380524244074,3.1966049775731302,10.193238226726116,-6.9966332491529855
881,65.42883277965569,15.114139229999273,11.179866268089008,3.934272961910265
887,59.30110867004291,8.636289229611346,10.253520394735792,-1.617231165124446
889,67.6462316364945,15.191320546039524,11.655528191116229,3.535792354923295
894,65.68501713102299,7.992746094280298,11.225430490816873,-3.232684396536575
895,73.18366230877545,17.83009130293848,12.947818371626987,4.882272931311494
896,61.06037860571927,6.991493799247316,10.548949006165383,-3.5574552069180676
910,61.11224984867504,10.258388036088046,10.55660458797564,-0.29821655188759344
911,67.27189411197803,14.12206880783042,11.560440814854363,2.5616279929760566
913,72.426744416323,11.642799012985703,12.879111948270927,-1.2363129352852233
916,59.21082467968488,13.600425775031963,10.236115224668664,3.3643105503632995
920,63.499325565508826,8.923865758977831,10.885084904106298,-1.9612191451284673
921,72.3209730116352,17.935706405497648,12.864606502753253,5.071099902744395
923,71.38087012585575,20.9479169218522,12.69190346930368,8.25601345254852
927,66.88774904413216,11.192755128633934,11.469832562048577,-0.2770774334146431
928,70.19882975841084,18.6529507338264,12.391661835224014,6.261288898602388
931,68.31020008203544,13.265836835764546,11.838850569612598,1.426986266151948
936,70.82183679714271,12.241099375327918,12.558772824378275,-0.317673449050357
937,64.05605180035249,12.357895337207458,10.96353636795816,1.3943589692492981
939,71.20993668500087,13.062132979378584,12.653228478243767,0.4089045011348169
944,62.74826568911836,11.89144276633469,10.783150299774862,1.1082924665598277
945,62.14710614545625,5.639062336527223,10.702087464395902,-5.063025127868679
946,65.15963297018271,12.2265695089644,11.134019005404543,1.092550503559858
951,73.62205241549512,22.070353719354245,12.955958416579843,9.114395302774401
954,67.10977259359353,12.893946654849788,11.52137102825451,1.3725756265952782
956,68.37365779010406,21.059789068995848,11.857102648915976,9.202686420079871
958,68.93296511550398,14.240668396629252,12.021199211447145,2.2194691851821062
961,61.36915638323846,4.574076593884644,10.593902132163905,-6.01982553827926
966,61.601754308147335,9.423101055664729,10.626889695722838,-1.203788640058109
981,62.471615571729615,15.357871252120516,10.74594807701786,4.611923175102655
989,61.75274894095354,9.909480095749151,10.647971451173383,-0.738491355424232
992,70.53238449947534,15.502402879022128,12.483170654490337,3.019232224531791
997,72.57891013527626,10.176238147745504,12.89799175147473,-2.7217536037292263
1002,60.86180740060416,13.667553664831528,10.519210373177081,3.148343291654447
1003,66.35273909926221,11.304563228981676,11.35433380323048,-0.04977057424880371
1007,73.99349615807763,19.181924213625816,12.942273547330437,6.239650666295379
1011,69.56072683203061,17.494868339078433,12.20751198485065,5.287356354227784
1012,70.03029466810952,8.01691971109689,12.34398130156821,-4.32706159047132
1014,68.05267367190264,12.348777513076096,11.765917044507903,0.5828604685681924
1015,67.35730276959032,13.50425106415942,11.581528407316023,1.922722656843396
1016,66.12735475464122,15.979465129547291,11.30906289929083,4.670402230256462
1023,62.38571271804467,8.389883582431452,10.734373791561758,-2.3444902091303064
1024,59.5272112290736,9.588955552837856,10.296090532996569,-0.7071349801587132
1027,74.58437382462793,17.750649875969657,12.877523355834452,4.873126520135205
1032,68.98653731875876,10.761324823922742,12.037107298037359,-1.2757824741146173
1033,64.86744938940231,7.71222375039824,11.086380341212326,-3.374156590814086
1036,70.42128168013281,14.701236925619057,12.453161402916882,2.248075522702175
1039,70.18524309307735,19.95928904970561,12.387850193112836,7.571438856592774
1041,67.68732912634175,13.462609221711068,11.666379794200028,1.7962294275110402
1046,68.80092558956858,10.268013497716089,11.982079063586328,-1.7140655658702393
1049,67.97397979406827,16.673926181116144,11.744048587517419,4.929877593598725
1050,65.99467599143395,16.110201463744456,11.283277499280441,4.826923964464015
1054,67.69272749243818,13.910170857484228,11.667810859052485,2.242359998431743
1057,58.341628519918565,3.5001827319954315,10.056539931713154,-6.556357199717722
1059,70.43234268088878,21.583745227621,12.456171434610551,9.12757379301045
1062,72.60368869132438,16.192875596586113,12.900837693048615,3.292037903537498
1063,72.50235369534339,11.706961359379164,12.888791668756992,-1.181830309377828
1064,62.30693795640924,11.385524311552873,10.723740544776586,0.6617837667762867
1065,68.10030770576532,16.788285202550846,11.779255787878448,5.009029414672398
1069,57.49798714668095,10.235382390001488,9.861077057191158,0.37430533281033007
1072,70.02112053058063,10.22093965240121,12.341362277341185,-2.120422624939975
1076,61.7033119455011,10.176936755645402,10.641095009138972,-0.4641582534935704
1077,58.06254865431521,8.442139469659443,9.994212900003724,-1.5520734303442811
1079,73.77184537265533,15.249895228853248,12.952811335183258,2.29708389366999
1080,67.04640785964311,7.5790833746562285,11.50643420330809,-3.9273508286518624
1082,67.85833696026273,14.97840324097642,11.712319522148187,3.2660837188282326
1087,58.31989692458843,11.491765099591412,10.051768778113248,1.439996321478164
1089,60.18725292241144,8.38947256157456,10.412123729541488,-2.0226511679669272
1091,61.45933736010342,11.899726350463636,10.606772124052378,1.2929542264112577
1098,64.68278239076729,15.787692365725276,11.057296900181665,4.7303954655436105
1107,68.27205229386757,9.605715657513713,11.827927276228186,-2.222211618714473
1108,67.68887691045383,17.426931235993823,11.666789966844421,5.760141269149402
1111,64.9149108838429,17.242384982514668,11.093978699381406,6.148406283133262
1115,63.579389220059326,12.322802208694894,10.89616031541729,1.426641893277603
1120,61.38192006133136,6.078704137745053,10.595730232085916,-4.5170260943408636
1121,71.32160510749995,20.686570570606968,12.678713928994114,8.007856641612854
1122,66.59991078939372,12.602211572201218,11.406229679822719,1.1959818923784997
1124,60.44465826096511,13.837587461637362,10.454207775773849,3.3833796858635132
1131,67.17418491044154,11.678217796264867,11.53674550155796,0.14147229470690803
1132,73.15332212537551,9.234460685726514,12.9463430952858,-3.7118824095592853
1134,66.28309449942473,17.979220104024524,11.340142087087507,6.639078016937017
1135,64.52380299222379,16.89299980747674,11.032834681153423,5.860165126323318
1136,64.95723488234896,18.160467441309983,11.100799012937896,7.0596684283720865
1142,66.86742100484857,12.214373738996509,11.465223960242692,0.7491497787538162
1144,58.977986511324715,10.00695311184542,10.190151285851583,-0.18319817400616323
1146,73.7025797531822,13.428011756084963,12.954656700138012,0.4733550559469517
1149,69.70439374572815,14.674748030431704,12.249713245629938,2.425034784801767
1150,70.83667410759875,11.002494070788025,12.562538129720187,-1.5600440589321618
1152,67.38043952492087,15.99893618186814,11.587302085640495,4.411634096227646
1159,64.24685702056641,15.659726028384725,10.991362528560174,4.668363499824551
1161,64.53826351712374,15.349586732098818,11.035038905424653,4.314547826674165
1167,58.825990801102776,16.35537478648476,10.159305212061941,6.196069574422818
1168,62.48169026423496,11.759822055301594,10.747304359764748,1.0125176955368467
1170,61.334483216694885,2.9102262269327857,10.58892473421154,-7.678698507278755
1172,68.22955831401575,15.665968797318191,11.815805333480684,3.8501634638375073
1173,73.74003149096464,16.46769079974703,12.953742971380448,3.5139478283665806
1177,73.57500967283246,11.62010013127268,12.956305157046117,-1.3362050257734364
1181,74.67194449787395,11.659908999751568,12.8631170456396,-1.2032080458880312
1188,60.36977552922375,15.140223630538507,10.442132018664068,4.698091611874439
1189,72.4805182738539,15.097859862271484,12.886056209936218,2.2118036523352664
1190,71.33195706367582,6.732632028116726,12.68103489546346,-5.948402867346735
1195,66.60513967273876,13.619583329234134,11.407354036891489,2.212229292342645
1196,59.96886207495488,9.715314659087635,10.375075677255222,-0.6597610181675861
1200,62.844806705305935,9.11630946298746,10.796135210034782,-1.6798257470473228
1204,63.04452518864519,11.095740820980046,10.823061035350587,0.2726797856294585
1212,71.60904142091943,19.154029081987165,12.740373045996153,6.413656035991012
1213,74.27214730425318,16.039939757968572,12.9186038853035,3.121335872665071
1215,58.210186742869794,11.703407627990124,10.027470408114944,1.6759372198751805
1216,71.68318434403109,11.17492220333878,12.755291882577371,-1.5803696792385917
1224,67.74640240953407,18.346048120513416,11.6821094241558,6.663938696357615
1229,70.35120908197256,17.039362165008235,12.433982631329705,4.60537953367853
1232,65.56553871489923,9.539683935099362,11.2039342069605,-1.664250271861139
1235,74.15244563342442,18.80336376281405,12.930231219123922,5.873132543690129
1236,73.3275874292217,20.19541040615083,12.953246164880387,7.242164241270444
1238,73.21904338013235,12.337660662662667,12.949394448612424,-0.611733785949756
1240,67.88075161417851,11.365205699074734,11.718429753497366,-0.3532240544226326
1241,65.06639669552897,13.16594413467605,11.118589056852569,2.0473550778234806
1244,66.85967686707582,12.52696806674707,11.463473040920558,1.0634950258265121
1250,71.1522343055534,13.188229721950416,12.639746501836104,0.5484832201143117
1259,62.79730577742368,11.113021449777769,10.78974477151737,0.32327667826039885
1266,73.67402220089697,15.721793499307608,12.95522139171,2.766572107597609
1267,68.17660258300808,8.874339229410062,11.80077012302508,-2.9264308936150183
1271,74.58520707076207,20.123180310160457,12.87739234808156,7.2457879620788965
1275,60.020781847538686,14.35226023220384,10.384001425622966,3.9682588065808737
1277,59.988121631598666,8.282903251564113,10.378395451754304,-2.0954922001901917
1280,61.25847483675092,11.805815507006333,10.577954119009545,1.2278613879967875
1282,68.99511020728471,13.347508409579914,12.039654384157352,1.3078540254225626
1283,59.50978337649531,6.631690004194764,10.292860879336223,-3.6611708751414582
1284,62.34315530716885,12.21064019246086,10.728631915456319,1.4820082770045406
1286,71.03583547915291,15.856298722855076,12.611931121601893,3.244367601253183
1288,72.57961622587845,21.662081184032647,12.898073748395673,8.764007435636975
1292,71.59293671563161,17.97176080427303,12.737077035549323,5.2346837687237056
1294,69.04516205202262,9.57986289800706,12.054531261499012,-2.4746683634919524
1296,67.78851818826224,11.269760052658164,11.693415401003728,-0.42365534834556406
1299,59.759023735608096,8.654298924594361,10.338232448455482,-1.6839335238611213
1303,63.4717263815112,13.873609075284143,10.881280117574342,2.992328957709802
1307,69.62860470074239,11.971962244226145,12.227489303874822,-0.25552705964867783
1318,63.88875555949723,7.220968631627722,10.939573549211914,-3.7186049175841926
1324,72.97404472146945,13.937408434606075,12.935340690179535,1.0020677444265402
1327,68.85581226306999,17.50714973757981,11.998322537598598,5.50882719998121
1331,63.60957296157007,15.104542710765353,10.900351156527897,4.204191554237456
1335,57.607460558856616,11.230188813875968,9.887635944777115,1.3425528690988529
1337,68.41052195125316,10.798264636933393,11.867749866582498,-1.0694852296491053
1340,63.69195773910005,12.641072244592843,10.911835973398919,1.7292362711939244
1342,59.582882391237774,7.062977957408124,10.306349656766752,-3.2433716993586277
1343,62.76944512002458,14.990069352080914,10.785998019118693,4.20407133296222
1345,60.3676262940016,6.7773318598240095,10.441783456461714,-3.6644515966377043
1352,63.71412289079549,10.9763314778551,10.914937975115532,0.06139350273956801
1353,64.17735739492298,15.2932093184797,10.981161583520695,4.312047734959005
1354,66.48217710695164,10.99173299112195,11.381207646370095,-0.3894746552481454
1360,73.80840995719836,13.981707510698431,12.9515628430893,1.0301446676091306
1372,67.94699552466246,17.395753778485997,11.736600235318829,5.659153543167168
1374,68.6799119066576,11.14302448080462,11.946384292734946,-0.803359811930326
1376,65.41601604081366,10.78683663174639,11.177637788676039,-0.39080115692964945
1377,62.14785997838287,11.744088464366646,10.70218988582932,1.0418985785373263
1384,59.667517919026245,6.989490920068436,10.321778496230188,-3.332287576161752
1390,74.08266397207622,13.595809770319088,12.935989264095022,0.6598205062240652
1393,68.1011139870972,11.703767331151182,11.779482201169492,-0.07571487001830945
1397,64.80814782644114,10.677847888550636,11.076958848138723,-0.3991109595880875
1401,67.72016973948361,11.936876784963726,11.675105534639945,0.2617712503237808
1402,58.199881313896114,9.41251871536697,10.025169812547942,-0.6126510971809722
1406,62.26510731019674,14.239613343287877,10.718084772063103,3.521528571224774
1410,57.41788439405312,14.197238430828955,9.841415939693617,4.3558224911353385
1411,62.087921733699375,4.667206693570996,10.694036098069382,-6.026829404498386
1417,64.00244577102586,15.364883581787844,10.955816414514562,4.409067167273282
1419,66.00435076253333,16.48022092374758,11.285136803354504,5.195084120393076
1427,58.019413565900926,8.378917496427892,9.984374728582544,-1.6054572321546523
1428,72.66764759757542,21.46076376139365,12.907880998156692,8.552882763236958
1429,73.73159152524623,12.593773783632455,12.953966108930185,-0.3601923252977297
1431,67.193724504155,13.421782180060752,11.541447805602798,1.880334374457954
1436,57.817340988133,10.638543525511846,9.93755271843643,0.7009908070754154
1437,63.26792109656374,13.89900535746475,10.853365814832296,3.045639542632454
1451,58.002358480286766,9.689784965097257,9.980469662416825,-0.29068469731956803
1452,67.34312004097293,16.92184837996873,11.578002123711634,5.343846256257095
1455,62.39789655405133,10.850883951407315,10.736016603508027,0.11486734789928832
1456,67.58679709655854,7.765978265203724,11.639972537422738,-3.8739942722190133
1468,74.81159691872875,17.807450519436692,12.837440842398614,4.970009677038078
1470,68.63954377953128,13.984923686650244,11.934520656946898,2.0504030297033466
1471,65.72629663377066,7.306385403429527,11.232960865248158,-3.926575461818631
1477,64.12472534960767,10.418009971483896,10.973487072812425,-0.5554771013285293
1479,61.68913096170474,7.604731643630966,10.639117985158316,-3.03438634152735
1480,72.1570411284099,13.46789448123687,12.839980812913975,0.6279136683228952
1483,74.28989832484153,18.76604154906031,12.916688768418766,5.849352780641546
1484,67.26038851569666,11.963694292813951,11.557626979124498,0.40606731368945326
1485,68.4536841465818,18.520139689517123,11.880254782729692,6.639884906787431
1494,73.69453977487245,13.422065251229611,12.954827197591932,0.46723805363767923
1499,73.64678820826924,22.013835169633435,12.955654206513001,9.058180963120433
1502,73.42492618402643,18.47401817480956,12.955413922279016,5.518604252530546
1504,70.12879293588499,19.29307662406719,12.371951071825169,6.921125552242021
1505,68.31567198676498,19.529275159308227,11.840420490872596,7.688854668435631
1507,58.10846187435547,12.034983692306898,10.004624329106305,2.030359363200594
1517,71.182601065295,9.341209744099634,12.646867583538901,-3.3056578394392666
1524,66.40291479196192,8.359285704692132,11.364673589998013,-3.005387885305881
1525,58.3167656008146,14.613541630093213,10.051080157390706,4.562461472702507
1530,72.02505588918146,19.91573893156264,12.818340305481005,7.097398626081635
1531,58.34244657654438,11.022918813462386,10.056719265027299,0.9661995484350872
1532,71.75934236142223,14.59136085790836,12.770169614874678,1.821191243033681
1538,64.89187368146004,13.270901249519396,11.09028403685381,2.1806172126655863
1539,71.90562645386754,12.75985305908486,12.797427841187536,-0.03757478210267706
1543,65.33661412084035,17.155986381665763,11.163935992901823,5.992050388763939
1544,69.8059794948994,10.35562586673194,12.279343789798325,-1.923717923066386
1549,63.737113863738365,9.81578435407428,10.91816119143457,-1.102376837360291
1552,69.03149660789106,12.203357340920588,12.05046858774908,0.15288875317150818
1557,59.452589451213065,12.3147149606351,10.282201451768444,2.032513508866657
1560,63.63153508471432,10.448508774941011,10.90340605220712,-0.4548972772661095
1562,58.05430424823109,12.584302355250395,9.992336780887197,2.591965574363199
1564,58.073710453926886,16.86477510439817,9.996749710422748,6.868025393975422
1565,71.49364195491175,18.552845671008715,12.716329064261355,5.8365166067473595
1569,73.94237570598753,14.528340772181988,12.945340928597377,1.582999843584611
1572,68.68867608816295,6.196181337858165,11.948963089916324,-5.7527817520581594
1577,69.08893729304388,16.43967035452921,12.06754879703343,4.372121557495779
1580,69.2191452898947,12.730819977875935,12.106277521864813,0.6245424560111221
1581,68.16796026444217,12.90245936962408,11.798324162281958,1.1041352073421216
1583,63.43098919521627,13.270490028963383,10.875675678288427,2.394814350674956
1587,60.033156238653206,8.24907318934197,10.386117690296212,-2.137044500954241
1594,67.56677526768235,13.936630043327783,11.634769934813697,2.301860108514086
1596,70.00280253958235,17.522110691938114,12.33612610367586,5.185984588262254
1600,66.23591347522658,14.978761463198968,11.330631970476066,3.6481294927229015
1604,69.2815156150179,13.138282656366377,12.124818768430199,1.0134638879361777
1606,68.84388902166559,7.5250378410858065,11.994791478878012,-4.469753637792206
1607,66.28534867094987,15.004274109530025,11.340598544617079,3.663675564912946
1610,69.85734350424693,10.3144815767933,12.294247623531664,-1.979766046738364
1619,70.51578834776043,14.833158338197494,12.478720421535593,2.354437916661901
1620,70.70607527817995,12.070463350173975,12.529013728713313,-0.45855037853933744
1628,67.87658146197977,14.695883558521627,11.717291487117553,2.9785920714040746
1631,69.82377299688622,13.287061939601752,12.284513068236743,1.0025488713650095
1634,73.7869520796156,13.726561398266398,12.952318640585007,0.7742427576813906
1635,66.53851701024733,11.634583117056176,11.393111762253064,0.241471354803112
1638,61.47669483035156,12.28843464293139,10.609237179473542,1.6791974634578484
1642,67.35578296375354,15.899308058993796,11.581150064339992,4.318157994653804
1644,69.31422383357416,15.157515644573394,12.134535982012897,3.0229796625604965
1648,74.78714149807062,17.723344821230157,12.84217996177128,4.8811648594588775
1650,70.35394203256075,9.739767527922515,12.434734119971788,-2.6949665920492727
1651,57.48419470805146,14.403416225706962,9.857705451463671,4.545710774243291
1652,68.52855074925797,13.345171800821786,11.902037026742985,1.4431347740788016
1653,60.79388609977807,13.75415722820188,10.50887104865307,3.2452861795488097
1655,57.735698710209526,15.224250453355848,9.918291466395692,5.305958986960157
1656,60.20339379648016,10.77088418605168,10.41481138298215,0.35607280306953015
1659,62.08706881715892,11.76669711167226,10.693919916893332,1.0727771947789275
1662,71.53960730080813,16.17547999192729,12.726023975968488,3.449456015958802
1663,58.3769695085071,14.290409001488078,10.064269467154634,4.226139534333443
1664,68.2684950542728,21.59409252996099,11.826910646264492,9.767181883696496
1667,67.84825482571675,17.715714641921974,11.709577569736332,6.006137072185641
1671,57.72953668010169,12.381135954423277,9.916829647595236,2.464306306828041
1672,66.35544913261363,19.12918111462375,11.354889780730364,7.7742913338933874
1674,64.84798022849941,12.098012186998824,11.08327841406601,1.0147337729328143
1677,72.13994590383592,13.603197220969498,12.837267246200486,0.765929974769012
1681,62.9283047639714,9.272042773985314,10.807378887240912,-1.5353361132555978
1683,73.49522067642953,16.52942280682319,12.95620638373456,3.573216423088631
1688,65.9674487514076,9.249010557870768,11.278062345690236,-2.0290517878194674
1692,68.62613730862971,9.048894888668585,11.93058614288079,-2.881691254212205
1696,60.55782143993838,15.639451085323802,10.472210340263878,5.1672407450599245
1697,59.77630618389372,7.08249112366255,10.341313593732862,-3.258822470070312
1703,72.82867707486332,14.582864658886178,12.923635386767936,1.6592292721182424
1704,72.32612771328628,13.140038142391615,12.8653390173294,0.27469912506221483
1706,74.70836000536012,13.830078618855689,12.856744252960047,0.9733343658956422
1707,64.9461030343249,14.643026121131278,11.099001059376555,3.5440250617547235
1711,74.61024417784344,11.984340056630536,12.873401673788821,-0.8890616171582852
1712,60.76666651525096,7.667585218192219,10.50470229630888,-2.837117078116661
1717,68.72905142314733,12.47177321076328,11.960856731410624,0.5109164793526553
1719,59.316088019102565,12.850635605663744,10.25638565586245,2.594249949801293
1720,68.33260023346243,14.761756010262744,11.845282091744984,2.9164739185177595
1722,67.83844457424688,16.630741860783683,11.706913434735679,4.923828426048004
1727,63.03869339438569,5.912204629992938,10.822273016112446,-4.910068386119508
1732,69.57851018236994,19.495809084845465,12.212751964398514,7.283057120446951
1736,66.26690311095736,12.45281366564959,11.336869041318579,1.1159446243310107
1737,69.90931028690986,10.527096800693885,12.309267395947852,-1.7821705952539677
1741,60.61877559470735,10.873811187393764,10.481788951404777,0.39202223598898733
1742,72.29744302697756,17.972089689524477,12.861229878661296,5.110859810863181
1743,74.62715541416051,18.29828338749676,12.870646672836004,5.427636714660755
1746,72.33012302679974,15.787921920286726,12.865904989350472,2.9220169309362536
1748,69.2824307716539,12.2172472566541,12.12509071755675,0.09215653909734911
1750,65.07306449139027,13.902622555436688,11.11968521704294,2.7829373383937472
1760,60.182228427592285,9.62437036716615,10.411285710246165,-0.7869153430800147
1762,71.57212640873641,12.706621925406912,12.732789090119256,-0.02616716471234426
1765,71.23892307221192,10.637246253595844,12.65992166984293,-2.022675416247086
1766,65.20262721706546,12.20460376198429,11.141209780309847,1.0633939816744427
1773,69.90771715747394,9.852778678086036,12.308807862450532,-2.456029184364496
1777,67.56379496737193,16.842831218729092,11.63399716592614,5.208834052802953
1779,61.84779106616368,13.061509183302803,10.661126350416305,2.400382832886498
1783,57.7409531124786,4.476517063055673,9.919537074661772,-5.443020011606099
1785,57.48210885932723,6.2102679062691735,9.857195062140539,-3.6469271558713654
1786,72.27622352342723,16.934665941066058,12.858138815055062,4.076527126010996
1787,66.77362882681666,13.228650847121834,11.444193258809094,1.7844575883127405
1788,60.70831177352808,12.947866501329328,10.495715088826627,2.452151412502701
1789,64.47170525010128,6.286919820424167,11.024926673748958,-4.738006853324791
1792,73.52866495172401,16.17120782817157,12.956352248529189,3.214855579642382
1795,59.88089467090788,17.454657044594587,10.359780756204918,7.094876288389669
1798,61.96592755635953,8.40967927625237,10.677370088844619,-2.2676908125922477
1799,67.04121225204321,16.546009829611204,11.505217625724317,5.0407922038868875
1800,72.27758594607353,18.232210070026188,12.858338584936112,5.373871485090076
1802,64.90716763316885,6.832297883716574,11.092735471871457,-4.260437588154883
1804,64.77132342363737,11.453613585856225,11.0711479934733,0.38246559238292477
1805,61.70292025678768,13.623771578111167,10.641040429874591,2.982731148236576
1809,71.42560378025273,12.127706967380792,12.701699508201237,-0.5739925408204449
1812,62.93650068651442,16.903079078166257,10.808483432741276,6.094595645424981
1819,68.5718383292751,7.816104581068432,11.914680437635012,-4.09857585656658
1822,70.42393510947622,21.08629165985395,12.453883920588769,8.63240773926518
1824,66.54652235749467,10.162585599771512,11.394813574338622,-1.2322279745671096
1825,70.5808308218186,15.348984281319783,12.496093708116629,2.8528905732031546
1826,74.12192022029677,9.265970322299998,12.932841570776612,-3.666871248476614
1829,58.06680821547752,7.824731591243813,9.99518143060015,-2.170449839356337
1835,67.8818023162645,9.24717069653187,11.71871665481438,-2.47154595828251
1836,73.83580803186241,14.584799780102774,12.950501902723559,1.6342978773792147
1837,67.44449579589872,7.3851916160690845,11.603424752109012,-4.2182331360399274
1838,74.36107474839598,15.469072003190398,12.908507844269863,2.560564158920535
1842,68.6435980204379,12.644724560264684,11.935711039986142,0.7090135202785426
1848,59.68769517253291,4.868939967526566,10.325426909959912,-5.456486942433346
1851,73.3543174885319,11.772304666674032,12.95396390134524,-1.1816592346712085
1853,68.15178929810463,12.907031520841816,11.793753449279045,1.113278071562771
1854,73.75815157970617,9.199589906689432,12.953229919034724,-3.7536400123452918
1856,70.98072369993213,16.31716325009429,12.59848355997261,3.7186796901216788
1857,72.77181308505612,11.472462322572992,12.918400646487605,-1.4459383239146124
1864,74.53070255535779,12.608677891758736,12.885718283005597,-0.2770403912468602
1865,72.2763549874181,13.531061186083935,12.85815809919858,0.6729030868853556
1866,70.2260493605972,15.70724511364634,12.399280008064029,3.307965105582312
1869,69.0663785206663,13.65177230831536,12.06083989375948,1.5909324145558799
1870,74.17675858927302,10.679036640708055,12.928049624964158,-2.249012984256103
1871,71.06148258744187,12.235111948091522,12.618129257829775,-0.38301730973825343
1873,74.79848972842233,17.795162535464346,12.839993748639179,4.955168786825167
1881,62.67317479703077,9.076312253305247,10.77305593832627,-1.6967436850210227
1883,72.42667488756743,8.563285874538643,12.879102779676796,-4.315816905138153
1887,70.64502703597185,12.938868716670289,12.513057776778702,0.425810939891587
1892,68.72170212808092,20.98617546583931,11.958690200293074,9.027485265546236
1897,69.9572161960458,19.420350725469575,12.323057230365047,7.097293495104529
1898,71.84011027236886,17.94989395695943,12.785438437622364,5.164455519337064
1900,59.261591127393295,12.280711383609455,10.24593074101211,2.0347806425973456
1908,70.70900820944186,16.479087412889907,12.52977584921808,3.9493115636718272
1911,61.197849224693286,7.15989818235187,10.569142737324182,-3.409244554972312
1913,66.3757767029736,5.277347403182993,11.359069107159964,-6.081721703976972
1914,66.3694296712883,12.042402461009535,11.357762452761163,0.6846400082483726
1917,66.70239790500615,16.220520334178392,11.42847355791941,4.792046776258982
1925,67.94186392999553,17.479446570805422,11.73518678831314,5.744259782492282
1934,70.2683340644842,8.803531058057358,12.411065452298914,-3.607534394241556
1940,70.97048244873338,5.910166343559629,12.595965599419557,-6.685799255859928
1941,64.32845290381523,16.30785705826251,11.003440466659173,5.304416591603337
1942,63.065724782847866,14.780011786237653,10.825926747540212,3.954085038697441
1943,62.45247333511263,11.238568447007816,10.743370496319603,0.4951979506882136
1945,60.28336233779184,11.602953945472924,10.428028794848004,1.1749251506249205
1949,73.51213702513206,15.506709804453203,12.956298916907672,2.5504108875455316
1951,60.6106659636372,16.736055439070956,10.480519219547814,6.255536219523142
1953,60.236077731731264,11.116637870253204,10.42023311116797,0.6964047590852331
1954,74.77275828481673,21.761265339957152,12.844918795250903,8.916346544706249
1955,63.74285209411259,8.847141894209363,10.918966572265285,-2.071824678055922
1956,67.69671298743947,13.877372414599783,11.668868215129551,2.208504199470232
1958,73.25657250951213,18.17804452123897,12.950894951799514,5.227149569439456
1965,61.45990167180239,10.005660478140118,10.606852325725502,-0.6011918475853832
1968,73.95105924952425,9.371796637009293,12.944847154339914,-3.5730505173306213
1969,71.53198352688837,13.433239589047098,12.724426662655496,0.7088129263916016
1971,65.89928217645881,14.156314680551116,11.265116996059675,2.8911976844914413
1976,62.22978007498361,9.100914188686838,10.713302510502597,-1.612388321815759
1979,72.76355571988663,16.505369443050494,12.91761040384071,3.587759039209784
1985,65.84552679002365,11.030892931459894,11.255019013573206,-0.22412608211331175
1990,71.53761971249266,13.481512698267808,12.725607953320036,0.755904744947772
1995,60.640816397486695,5.957600746753496,10.485232780709511,-4.527632033956015
1996,60.50906111209476,5.1680864065476495,10.464488901058257,-5.296402494510607
1998,70.71562529702075,13.16576909259263,12.531493774625195,0.6342753179674343
2000,69.36659203691663,12.866385709605208,12.150081724568576,0.7163039850366317
