stratum,n_control,n_treated,treated_weight,mean_control,mean_treated,contrast,control_variance
1,129,71,0.11833333333333333,6.887895787125507,6.955027223870148,0.06713143674464028,13.150628944321621
2,142,58,0.09666666666666666,7.536906676305187,8.270071472084489,0.7331647957793015,11.797502328952454
3,133,67,0.11166666666666666,7.976315143605441,8.757929879482711,0.7816147358772705,12.896732091103214
4,139,61,0.10166666666666667,8.863989764624751,10.130782136731664,1.266792372106913,12.186258469935412
5,140,60,0.1,9.652702405980326,11.097343057270622,1.444640651290296,13.788732229568774
6,143,57,0.095,10.41187269570577,11.080866297377653,0.6689936016718843,12.180281597475046
7,153,47,0.07833333333333334,10.719071004184958,11.489159824685917,0.7700888205009591,14.424924531329863
8,135,65,0.10833333333333334,11.380172617416338,13.116765548993495,1.7365929315771567,14.57133874682158
9,140,60,0.1,12.260832342534544,13.47609614662806,1.2152638040935173,13.113478903497482
10,146,54,0.09,12.950436207329105,14.416976632370487,1.4665404250413818,14.796959677212143
