method,att,se,ci95_lower,ci95_upper
"Cubic spline, 5 control quantile knot locations",1.2184397057452099,0.20991030731544869,0.8070230634231959,1.629856348067224
Control polynomial degree 1,1.1686533997494697,0.2064466741510017,0.7640253536854302,1.5732814458135091
Control polynomial degree 2,1.2054006689743306,0.20804903590551363,0.7976320515812434,1.6131692863674179
Control polynomial degree 3,1.1920387238057504,0.20935251493180715,0.7817153344665244,1.6023621131449763
"Cubic spline, 4 control quantile knot locations",1.2096874846712236,0.21007922385166347,0.7979397720218353,1.6214351973206118
"Cubic spline, 6 control quantile knot locations",1.2097802675279499,0.2105235676197506,0.797161657096356,1.6223988779595437
"Cubic spline, 8 control quantile knot locations",1.2104773878439796,0.21063233897707706,0.7976455894694763,1.623309186218483
"Cubic spline, 10 control quantile knot locations",1.20133327190697,0.2107580639947905,0.7882550570257927,1.6144114867881474
"Cubic spline, 15 control quantile knot locations",1.2158595545429414,0.2163052946893204,0.7919089672865505,1.6398101417993323
Attendee-weighted 1-point starting-score strata,1.1599619945639925,0.21638125935850452,0.7358547262213236,1.5840692629066613
Attendee-weighted 2-point starting-score strata,1.2080047920732784,0.21253941591083286,0.7914275368880459,1.6245820472585109
Attendee-weighted 5-point starting-score strata,1.3135677633404792,0.2097524763691349,0.9024529096569748,1.7246826170239835
