width,lower,upper,attendees,nonattendees,attendee_weight,mean_y_attendees,mean_y_nonattendees,mean_gain_attendees,mean_gain_nonattendees
1,57.0,58.0,20,46,0.03333333333333333,57.61278778528227,57.43842824207014,11.206510649645319,9.498249888622105
1,58.0,59.0,27,34,0.045,58.41900272093532,58.53043825278576,11.033501029885212,10.71932280219009
1,59.0,60.0,25,39,0.041666666666666664,59.6067441466922,59.49142134572878,10.292086378194126,10.89177839523613
1,60.0,61.0,32,29,0.05333333333333334,60.43675407991793,60.4490074393598,11.90543196532343,9.603591347533442
1,61.0,62.0,29,45,0.04833333333333333,61.503551655786936,61.55446521631932,9.876673638980504,10.710159875269047
1,62.0,63.0,29,41,0.04833333333333333,62.47331602270803,62.52430388231879,11.002095984470914,10.08331547459325
1,63.0,64.0,27,35,0.045,63.496098986186375,63.4838353477915,11.56332438159976,11.139790069015607
1,64.0,65.0,34,34,0.056666666666666664,64.5127465833057,64.46900119368095,12.896521045094168,11.592218086519846
1,65.0,66.0,30,32,0.05,65.49489257037061,65.5019495453742,11.40107215500229,10.339599287555288
1,66.0,67.0,29,27,0.04833333333333333,66.5039621695066,66.37696416452215,12.364784698528867,10.425918934303544
1,67.0,68.0,46,32,0.07666666666666666,67.55791751091469,67.42280030521218,13.370265781011058,11.91180648276054
1,68.0,69.0,48,32,0.08,68.53977600742452,68.47754471195034,13.344754078869324,13.002063949555875
1,69.0,70.0,34,32,0.056666666666666664,69.51966902487868,69.47772135377905,13.538150545896034,12.665059210326739
1,70.0,71.0,33,33,0.055,70.46694500200421,70.5539806308066,14.325311618299354,12.62369090156994
1,71.0,72.0,38,33,0.06333333333333334,71.45271145805437,71.44224715073682,13.831220060906809,11.977994259389865
1,72.0,73.0,35,33,0.058333333333333334,72.40748923967983,72.49526643351999,14.710458250114243,12.237669105668855
1,73.0,74.0,44,16,0.07333333333333333,73.55696868398908,73.51690528561693,14.829804879121207,13.8115565323827
1,74.0,75.0,40,27,0.06666666666666667,74.49859494397158,74.55604952007778,14.918809660597734,12.989158532650672
2,56.0,58.0,20,128,0.03333333333333333,57.61278778528227,56.82442754679599,11.206510649645319,9.578795263061926
2,58.0,60.0,52,73,0.08666666666666667,58.990032252549206,59.043840179152575,10.677051678110654,10.81145661217359
2,60.0,62.0,61,74,0.10166666666666667,60.94392014057697,61.12124527670007,10.940940301980072,10.276504641426715
2,62.0,64.0,56,76,0.09333333333333334,62.96644352295652,62.966193372997,11.272688247372324,10.569849827287758
2,64.0,66.0,64,66,0.10666666666666667,64.97312751474237,64.96982463692618,12.1955293778636,10.984887759749151
2,66.0,68.0,75,59,0.125,67.1503881122369,66.94419732557438,12.981479762451277,11.231824045331066
2,68.0,70.0,82,64,0.13666666666666666,68.94607311222259,68.9776330328647,13.424942857880401,12.833561579941307
2,70.0,72.0,71,66,0.11833333333333333,70.99453831650995,70.99811389077172,14.060868249554048,12.300842580479902
2,72.0,74.0,79,49,0.13166666666666665,73.04770563904194,72.82886279338838,14.776929790320654,12.751591530718272
2,74.0,76.0,40,27,0.06666666666666667,74.49859494397158,74.55604952007778,14.918809660597734,12.989158532650672
5,55.0,60.0,72,265,0.12,58.60746434497506,57.10327433436824,10.82412361464806,9.991207171940367
5,60.0,65.0,151,184,0.25166666666666665,62.49757185227255,62.501896127221364,11.504302091436001,10.640789920006096
5,65.0,70.0,187,155,0.31166666666666665,67.6722132659419,67.48605510815615,12.922398188128914,11.708985399951908
5,70.0,75.0,190,142,0.31666666666666665,72.58591980902834,72.30636007541594,14.539218345145152,12.587259688017163
