h,kernel,p,n,n_below,n_above,fs_jump,fs_se,rf_jump,rf_se,late,late_se
2.0,tri,1,293,145,148,0.4481227171861558,0.09229192125435431,-0.5628614072470259,0.9337212727732304,-1.256043011569078,2.2069422607801537
2.0,uni,1,293,145,148,0.4624729972473893,0.08379688524543746,-0.3372904674777072,0.8663015427305991,-0.7293192672550148,1.931485093548349
3.0,tri,1,424,212,212,0.4564146691546434,0.07152064947417486,-0.3347622736824201,0.7480573300133233,-0.7334608116396524,1.6874317089913635
3.0,uni,1,424,212,212,0.4347865464971404,0.06495832643630181,-0.06546760304313004,0.6941627675537078,-0.1505741232577929,1.604478994177661
4.0,tri,1,574,303,271,0.4594909153917363,0.061858164740530505,-0.009582027590588921,0.6506847166597198,-0.020853573530172472,1.4171614935941756
4.0,uni,1,574,303,271,0.4698248604719549,0.0570342010283995,0.021599922239742178,0.5954719479402918,0.045974413142056095,1.2653764059226529
5.0,tri,1,698,357,341,0.47065463322070555,0.055526552009141854,0.08656948576649784,0.5896884358146884,0.18393420494801072,1.2450165701754585
5.0,uni,1,698,357,341,0.4785043379064277,0.051070326024446666,0.2009387891249579,0.5470835694348397,0.4199309665700292,1.1279371892491188
6.0,tri,1,832,423,409,0.47166998409236993,0.05099495500681369,0.26207909375962135,0.5456386475481858,0.555640813701421,1.136084605538885
6.0,uni,1,832,423,409,0.4656445364129004,0.047210335879492575,0.5790888539216779,0.5076261667096564,1.243628580682399,1.0499705400962422
8.0,tri,1,1108,565,543,0.46482896421401754,0.04506665877763737,0.3781534340079775,0.47938011690894344,0.8135324240118462,1.004850785645725
8.0,uni,1,1108,565,543,0.44729638008536954,0.0413604439191385,0.29485657021466033,0.442297923633544,0.6591973093062401,0.9679956182186911
10.0,tri,1,1355,704,651,0.46086540239162727,0.04097039366278491,0.40878965874092227,0.43461767709155863,0.887004441252271,0.9168490609638933
10.0,uni,1,1355,704,651,0.4546914111804736,0.03780078010772935,0.6735480915037052,0.4014560642239694,1.4813301393906375,0.8458100258509798
19.4,tri,1,2000,758,1242,0.4248508879035938,0.029917454359665162,0.6467966508931802,0.34975588606594166,1.5224086127836332,0.7942013117733339
19.4,uni,1,2000,758,1242,0.4073176091334352,0.027460723056375636,0.6640195296731078,0.33435262286336803,1.6302254427099088,0.7927974371801374
2.0,tri,2,293,145,148,0.4338450922478728,0.13850035089877394,-1.3092235529248961,1.362886388972941,-3.017721247326565,3.7317807442101874
2.0,uni,2,293,145,148,0.4258642680244917,0.12992135354429057,-0.8513337839663646,1.2842843227874952,-1.999073056576398,3.348181349928543
3.0,tri,2,424,212,212,0.45017300289133577,0.11191902967209652,-0.8219034849271634,1.1149122887643925,-1.8257502774448418,2.7135820733458256
3.0,uni,2,424,212,212,0.4938572204043038,0.10486612292836586,-0.8039473901697141,1.0629712879698463,-1.627894373016646,2.319923137780233
4.0,tri,2,574,303,271,0.44575516928489123,0.0958211602557292,-0.7046258533714904,0.9634836525917637,-1.5807463422173806,2.3292814360177916
4.0,uni,2,574,303,271,0.4408667546337456,0.08803378483840742,-0.054728264867854606,0.8977327601563937,-0.12413788132669516,2.04610682960572
5.0,tri,2,698,357,341,0.44143935004410817,0.08265303428267108,-0.39646252164049206,0.8542615373961586,-0.8981132325447568,2.0086448886850072
5.0,uni,2,698,357,341,0.4577940412341146,0.07698493178525885,-0.0977169868627943,0.8027386200378478,-0.21345185402579014,1.7672615499626496
6.0,tri,2,832,423,409,0.4582515563202604,0.07468398483397688,-0.35611733707574955,0.7777532601541577,-0.7771219369891311,1.7504769599450984
6.0,uni,2,832,423,409,0.48166877121276913,0.0698674965642184,-0.17226737433915895,0.7327590528938199,-0.3576469653727384,1.5416578656791433
8.0,tri,2,1108,565,543,0.4748556464209464,0.06410494394251165,0.05528581749826128,0.6773450607356488,0.11642657703438793,1.4205865614367066
8.0,uni,2,1108,565,543,0.4898953237746317,0.06010478259102879,0.48949078729910417,0.6433175543737154,0.9991742389525203,1.2723174890927154
10.0,tri,2,1355,704,651,0.47177116131663105,0.05801180132864492,0.16829916698716932,0.6149953057697348,0.356738988702851,1.2878614960361532
10.0,uni,2,1355,704,651,0.4702118910838586,0.05464738953859894,0.015999021101057925,0.5806170272009218,0.03402513080842805,1.2333454875953254
19.4,tri,2,2000,758,1242,0.4637621079038815,0.04294858014667251,0.17824827815834843,0.5071626920849407,0.3843528290057636,1.0823038820292525
19.4,uni,2,2000,758,1242,0.45123223110237326,0.04038663009002275,0.25606559176834776,0.491192161615425,0.5674807208293475,1.0733776576561735
