bin,n,p_treat,mean_z,mean_z_x1,mean_z_x0
"(45.0, 47.5]",185,0.0,6.402361571726448,,6.402361571726448
"(47.5, 50.0]",179,0.0,6.974184371875558,,6.974184371875558
"(50.0, 52.5]",174,0.0,7.858197747844018,,7.858197747844019
"(52.5, 55.0]",170,0.0,8.516387604145343,,8.516387604145345
"(55.0, 57.5]",195,0.3487179487179487,10.11632061967488,12.400829954653318,8.893118771025005
"(57.5, 60.0]",153,0.43137254901960786,10.417572260031253,12.451222039079646,8.874803462132473
"(60.0, 62.5]",162,0.43209876543209874,11.141926042782957,13.407667256496875,9.417992510609324
"(62.5, 65.0]",164,0.40853658536585363,11.605162773025066,14.091192948981927,9.88800790921981
"(65.0, 67.5]",130,0.5153846153846153,12.249630860294259,14.104413357739844,10.27708439475689
"(67.5, 70.0]",164,0.49390243902439024,12.586426757298009,14.532285313427716,10.68745635914733
"(70.0, 72.5]",161,0.5652173913043478,13.449475242944038,15.137406458908599,11.255164662190108
"(72.5, 75.0]",163,0.5521472392638037,14.332835458852749,15.857078394892484,12.453631839077733
