h,order,kernel,n,n_treated,jump_z,se_jump_z,jump_x,se_jump_x,effect,se,lo,hi
3,1,tri,424,100,-0.3347622736824201,0.7480573300133233,0.4564146691546434,0.07152064947417486,-0.7334608116396434,1.679453263780115,-4.025189208648668,2.5582675853693817
4,1,tri,574,123,-0.009582027590588921,0.6506847166597198,0.4594909153917363,0.061858164740530505,-0.020853573530274498,1.4122150160463594,-2.788795004981139,2.7470878579205897
5,1,tri,698,150,0.08656948576649784,0.5896884358146884,0.47065463322070555,0.055526552009141854,0.18393420494812981,1.2414440618924256,-2.2492961563610243,2.617164566257284
6,1,tri,832,180,0.26207909375962135,0.5456386475481858,0.47166998409236993,0.05099495500681369,0.5556408137014338,1.1333503425961964,-1.6657258577871112,2.7770074851899786
8,1,tri,1108,241,0.3781534340079775,0.47938011690894344,0.46482896421401754,0.04506665877763737,0.8135324240119693,1.003035335589036,-1.1524168337425413,2.77948168176648
10,1,tri,1355,284,0.40878965874092227,0.43461767709155863,0.46086540239162727,0.04097039366278491,0.8870044412524546,0.9154947780075464,-0.9073653236423364,2.6813742061472454
12,1,tri,1515,339,0.5264197418594416,0.404029130187517,0.45410723194043545,0.03795066018885505,1.1592410444774166,0.8577638504292004,-0.5219761023638163,2.8404581913186497
15,1,tri,1711,441,0.6207925771807878,0.37537924737231915,0.43936330396223855,0.03398010807338241,1.4129367919041576,0.8214088885550956,-0.19702462966382983,3.022898213472145
20,1,tri,2000,600,0.6446089861031661,0.347510380126282,0.42339983022689426,0.02954460990927724,1.5224592455730555,0.7913777497851789,-0.028641144005895347,3.073559635152006
3,1,unif,424,100,-0.06546760304313004,0.6941627675537078,0.4347865464971404,0.06495832643630181,-0.1505741232578141,1.5968927625812193,-3.2804839379170034,2.9793356914013756
4,1,unif,574,123,0.021599922239742178,0.5954719479402918,0.4698248604719549,0.0570342010283995,0.045974413142001104,1.2609597208731878,-2.4255066397694467,2.517455466053449
5,1,unif,698,150,0.2009387891249579,0.5470835694348397,0.4785043379064277,0.051070326024446666,0.4199309665698175,1.1247006339711847,-1.7844822760137045,2.6243442091533393
6,1,unif,832,180,0.5790888539216779,0.5076261667096564,0.4656445364129004,0.047210335879492575,1.2436285806826468,1.0474435315224848,-0.8093607411014234,3.296617902466717
8,1,unif,1108,241,0.29485657021466033,0.442297923633544,0.44729638008536954,0.0413604439191385,0.6591973093065042,0.9662467538847364,-1.234646328307579,2.5530409469205875
10,1,unif,1355,284,0.6735480915037052,0.4014560642239694,0.4546914111804736,0.03780078010772935,1.4813301393909157,0.8445606750569543,-0.1740087837207147,3.136669062502546
12,1,unif,1515,339,0.7710206834869909,0.3763122852988906,0.42993049027299785,0.03485839402430965,1.7933612547400182,0.8337696412242032,0.15917275794057995,3.4275497515394564
15,1,unif,1711,441,0.745320445582372,0.3541977167656916,0.41538570853621537,0.03102565112879209,1.794285239635799,0.8156165013157184,0.19567689705699087,3.392893582214607
20,1,unif,2000,600,0.6640195296731078,0.33435262286336803,0.4073176091334352,0.027460723056375636,1.6302254427101157,0.792004242947332,0.07789712653334502,3.182553758886886
3,2,tri,424,100,-0.8219034849271634,1.1149122887643925,0.45017300289133577,0.11191902967209652,-1.8257502774454928,2.6943137912179607,-7.106605308232695,3.4551047533417103
4,2,tri,574,123,-0.7046258533714904,0.9634836525917637,0.44575516928489123,0.0958211602557292,-1.5807463422171812,2.317075510418949,-6.122214342638321,2.9607216582039584
5,2,tri,698,150,-0.39646252164049206,0.8542615373961586,0.44143935004410817,0.08265303428267108,-0.8981132325446642,1.9999931116922076,-4.818099731461391,3.0218732663720624
6,2,tri,832,180,-0.35611733707574955,0.7777532601541577,0.4582515563202604,0.07468398483397688,-0.7771219369886346,1.7441537232902236,-4.195663234637473,2.641419360660204
8,2,tri,1108,241,0.05528581749826128,0.6773450607356488,0.4748556464209464,0.06410494394251165,0.11642657703443739,1.4167349866269747,-2.660373996754433,2.8932271508233076
10,2,tri,1355,284,0.16829916698716932,0.6149953057697348,0.47177116131663105,0.05801180132864492,0.35673898870370985,1.2850069786820708,-2.161874689513149,2.875352666920569
12,2,tri,1515,339,0.1244837645298951,0.5722502022056063,0.47517047207418195,0.05337743175326665,0.2619770626452661,1.1914146275921742,-2.073195607435395,2.5971497327259274
15,2,tri,1711,441,0.10625142341555606,0.5382277322466928,0.47546960265715754,0.04813702642428478,0.22346628011969538,1.122248387000268,-1.9761405584008298,2.423073118640221
20,2,tri,2000,600,0.18725795962488923,0.5045194342312767,0.46254525145304426,0.04248944582459686,0.4048424646814015,1.0774455644404384,-1.7069508416218577,2.516635770984661
3,2,unif,424,100,-0.8039473901697141,1.0629712879698463,0.4938572204043038,0.10486612292836586,-1.6278943730163284,2.3034501023879344,-6.14265657369668,2.886867827664023
4,2,unif,574,123,-0.054728264867854606,0.8977327601563937,0.4408667546337456,0.08803378483840742,-0.1241378813272627,2.035384798620884,-4.113492086624196,3.86521632396967
5,2,unif,698,150,-0.0977169868627943,0.8027386200378478,0.4577940412341146,0.07698493178525885,-0.2134518540243716,1.7596494763180306,-3.6623648276077114,3.235461119558968
6,2,unif,832,180,-0.17226737433915895,0.7327590528938199,0.48166877121276913,0.0698674965642184,-0.3576469653716354,1.5360889448941457,-3.368381297364161,2.6530873666208903
8,2,unif,1108,241,0.48949078729910417,0.6433175543737154,0.4898953237746317,0.06010478259102879,0.9991742389523574,1.2688679097965367,-1.4878068642488547,3.4861553421535696
10,2,unif,1355,284,0.015999021101057925,0.5806170272009218,0.4702118910838586,0.05464738953859894,0.03402513080725723,1.2306118038035918,-2.3779740046477826,2.446024266262297
12,2,unif,1515,339,0.03518627564283994,0.5469872946222671,0.4880134633446433,0.05028711664180692,0.07210103467548194,1.1159741306647095,-2.1152082614273486,2.2594103307783127
15,2,unif,1711,441,0.15974504247525706,0.5184162355376649,0.47277233011952297,0.04540857720253949,0.3378899996850179,1.0838425903834479,-1.78644147746654,2.462221476836576
20,2,unif,2000,600,0.25606559176834776,0.491192161615425,0.45123223110237326,0.04038663009002275,0.567480720832642,1.0717663818054044,-1.5331813875059506,2.6681428291712344
